А,Point_type,Category,Category_eng,Name_mon,Name_eng,Aimag_name_mon,Aimag_name_eng,Sum_name_mon,Sum_name_eng,Lat,Long,Phone,Photo_URL,Name_kr,Name_jp,Name_cn,Name_ru
1,1,Жуулчны бааз,Tourist_Camp,Майхан толгой гэр буудал,Maikhan Tolgoi Ger Camp,Архангай,Arkhangai,Тариат,Tariat,48.17979,99.76283,99093339,Tourism/2 хүний зуслан.jpg,마이칸 톨고이 게르 캠프,マイハン トルゴイ ゲル キャンプ,迈汗陶勒盖蒙古包营地,Лагерь Майхан Толгой Гер
2,1,Жуулчны бааз,Tourist_Camp,Уран террас лож,Uran Terrace Lodge,Архангай,Arkhangai,Тариат,Tariat,48.18543,99.79295,88001480,Tourism/2К ресорт.jpg,우란 테라스 로지,ウランテラスロッジ,乌兰露台旅馆,Уран Террас Лодж
3,1,Жуулчны бааз,Tourist_Camp,Далай ван цагааннуур жуулчны бааз,Dalaivan Tsagaannuur Tourist Camp,Архангай,Arkhangai,Тариат,Tariat,48.18568,99.79411,99333883,Tourism/333.jpg,달라이반 차가누르 투어리스트 캠프,ダライバン ツァガーヌール ツーリスト キャンプ,达莱万查干努尔旅游营地,Туристический лагерь Далайван Цагааннуур
4,1,Жуулчны бааз,Tourist_Camp,Сөртийн тулга эко гэр буудал,Surtiin Tulga Eco Ger Camp,Архангай,Arkhangai,Тариат,Tariat,48.18584,99.8016,99817553,Tourism/4 баян 7 түмэн.jpeg,수르티인 툴가 에코 게르 캠프,スルティン トゥルガ エコ ゲル キャンプ,苏尔廷图尔加生态蒙古包营地,Лагерь Surtiin Tulga Eco Ger
5,1,Жуулчны бааз,Tourist_Camp,Их хорго жуулчны бааз,Ikh Khorgo Tourist Camp,Архангай,Arkhangai,Тариат,Tariat,48.18171,99.81205,99089496,Tourism/60 амралт.jpeg,익 코르고 투어리스트 캠프,イク ホルゴ ツーリスト キャンプ,Ikh Khorgo 旅游营地,Туристическая база Их Хорго
6,1,Жуулчны бааз,Tourist_Camp,Хорго  жуулчны бааз,Khorgo Tourist Camp,Архангай,Arkhangai,Тариат,Tariat,48.20423,99.84627,88692847,Tourism/Big Sky.jpg,코르고 관광 캠프,ホルゴツーリストキャンプ,霍尔戈旅游营地,Туристический лагерь Хорго
7,1,Жуулчны бааз,Tourist_Camp,Тэрх энх буудал,Terkh Enkh Resort,Архангай,Arkhangai,Тариат,Tariat,48.18098,99.81028,99110625,Tourism/Camel oil.jpg,테르크 엔크 리조트,テルク エンク リゾート,特尔克恩赫度假村,Терх Энх Курорт
8,1,Жуулчны бааз,Tourist_Camp,Нуурын толь кэмп,Nuuryn Toli Camp,Архангай,Arkhangai,Тариат,Tariat,48.18097,99.81666,99775163,Tourism/GBS кофе шоп.jpg,누린 톨리 캠프,ヌーリン トリ キャンプ,努伦托利营地,Лагерь Нуурын Толи
9,1,Жуулчны бааз,Tourist_Camp,Цагааннуур кэмп,Tsagaannuur Camp,Архангай,Arkhangai,Тариат,Tariat,48.17742,99.81219,,Tourism/Gejuna.jpg,차가누르 캠프,ツァガーヌール キャンプ,察干努尔营地,Лагерь Цагааннуур
10,1,Жуулчны бааз,Tourist_Camp,Чандмань эко жуулчны бааз,Chandmani Eco Tourist Camp,Архангай,Arkhangai,Тариат,Tariat,48.17296,99.81434,88337690,Tourism/JB frame.jpg,찬드마니 에코 투어리스트 캠프,チャンドマニ エコ ツーリスト キャンプ,昌德玛尼生态旅游营地,Эко-туристический лагерь Чандмани
11,1,Жуулчны бааз,Tourist_Camp,Нуурын өглөө кэмп,Nuuryn Ugluu Camp,Архангай,Arkhangai,Тариат,Tariat,48.14068,99.80953,99050636,Tourism/SHD ресорт.jpg,누린 우글루 캠프,ヌーリン ウグルー キャンプ,努伦乌格鲁营地,Лагерь Нуурын Углуу
12,1,Жуулчны бааз,Tourist_Camp,Хорго уул буудал,Khorgo Mountain Resort,Архангай,Arkhangai,Тариат,Tariat,48.14299,99.77713,96963539,Tourism/UB M амралт.jpg,코르고 산악 리조트,ホルゴマウンテンリゾート,霍尔戈山度假村,Курорт Хорго Уул
13,1,Жуулчны бааз,Tourist_Camp,Хунт нуур гэр буудал,Khunt Nuur Ger Camp,Архангай,Arkhangai,Тариат,Tariat,48.14607,99.76977,,Tourism/Ёлын ам кофе.jpg,쿤트 누르 게르 캠프,クンヌールゲルキャンプ,昆特努尔格尔营地,Лагерь Хун Нуур Гер
14,1,Жуулчны бааз,Tourist_Camp,Эко гэр буудал,Eco Ger Camp,Архангай,Arkhangai,Тариат,Tariat,48.14554,99.76692,,Tourism/АРА цогцолбор.jpg,에코게르 캠프,エコゲルキャンプ,生态蒙古包营,Эко Гер Лагерь
15,1,Жуулчны бааз,Tourist_Camp,Тэр их нуур эко буудал,Ter Ikh Lake Eco Camp,Архангай,Arkhangai,Тариат,Tariat,48.14749,99.76486,88203439,Tourism/Аав мод.jpg,Ter Ikh 호수 에코 캠프,テル イフ湖エコ キャンプ,泰尔伊克湖生态营地,Эко-лагерь на озере Тер Их
16,1,Жуулчны бааз,Tourist_Camp,Бидний нуур кэмп,Bidnii Nuur Camp,Архангай,Arkhangai,Тариат,Tariat,48.14714,99.76211,95958131,Tourism/Аварга тосон жүрж.jpg,비드니 누르 캠프,ビドニー ヌール キャンプ,比德尼努尔营地,Лагерь Бидный Нуур
17,1,Жуулчны бааз,Tourist_Camp,Жаргалан эко кэмп,Jargalan Eco Camp,Архангай,Arkhangai,Тариат,Tariat,48.14833,99.75751,88029735,Tourism/Аварга тосон.jpg,자르갈란 에코캠프,ジャルガラン エコ キャンプ,贾尔格兰生态营,Эко Лагерь Жаргалан
18,1,Жуулчны бааз,Tourist_Camp,Гэр буудал,Ger Camp,Архангай,Arkhangai,Тариат,Tariat,48.13181,99.67897,,Tourism/Аваргууд.jpg,게르 캠프,ゲルキャンプ,蒙古包营地,Гер Кэмп
19,1,Жуулчны бааз,Tourist_Camp,Агуйт кэмп,Aguit Camp,Архангай,Arkhangai,Ихтамир,Ikhtamir,47.56233,101.29885,99332066,Tourism/Ага нутаг.jpg,아구이트 캠프,アグイットキャンプ,阿古伊特营地,Лагерь Агуит
20,10,Шатахуун түгээх станц,Gas_Station,Магнай трейд ШТС,Magnai Trade Gas Station,Архангай,Arkhangai,Ихтамир,Ikhtamir,47.58709,101.20385,,Tourism/Агаарлая.jpg,"""마그나이 트레이드"" 주유소",「マグナイトレード」ガソリンスタンド,“Magnai Trade”加油站,Автозаправочная станция «Магнай Трейд»
21,6,Замын гуанз,Roadside_Diner,Тэс зоог,Tes Zoog Restaurant,Архангай,Arkhangai,Ихтамир,Ikhtamir,47.58765,101.20513,,Tourism/Агата ресорт.jpg,테스 주그 레스토랑,テス・ズーグ・レストラン,Tes Zoog 餐厅,Ресторан Tes Zoog
22,1,Жуулчны бааз,Tourist_Camp,Тунгалаг тамир лож,Tungalag Tamir Lodge,Архангай,Arkhangai,Ихтамир,Ikhtamir,47.59815,101.24892,88084716,Tourism/Аглаг хийд.jpg,퉁갈라그 타미르 로지,トゥンガラグ タミール ロッジ,通加拉格塔米尔旅馆,Тунгалаг Тамир Лодж
23,1,Жуулчны бааз,Tourist_Camp,Тайхар жуулчны бааз,Taikhar Tourist Camp,Архангай,Arkhangai,Ихтамир,Ikhtamir,47.59971,101.25576,99004868,Tourism/Агуйт кэмп.jpg,타이카르 관광 캠프,タイカール ツーリスト キャンプ,泰哈尔旅游营地,Туристическая база Тайхар
24,1,Жуулчны бааз,Tourist_Camp,Жуулчны бааз,Tourist Camp,Архангай,Arkhangai,Ихтамир,Ikhtamir,47.60185,101.2583,,Tourism/Адвентуре.jpg,관광캠프,ツーリストキャンプ,旅游营地,Туристический лагерь
25,1,Жуулчны бааз,Tourist_Camp,Хавтгай мод жуулчны бааз,Khavtgai Mod Tourist Camp,Архангай,Arkhangai,Эрдэнэбулган,Erdenebulgan,47.47967,101.42244,98334044,Tourism/Адуучин.jpg,카브트가이 모드 투어리스트 캠프,カブトガイ モッド ツーリスト キャンプ,Khavtgai Mod 旅游营地,Туристический лагерь Хавтгай Мод
26,1,Жуулчны бааз,Tourist_Camp,Алтан нутаг жуулчны бааз,Altan Nutag Tourist Camp,Архангай,Arkhangai,Эрдэнэбулган,Erdenebulgan,47.31883,101.65051,88450478,Tourism/Азуре тур.jpg,알탄누타그 투어리스트 캠프,アルタン ヌタグ ツーリスト キャンプ,阿尔坦努塔格旅游营地,Туристический лагерь Алтан Нутаг
27,3,Рашаан сувилал,Spa_Resort,Цэнхэрийн халуун рашаан ,Tsenkher Hot Springs,Архангай,Arkhangai,Цэнхэр,Tsenkher,47.31933,101.65532,99698634,Tourism/Айлшинай.jpg,첸케르 온천,ツェンケル温泉,岑克温泉,Ценхерские горячие источники
28,3,Рашаан сувилал,Spa_Resort,Дуут ресорт монгол,Duut Resort Mongolia,Архангай,Arkhangai,Цэнхэр,Tsenkher,47.32006,101.65866,99052499,Tourism/Алагцар.jpg,두우트 리조트 몽골리아,ダウト リゾート モンゴリア,蒙古杜特度假村,Курорт Дуут Монголия
29,3,Рашаан сувилал,Spa_Resort,Хангай ресорт,Khangai Resort,Архангай,Arkhangai,Цэнхэр,Tsenkher,47.32212,101.65586,89639997,Tourism/Алтай лож.jpg,칸가이 리조트,ハンガイ リゾート,康艾度假村,Хангай Резорт
30,3,Рашаан сувилал,Spa_Resort,Гэр буудал,Ger Camp,Архангай,Arkhangai,Цэнхэр,Tsenkher,47.32403,101.65319,86001817,Tourism/Алтай нисэх буудал.jpg,게르 캠프,ゲルキャンプ,蒙古包营地,Гер Кэмп
31,3,Рашаан сувилал,Spa_Resort,Шивээт манхан халуун рашаан амралт,Shiveet Mankhan Hot Spring,Архангай,Arkhangai,Цэнхэр,Tsenkher,47.32105,101.65662,89100889,Tourism/Алтай явган аялал.jpg,쉬벳 만칸 온천,シベット マンカン温泉,什维特曼汗温泉,Горячий источник Шивит Манхан
32,3,Рашаан сувилал,Spa_Resort,Рашаан эрдэнэ гэр буудал,Rashaan Erdene Ger Camp,Архангай,Arkhangai,Цэнхэр,Tsenkher,47.32346,101.66326,88333150,Tourism/Алтайн оргилууд.jpg,라샨 에르덴 게르 캠프,ラシャーン エルデネ ゲル キャンプ,Rashaan Erdene Ger 营地,Лагерь Рашаан Эрдене Гер
33,3,Рашаан сувилал,Spa_Resort,Гэр буудал,Ger Camp,Архангай,Arkhangai,Цэнхэр,Tsenkher,47.31989,101.69431,,Tourism/Алтан нутаг.jpg,게르 캠프,ゲルキャンプ,蒙古包营地,Гер Кэмп
34,3,Рашаан сувилал,Spa_Resort,Булан өргөөт кэмп,Bulan Urguut Camp,Архангай,Arkhangai,Цэнхэр,Tsenkher,47.45241,101.75464,98110353,Tourism/Алтан ураг.jpg,불란 우르구트 캠프,ブラン ウルグート キャンプ,布兰乌尔古特营地,Лагерь Булан Ургуут
35,3,Рашаан сувилал,Spa_Resort,Янгирт хайрхан амралт,Yangirt Khairkhan Resort,Архангай,Arkhangai,Цэнхэр,Tsenkher,47.46235,101.62987,95653399,Tourism/Алтан хөндий.jpg,양기르트 카이르칸 리조트,ヤンギルト カイルカン リゾート,扬吉尔特凯尔汗度假村,Янгирт Хайрхан Резорт
36,2,Амралтын газар,Resort,Жавхлант амралт,Javkhlant Resort,Архангай,Arkhangai,Цэнхэр,Tsenkher,47.45059,101.75632,80673737,Tourism/Алтангадас ресорт.jpg,자브클란트 리조트,ヤブクラント リゾート,贾夫赫兰特度假村,Джавхлант Резорт
37,1,Жуулчны бааз,Tourist_Camp,Цэнхэр хангай кэмп,Tsenkher Khangai Camp,Архангай,Arkhangai,Цэнхэр,Tsenkher,47.45226,101.75654,89900419,Tourism/Алтаргана.jpg,첸케르 칸가이 캠프,ツェンケル ハンガイ キャンプ,岑克坎盖营地,Лагерь Ценхер Хангай
38,1,Жуулчны бааз,Tourist_Camp,Ханхрын хишиг,Khankharyn Khishig Camp,Архангай,Arkhangai,Цэнхэр,Tsenkher,47.45694,101.74763,95626622,Tourism/Алтаргана1.jpg,칸카린 키식 캠프,ハンカリン・キシグ・キャンプ,汗卡林希希格营地,Khankharyn Khishig Camp
39,1,Жуулчны бааз,Tourist_Camp,Ара цогцолбор,Ara Complex,Архангай,Arkhangai,Булган,Bulgan,47.48439,101.5543,80843325,Tourism/Алунгоо.jpg,아라콤플렉스,アラコンプレックス,阿糖胞苷复合物,Комплекс Ара
40,1,Жуулчны бааз,Tourist_Camp,Чингисийн хүрээ жуулчны бааз,Chinggisiin Khuree Tourist Camp,Архангай,Arkhangai,Булган,Bulgan,47.43965,101.48853,99671580,Tourism/Алунгоо1.jpg,칭기신 쿠리 투어리스트 캠프,チンギシン クレー ツーリスト キャンプ,成吉思汗库里旅游营,Туристический лагерь Чингисийн Хурээ
41,1,Жуулчны бааз,Tourist_Camp,Майдар сан кэмп,Maidar San Camp,Архангай,Arkhangai,Булган,Bulgan,47.44688,101.51619,88036424,Tourism/Альфа аврора.jpg,마이다르 산 캠프,マイダール サン キャンプ,迈达尔桑坎普,Лагерь Майдар Сан
42,1,Жуулчны бааз,Tourist_Camp,Булган кэмп,Bulgan Camp,Архангай,Arkhangai,Булган,Bulgan,47.35928,101.30356,96636668,Tourism/Амантай.jpg,불간캠프,ボルガンキャンプ,布尔干营地,Булганский лагерь
43,3,Рашаан сувилал,Spa_Resort,Цагаан толгойн рашаан,Tsagaan Tolgoi Spa,Архангай,Arkhangai,Цэцэрлэг,Tsetserleg,49.0349,100.94505,,Tourism/Амар тэрэлж.jpg,차가안 톨고이 봄,ツァガーン トルゴイ 春,查干陶勒盖 泉,Источник Цагаан Толгой
44,1,Жуулчны бааз,Tourist_Camp,Улаан хадны хөвөө жуулчны бааз,Ulaan Khadny Khuvuu Camp,Архангай,Arkhangai,Өндөр-Улаан,Undur-Ulaan,48.10212,100.30232,95340554,Tourism/Амгалан өртөө.jpg,울란 카드니 쿠부 캠프,ウラン・カドニー・フヴー・キャンプ,乌兰哈德尼库乌营地,Лагерь Улаан Хадны Хувуу
45,2,Амралтын газар,Resort,Дөрвөн бэрх амралт,Durvun Berkh Resort,Архангай,Arkhangai,Өндөр-Улаан,Undur-Ulaan,48.0988,100.30578,80948206,Tourism/Амралт ээжүүд.jpg,두르분 버크 리조트,ダーブン バーク リゾート,杜尔文伯克度假村,Курорт Дурвун Берх
46,1,Жуулчны бааз,Tourist_Camp,Батхүрээ кэмп,Batkhuree Camp,Архангай,Arkhangai,Тариат,Tariat,48.14645,100.2743,89112414,Tourism/Амрах газар.jpeg,바트후리 캠프,バトクリーキャンプ,巴特胡里营地,Лагерь Батхури
47,1,Жуулчны бааз,Tourist_Camp,Батцагаан кэмп,Battsagaan Camp,Архангай,Arkhangai,Өндөр-Улаан,Undur-Ulaan,48.09328,100.31304,98012424,Tourism/Аму говь.jpg,바차간 캠프,バツァガーンキャンプ,巴特萨甘营地,Лагерь Батцагаан
48,6,Замын гуанз,Roadside_Diner,Талын хүлэг,Talyn Khuleg,Архангай,Arkhangai,Өндөр-Улаан,Undur-Ulaan,48.09469,100.32097,,Tourism/Амур лож.jpg,탈린 쿨렉,タリン・フーレグ,塔林·胡勒格,Талин Хулег
49,1,Жуулчны бааз,Tourist_Camp,Жуулчны бааз,Tourist Camp,Архангай,Arkhangai,Тариат,Tariat,48.1427,100.27797,,Tourism/Амьдрал аялал.jpg,관광캠프,ツーリストキャンプ,旅游营地,Туристический лагерь
50,1,Жуулчны бааз,Tourist_Camp,Өгий жуулчны бааз,Ugii Tour Camp,Архангай,Arkhangai,Өгий нуур,Ugiinuur,47.7881,102.77065,99268231,Tourism/Анар.jpg,우기이 투어 캠프,うぎいツアーキャンプ,乌吉旅游营,Угии Тур Лагерь
51,1,Жуулчны бааз,Tourist_Camp,Магнай тур,Magnai Tour,Архангай,Arkhangai,Өгий нуур,Ugiinuur,47.78995,102.77573,99859060,Tourism/Анжа.jpg,마그나이 투어,マグナイツアー,麦格奈之旅,Магнай Тур
52,1,Жуулчны бааз,Tourist_Camp,Өсөх өгий кэмп,Usukh Ugii Camp,Архангай,Arkhangai,Өгий нуур,Ugiinuur,47.79567,102.77898,88305564,Tourism/Ану.jpg,우수크 우기 캠프,ウスク ウギー キャンプ,乌苏赫乌吉营地,Лагерь Усух Угий
53,1,Жуулчны бааз,Tourist_Camp,Янжкагийн өгий нуур кэмп,Yanjka'S Ugiinuur Camp,Архангай,Arkhangai,Өгий нуур,Ugiinuur,47.79568,102.78241,88022431,Tourism/Анчин бүргэд.jpg,Yanjka'S Ugiinuur 캠프,ヤンスカのウギヌールキャンプ,扬卡的乌吉努尔营地,Лагерь Яньки Угиинуур
54,1,Жуулчны бааз,Tourist_Camp,Өгий кэмп,Ugii Camp,Архангай,Arkhangai,Өгий нуур,Ugiinuur,47.78856,102.81891,99105852,Tourism/Апаче.jpg,우기이 캠프,うぎいキャンプ,乌吉营地,Лагерь Угии
55,1,Жуулчны бааз,Tourist_Camp,Өгий нуур усан парк,Ugiinuur Water Park,Архангай,Arkhangai,Өгий нуур,Ugiinuur,47.77872,102.81499,95592226,Tourism/Ар булаг.jpg,우기누르 워터파크,ウギヌール ウォーター パーク,乌吉努尔水上公园,Аквапарк Угийнуур
56,1,Жуулчны бааз,Tourist_Camp,Өгий далай кэмп,Ugii Dalai Camp,Архангай,Arkhangai,Өгий нуур,Ugiinuur,47.75933,102.81393,99335428,Tourism/Ар гурван сайхан.jpg,우기 달라이 캠프,ウギイ ダライ キャンプ,乌吉达赖营,Лагерь Угии Далай
57,1,Жуулчны бааз,Tourist_Camp,Өгий хишиг ресорт,Ugii Khishig Resort,Архангай,Arkhangai,Өгий нуур,Ugiinuur,47.75437,102.80768,86929999,Tourism/Ар гүнт.jpg,우기 키시그 리조트,ウギー キシグ リゾート,乌吉希希格度假村,Курорт Угий Хишиг
58,1,Жуулчны бааз,Tourist_Camp,Мэндээ ахын кэмп,Mendee Akhiin Camp,Архангай,Arkhangai,Өгий нуур,Ugiinuur,47.75304,102.81084,,Tourism/Ар давхар.jpg,멘디 아키인 캠프,メンディー・アキイン・キャンプ,门迪·阿金营地,Лагерь Менди Ахийн
59,1,Жуулчны бааз,Tourist_Camp,Хатан өгий жуулчны бааз,Khatan Ugii Tourist Camp,Архангай,Arkhangai,Өгийнуур,Ugiinuur,47.7521,102.79187,99184647,Tourism/Ар жанчивлан.jpg,카탄 우기 투어리스트 캠프,ハタン ウギ ツーリスト キャンプ,Khatan Ugii 旅游营地,Туристический лагерь Хатан Угий
60,3,Рашаан сувилал,Spa_Resort,Хашаатын рашаан,Khashaat Spring,Архангай,Arkhangai,Хашаат,Khashaatr,47.45526,103.23914,,Tourism/Ар номад.jpg,카샤트 봄,カシャート 春,卡莎特 春天,Хашаат Весна
61,1,Жуулчны бааз,Tourist_Camp,Цайдам жуулчны бааз,Tsaidam Tourist Camp,Архангай,Arkhangai,Хашаат,Khashaatr,47.53799,102.84141,99236888,Tourism/Ар царам.jpg,차이담 투어리스트 캠프,ツァイダム ツーリスト キャンプ,柴达木旅游营地,Туристический лагерь Цайдам
62,1,Жуулчны бааз,Tourist_Camp,Цирка жуулчны бааз,Tsirka Tourist Camp,Архангай,Ulaanbaatar,Өгийнуур,Ugiinuur,47.78992,102.74241,80030909,Tourism/Ар үр сувилал.jpg,트시르카 투어리스트 캠프,ツィルカ ツーリスト キャンプ,茨尔卡旅游营地,Туристическая база Цирка
63,1,Жуулчны бааз,Tourist_Camp,Элст булаг гэр кэмп,Elst Bulag Ger Camp,Архангай,Arkhangai,Тариат,Tariat,48.13761,99.68952,99221921,Tourism/Аравт байшин.png,엘스트 불라그 게르 캠프,エルスト ブラッグ ゲル キャンプ,埃尔斯特·布拉格格尔营地,Лагерь Эльст Булаг Гер
64,1,Жуулчны бааз,Tourist_Camp,Дэл хад ,Del Khad,Архангай,Arkhangai,Тариат,Tariat,48.13873,99.79008,,Tourism/Арвай зоогийн газар.jpg,델 카드,デル・カド,德尔卡德,Дель Хад
65,1,Жуулчны бааз,Tourist_Camp,Бадмаараг кэмп,Badmaarag Tourist Camp,Архангай,Arkhangai,Тариат,Tariat,48.11758,99.93863,88223935,Tourism/Арван гэр.jpg,바드마라그 투어리스트 캠프,バドマーラグ ツーリスト キャンプ,巴德马拉格旅游营地,Туристический лагерь Бадмаараг
66,1,Жуулчны бааз,Tourist_Camp,Мөнх хөх хангай кэмп,Munkh Khukh Khangai Camp,Архангай,Arkhangai,Тариат,Tariat,48.18571,99.79525,,Tourism/Арван шовгор.jpg,뭉크 쿠크 칸가이 캠프,ムンク クク ハンガイ キャンプ,蒙克库克坎盖营地,Лагерь Мунх Хух Хангай
67,1,Жуулчны бааз,Tourist_Camp,Ар номад,Ar Nomad,Архангай,Arkhangai,Цэнхэр,Tsenkher,47.45508,101.74564,85555389,Tourism/Арга билиг.jpg,아르 노마드,アル・ノマド,游牧民族,Ар Кочевник
68,2,Амралтын газар,Resort,Эко гэр амралт,Eco Ger Resort,Архангай,Arkhangai,Цэнхэр,Tsenkher,47.32722,101.65191,88010550,Tourism/Арга билэг амралт.jpg,에코게르 리조트,エコ ジェル リゾート,生态格尔度假村,Эко Гер Резорт
69,1,Жуулчны бааз,Tourist_Camp,Гэр цогцолбор,Ger Complex,Архангай,Arkhangai,Хархорин,Kharkhorin,47.1302,102.95738,85229006,Tourism/Аргамаг кэмп.jpg,게르 콤플렉스,ゲルコンプレックス,蒙古包综合体,Гер Комплекс
70,3,Рашаан сувилал,Spa_Resort,Могойтын рашаан сувилал,Mogoit Mineral Water Spa,Архангай,Arkhangai,Бат-Өлзий,Bat-Ulzii,46.74976,102.23091,88111403,Tourism/Ариун кэмп.jpg,모고이트 미네랄 워터 스파,モゴイト ミネラル ウォーター スパ,莫戈伊特矿泉水疗中心,Спа с минеральной водой Могоит
71,1,Жуулчны бааз,Tourist_Camp,Жуулны бааз,Tourist Camp,Архангай,Arkhangai,Өгийнуур,Ugiinuur,47.79589,102.78944,,Tourism/Арслан Од.jpg,관광캠프,ツーリストキャンプ,旅游营地,Туристический лагерь
72,1,Жуулчны бааз,Tourist_Camp,Жуулны бааз,Tourist Camp,Архангай,Arkhangai,Өгийнуур,Ugiinuur,47.79448,102.78998,,Tourism/Арт 88.jpg,관광캠프,ツーリストキャンプ,旅游营地,Туристический лагерь
73,1,Жуулчны бааз,Tourist_Camp,Жуулны бааз,Tourist Camp,Архангай,Arkhangai,Өгийнуур,Ugiinuur,47.7851,102.81828,,Tourism/Арт кэмп.png,관광캠프,ツーリストキャンプ,旅游营地,Туристический лагерь
74,1,Жуулчны бааз,Tourist_Camp,Жуулны бааз,Tourist Camp,Архангай,Arkhangai,Өгийнуур,Ugiinuur,47.7832,102.81857,,Tourism/Арт манд.jpg,관광캠프,ツーリストキャンプ,旅游营地,Туристический лагерь
75,1,Жуулчны бааз,Tourist_Camp,Жуулны бааз,Tourist Camp,Архангай,Arkhangai,Өгийнуур,Ugiinuur,47.78033,102.81704,,Tourism/Арцат мод амралт.jpg,관광캠프,ツーリストキャンプ,旅游营地,Туристический лагерь
76,1,Жуулчны бааз,Tourist_Camp,Жуулны бааз,Tourist Camp,Архангай,Arkhangai,Өгийнуур,Ugiinuur,47.77441,102.81337,,Tourism/Арьяабал бурханы сүм.jpg,관광캠프,ツーリストキャンプ,旅游营地,Туристический лагерь
77,1,Жуулчны бааз,Tourist_Camp,Жуулны бааз,Tourist Camp,Архангай,Arkhangai,Өгийнуур,Ugiinuur,47.74996,102.79076,,Tourism/Атмосфер.jpg,관광캠프,ツーリストキャンプ,旅游营地,Туристический лагерь
78,1,Жуулчны бааз,Tourist_Camp,Өгий нуур,Ugii nuur,Архангай,Arkhangai,Өгийнуур,Ugiinuur,47.75317,102.80414,,Tourism/Ахмад тур.jpg,우기누르,ウギイヌール,乌吉努尔,Угий нуур
79,1,Жуулчны бааз,Tourist_Camp,Эрдэнэ-Очир,Erdene-Ochir,Архангай,Arkhangai,Өгийнуур,Ugiinuur,47.74994,102.80196,,Tourism/Ашихай.jpg,에르덴-오키르,エルデネ・オチル,额尔德尼-奥其尔,Эрдэнэ-Очир
80,1,Жуулчны бааз,Tourist_Camp,Тэрх өргөө ,terkh urguu,Архангай,Arkhangai,Тариат,Tariat,48.18563,99.79993,,Tourism/Аянчин 4 улирал.jpg,테르크 우르구,テルク・ウルグー,泰尔赫乌尔古,Терх ургуу
81,6,Замын гуанз,Roadside_Diner,"Хүрэмт зоогийн газар, буудал",Khuremt restaurant and hotel,Архангай,Arkhangai,Цахир,Tsakhir,48.10209,99.14614,,Tourism/БЛ гэст хаус.jpg,후렘트 레스토랑 및 호텔,クレムトレストラン＆ホテル,库雷姆特餐厅和酒店,Ресторан и отель «Хуремт»
82,1,Жуулчны бааз,Tourist_Camp,Өлзийт мөрөн кемп,Ulziit River Camp,Архангай,Arkhangai,Цахир,Tsakhir,48.10245,99.14282,,Tourism/Баавгайн хөндий.jpg,울지트 강 캠프,ウルジート川キャンプ,乌尔齐特河营地,Лагерь Рекa Ульзит
83,6,Замын гуанз,Roadside_Diner,Хөх нуур зоогийн газар,Khokh Nuur Restaurant,Архангай,Arkhangai,Цахир,Tsakhir,48.10202,99.14126,,Tourism/Баатар ресорт.jpg,코크 누르 레스토랑,コク・ヌール・レストラン,霍克努尔餐厅,Ресторан Хох Нуур
84,2,Амралтын газар,Resort, Улаан чулуут амралт,Redstone resort,Архангай,Arkhangai,Чулуут,Chuluut,47.77243,100.33088,98118045,Tourism/Баатарван.jpg,레드 락 리조트,レッドロックリゾート,红岩度假村,Курорт Ред Рок
85,1,Жуулчны бааз,Tourist_Camp,Тарлан мод Богоч кэмп,Tarlan Mod Bogoch Camp,Архангай,Arkhangai,Чулуут,Chuluut,47.62518,100.36563,99709190,Tourism/Бага Шаргалжуут.jpg,타를란 모드 보고치 캠프,タルラン・モッド・ボゴチ・キャンプ,塔兰·莫德·博戈赫营地,Лагерь Тарлан Мод Богоч
86,1,Жуулчны бааз,Tourist_Camp,Тау ресорт,Tau Resort,Баян-Өлгий,Bayan-Olgii,Толбо,Tolbo,48.60046,90.01769,95005877,Tourism/Бага баян.jpg,타우 리조트,タウ リゾート,陶度假村,Тау Резорт
87,1,Жуулчны бааз,Tourist_Camp,Шунхар ресорт,Shunkhar Resort,Баян-Өлгий,Bayan-Olgii,Толбо,Tolbo,48.60201,90.02362,80436060,Tourism/Бага булаг амралт.jpg,슌카르 리조트,シュンカール リゾート,顺卡度假村,Курорт Шунхар
88,1,Жуулчны бааз,Tourist_Camp,Толбо нуур жуулчны бааз,Tolbo Lake Resort,Баян-Өлгий,Bayan-Olgii,Толбо,Tolbo,48.59974,90.02913,93399331,Tourism/Багануур өртөө.jpg,톨보 레이크 리조트,トルボ レイク リゾート,托尔博湖度假村,Толбо Лейк Резорт
89,1,Жуулчны бааз,Tourist_Camp,Загаст нуур гэр буудал,Zagast Nuur Camp,Баян-Өлгий,Bayan-Olgii,Цэнгэл,Tsengel,49.08089,88.52213,80050908,Tourism/Бадмаараг.jpg,자가스트 누르 캠프,ザガスト ヌール キャンプ,扎加斯特努尔营地,Лагерь Загаст Нуур
90,1,Жуулчны бааз,Tourist_Camp,Баавгайн хөндий гэр буудал,Bear Valley Ger Camp,Баян-Өлгий,Bayan-Olgii,Өлгий,Ulgii,48.96908,89.89843,99662324,Tourism/Бадрах тэрэлж.jpg,베어 밸리 게르 캠프,ベア バレー ゲル キャンプ,熊谷蒙古包营地,Лагерь Медвежьей долины
91,1,Жуулчны бааз,Tourist_Camp,Алтай лож,Altai Lodge,Баян-Өлгий,Bayan-Olgii,Өлгий,Ulgii,48.9708,89.89241,99157261,Tourism/Бажа ресорт.jpg,알타이 로지,アルタイ ロッジ,阿尔泰旅馆,Алтай Лодж
92,1,Жуулчны бааз,Tourist_Camp,Алтайн оргилууд гэр буудал,Altai Peaks Ger Camp,Баян-Өлгий,Bayan-Olgii,Өлгий,Ulgii,48.97681,89.89319,99427003,Tourism/Байгалийн нууц.jpg,알타이 픽스 게르 캠프,アルタイ山脈ゲルキャンプ,阿尔泰峰蒙古包营地,Гер Лагерь Altai Peaks
93,1,Жуулчны бааз,Tourist_Camp,Анчин бүргэд гэр буудал,Eagle Hunter Ger Camp,Баян-Өлгий,Bayan-Olgii,Сагсай,Sagsai,48.89097,89.62215,88875026,Tourism/Байгалийн хаалга.jpg,독수리 사냥꾼 게르 캠프,イーグルハンターゲルキャンプ,猎鹰者蒙古包营地,Лагерь Игл Хантер Гер
94,1,Жуулчны бааз,Tourist_Camp,Алтан бүргэд гэр буудал,Golden Eagle Ger Camp,Баян-Өлгий,Bayan-Olgii,Сагсай,Sagsai,48.89517,89.61895,88875026,Tourism/Байгаль амралт.jpg,골든 이글 게르 캠프,ゴールデン イーグル ゲル キャンプ,金鹰蒙古包营地,Лагерь Golden Eagle Ger
95,1,Жуулчны бааз,Tourist_Camp,Голын эрэг кэмп,Riverside Camp,Баян-Өлгий,Bayan-Olgii,Өлгий,Ulgii,48.9702,89.89401,99096432,Tourism/Байгаль зоогийн гаар.jpeg,리버사이드 캠프,リバーサイド キャンプ,河滨营地,Лагерь Риверсайд
96,1,Жуулчны бааз,Tourist_Camp,Алтай явган аялал отог,Altai Trekking Campground,Баян-Өлгий,Bayan-Olgii,Сагсай,Sagsai,48.96708,89.87615,99958207,Tourism/Байгаль кемп.jpg,알타이 트레킹 캠프장,アルタイ トレッキング キャンプ場,阿尔泰徒步露营地,Алтайский треккинг-лагерь
97,1,Жуулчны бааз,Tourist_Camp,Бүргэд гэр буудал,Eagle Ger Camp,Баян-Өлгий,Bayan-Olgii,Өлгий,Ulgii,48.97585,89.91928,99422026,Tourism/Байтаг богд.jpg,이글 게르 캠프,イーグルゲルキャンプ,伊格尔格营地,Лагерь Игл Гер
98,7,Нисэх буудал,Airport,Өлгий нисэх буудал,Olgii Airport,Баян-Өлгий,Bayan-Olgii,Өлгий,Olgii,48.99272,89.91958,70422056,Tourism/Бамбарууш.jpg,올기 공항,オルギ空港,乌列盖机场,Аэропорт Ольгий
99,8,Хилийн боомт,Border_Crossing,Цагааннуурын хилийн боомт,Tsagaannuur Border Station,Баян-Өлгий,Bayan-Olgii,Ногооннуур,Nogoonnuur,49.60803,89.46767,,Tourism/Барбарис.jpg,차강누르 국경 검문소,ツァガーヌール国境駅,察干努尔边境站,Пограничная станция Цагааннуур
100,6,Замын гуанз,Roadside_Diner,Толбо замын гуанз,Tolbo Road Canteen,Баян-Өлгий,Bayan-Olgii,Толбо,Tolbo,48.38799,90.82388,,Tourism/Баруун эрэг.jpg,톨보 로드 구내식당,トルボロード・キャンティーン,托尔博路食堂,Столовая на дороге Толбо
101,1,Жуулчны бааз,Tourist_Camp,Өгөөж булган жуулчны бааз,Uguuj Bulgan Tourist Camp,Баянхонгор,Bayankhongor,Өлзийт,Ulziit,46.0876,100.70321,89051055,Tourism/Бат хүрээ.jpg,우구즈 불간 투어리스트 캠프,ウグジ ボルガン ツーリスト キャンプ,乌古吉布尔干旅游营地,Туристический лагерь Угуудж Булган
102,3,Рашаан сувилал,Spa_Resort,Шаргалжуут халуун рашаан,Shargaljuut Hot Spring,Баянхонгор,Bayankhongor,Эрдэнэцогт,Erdenetsogt,46.33226,101.22726,77437777,Tourism/Бат цагаан.jpg,샤르갈유트 온천,シャルガルジュト温泉,沙加尔尤特温泉,Горячий источник Шаргалджут
103,3,Рашаан сувилал,Spa_Resort,Бага шаргалжуут рашаан сувилал,Baga Shargaljuut Spring,Баянхонгор,Bayankhongor,Өлзийт,Ulziit,46.23578,101.15415,,Tourism/Бат-Олзий өргөө.png,바가샤르갈유트 봄,バガ シャルガルジュート 春,Baga Shargaljuut 春天,Бага Шаргалджут Источник
104,1,Жуулчны бааз,Tourist_Camp,Алтаргана жуулчны бааз,Altargana Tourist Camp,Булган,Bulgan,Тэшиг,Teshig,49.91689,102.72778,99961185,Tourism/Батсүндэр.jpg,알타르가나 투어리스트 캠프,アルタルガナ ツーリスト キャンプ,阿尔塔加纳旅游营地,Туристический лагерь Алтаргана
105,2,Амралтын газар,Resort,Виста харгал жуулчны бааз,Vista Khargal Resort,Булган,Bulgan,Тэшиг,Teshig,49.91287,102.77571,85016268,Tourism/Батхаан.jpg,비스타 카르갈 리조트,ビスタ カールガル リゾート,维斯塔卡加尔度假村,Виста Харгал Резорт
106,1,Жуулчны бааз,Tourist_Camp,Хуучин гүүр жуулчны бааз,Old Bridge Tourist Camp,Булган,Bulgan,Хутаг-Өндөр,Khutag-Undur,49.62934,102.88031,89035496,Tourism/Баялаг ресорт.jpg,올드 브리지 투어리스트 캠프,オールド ブリッジ ツーリスト キャンプ,老桥旅游营地,Туристический лагерь «Старый мост»
107,1,Жуулчны бааз,Tourist_Camp,Хутаг өндөр жуулчны бааз,Khutag Undur Tourist Camp,Булган,Bulgan,Хутаг-Өндөр,Khutag-Undur,49.36834,102.72871,99098413,Tourism/Баян Монгол.jpg,쿠타그 운두르 투어리스트 캠프,クタグ ウンドゥル ツーリスト キャンプ,Khutag Undur 旅游营地,Туристический лагерь Хутаг Ундур
108,1,Жуулчны бааз,Tourist_Camp,Энэко жуулчны бааз,Eneco Tourist Camp,Булган,Bulgan,Хутаг-Өндөр,Khutag-Undur,49.36102,102.74012,88805088,Tourism/Баян байгаль.jpg,에네코 관광캠프,エネコ ツーリスト キャンプ,埃内科旅游营地,Туристический лагерь Энеко
109,2,Амралтын газар,Resort,Долоон нуга амралт,Seven Nuga Resort,Булган,Bulgan,Сэлэнгэ,Selenge,49.47644,104.29088,80098005,Tourism/Баян буурал.jpg,세븐 누가 리조트,セブン ヌガ リゾート,七努加度假村,Севен Нуга Резорт
110,2,Амралтын газар,Resort,Сэлэнгэ амралт,Seleng Resort,Булган,Bulgan,Хангал,Hangal,49.44701,104.30997,75773993,Tourism/Баян гүрэм.jpg,셀렝 리조트,セレン リゾート,色楞度假村,Селенг Резорт
111,4,Саам сувилал,Mare_Milk_Wellness,Хангал саам сувилал,Khangal Mare'S Milk Resort,Булган,Bulgan,Хангал,Hangal,49.42882,104.40782,99362322,Tourism/Баян далай.jpg,칸갈 마레스 밀크 리조트,カンガル マレズ ミルク リゾート,坎加尔马雷牛奶度假村,Хангал Маре'С Милк Резорт
112,1,Жуулчны бааз,Tourist_Camp,Маунт 24 лож,Mount 24 Lodge,Булган,Bulgan,Хангал,Hangal,49.42842,104.41029,89223311,Tourism/Баян-Улаан.jpg,마운트 24 로지,マウント 24 ロッジ,24 号山旅馆,Маунт 24 Лодж
113,4,Саам сувилал,Mare_Milk_Wellness,Энержи галтай саам сувилал,Energy Galtai Mare'S Milk Resort,Булган,Bulgan,Хангал,Hangal,49.41666,104.45606,99352128,Tourism/Баян-Уул.jpeg,에너지 갈타이 마레스 밀크 리조트,エナジー ガルタイ マレズ ミルク リゾート,加尔泰马雷牛奶能量度假村,Energy Galtai Mare'S Milk Resort
114,1,Жуулчны бааз,Tourist_Camp,Оломгүй булаг кэмп,Olomgui Bulag Camp,Булган,Bulgan,Баян-Агт,Bayan-Agt,48.94433,102.12719,99957495,Tourism/Баян-Уул1.jpeg,올롬기 불라그 캠프,オロムギ ブラグ キャンプ,奥洛姆吉·布拉格营地,Лагерь Оломги Булаг
115,1,Жуулчны бааз,Tourist_Camp,Шарга тур,Sharga Tour,Булган,Bulgan,Баян-Агт,Bayan-Agt,48.94992,102.12969,99909899,Tourism/Баянбогд.jpg,샤가 투어,シャルガツアー,夏尔加之旅,Шарга Тур
116,2,Амралтын газар,Resort,Агт нутаг амралт,Agt Nutag Resort,Булган,Bulgan,Баян-Агт,Bayan-Agt,48.94646,102.12578,96790507,Tourism/Баянбулаг жуулчин.jpg,Agt 누타그 리조트,アグト ヌタグ リゾート,阿格特努塔格度假村,Агт Нутаг Резорт
117,2,Амралтын газар,Resort,Нандин гэр бүлийн амралт,Nandin Family Camp,Булган,Bulgan,Баян-Агт,Bayan-Agt,48.94771,102.1305,99069661,Tourism/Баянбулаг зоог.jpg,난딘 가족 캠프,ナンディン ファミリー キャンプ,南丁家庭营,Семейный лагерь Нандин
118,1,Жуулчны бааз,Tourist_Camp,Хан хүннү кэмп,Khan Khunnu Camp,Булган,Bulgan,Бугат,Bugat,48.96496,103.06622,94800950,Tourism/Баянбулаг.jpg,칸 쿤누 캠프,カーン クンヌ キャンプ,汗昆努营地,Лагерь Хан Хунну
119,1,Амралтын газар,Resort,Цачиртын гүүр урд амралт,Tsachirtyn Guur Urd Resort,Булган,Bulgan,Бугат,Bugat,48.99099,103.25517,,Tourism/Баянбулаг1.jpg,차치르틴 구르 우르드 리조트,ツァチルティン グル ウルド リゾート,查奇廷古尔乌尔德度假村,Курорт Цахиртын Гур Урд
120,6,Замын гуанз,Roadside_Diner,Гэр бүлийн замын зогсоол,Family Roadside Station,Булган,Bulgan,Бугат,Bugat,48.88196,103.4125,88220550,Tourism/Баянбуурал.jpg,패밀리 휴게소,ファミリー道の駅,家庭路边站,Семейная придорожная станция
121,6,Замын гуанз,Roadside_Diner,Gbs кофе шоп,Gbs Coffee Shop,Булган,Bulgan,Бугат,Bugat,48.85701,103.46178,98982048,Tourism/Баянгол Эко.jpg,Gbs 커피숍,GBSコーヒーショップ,吉布斯咖啡厅,Кофейня Гбс
122,2,Амралтын газар,Resort,Бугат лож,Bugat lodge,Булган,Bulgan,Бугат,Bugat,49.0192,103.60484,9972 2556,Tourism/Баянгол хүүхдийн зуслан.jpg,부가트 롯지,ブガットロッジ,布加特旅馆,Лодж Бугат
123,2,Амралтын газар,Resort,Скай Амралтын Газар,Sky Lodge,Булган,Bulgan,Бугат,Bugat,49.01152,103.69722,99352087,Tourism/Баянгол шовгор.jpg,스카이 로지,スカイロッジ,天空旅馆,Скай Лодж
124,7,Нисэх буудал,Airport,Булган-дархан нисэх буудал,Bulgan-Darkhan Airport,Булган,Bulgan,Булган,Bulgan,48.85454,103.4841,,Tourism/Баянгол.jpg,불간-다르칸 공항,ボルガン・ダルハン空港,布尔干-达尔汗机场,Аэропорт Булган-Дархан
125,2,Амралтын газар,Resort,Бага булаг амралт,Baga Bulag Resort,Булган,Bulgan,Хутаг-Өндөр,Khutag-Undur,49.31034,102.96752,85219960,Tourism/Баянсант хайрхан.jpg,바가 불라그 리조트,バガ ブラグ リゾート,巴加布拉格度假村,Бага Булаг Резорт
126,2,Амралтын газар,Resort,Есөн төгөл амралт,Nine Tugul Resort,Булган,Bulgan,Бугат,Bugat,49.03206,103.7326,95256474,Tourism/Баянтүмэн амралт.jpg,나인 투굴 리조트,ナイン トゥグル リゾート,九图古尔度假村,Курорт Девять Тугул
127,1,Жуулчны бааз,Tourist_Camp,Наран жуулчны бааз,Naran Tourist Camp,Булган,Bulgan,Орхон,Orkhon,48.94634,103.95882,80948035,Tourism/Баянтүмэн өртөө.jpg,나란관광캠프,ナラン ツーリスト キャンプ,纳兰旅游营地,Туристический лагерь Наран
128,2,Амралтын газар,Resort,Тайхар амралт,Taikhar Resort,Булган,Bulgan,Орхон,Orkhon,48.93529,104.02692,88111329,Tourism/Баянхад.jpg,타이카르 리조트,タイハル リゾート,泰哈尔度假村,Тайхар Резорт
129,1,Жуулчны бааз,Tourist_Camp,Оргилуун кэмп,Orgiluun Camp,Булган,Bulgan,Орхон,Orkhon,48.93571,104.03267,99560197,Tourism/Баянхайрхан.jpg,오르길룬 캠프,オルギルンキャンプ,奥尔吉伦营地,Лагерь Оргилуун
130,2,Амралтын газар,Resort,Оргил амралт,Orgil Resort,Булган,Bulgan,Орхон,Orkhon,48.9354,104.03847,99502945,Tourism/Баянхангай.jpg,오르길 리조트,オルギル リゾート,奥吉尔度假村,Оргил Резорт
131,2,Амралтын газар,Resort,Наранбулаг амралт,Naranbulag Resort,Булган,Bulgan,Орхон,Orkhon,48.93318,104.04431,99359846,Tourism/Баянхонд.jpg,나란불라그 리조트,ナランブラグ リゾート,纳兰布拉格度假村,Курорт Наранбулаг
132,2,Амралтын газар,Resort,Баянбулаг амралт,Bayanbulag Resort,Булган,Bulgan,Орхон,Orkhon,48.94527,103.94527,94369911,Tourism/Баясгалант.jpg,바얀불라그 리조트,バヤンブラグ リゾート,巴音布拉格度假村,Курорт Баянбулаг
133,1,Жуулчны бааз,Tourist_Camp,Монгол камп жуулчны бааз,Mongolian Camp Tourist Camp,Булган,Bulgan,Бүрэгхангай,Buregkhangai,48.286,103.8212,99894445,Tourism/Бенибана.jpg,몽골캠프 관광캠프,モンゴリアンキャンプツーリストキャンプ,蒙古营旅游营,Монгольский лагерь Туристический лагерь
134,1,Жуулчны бааз,Tourist_Camp,Ханхар уул жуулчны бааз,Khankhar Uul Tourist Camp,Булган,Bulgan,Рашаант,Rashaant,47.42615,103.72249,99090622,Tourism/Биг скай лож.jpg,칸카르 울 관광 캠프,カンハル ウル ツーリスト キャンプ,坎卡乌尔旅游营地,Туристическая база Ханхар-Уул
135,1,Жуулчны бааз,Tourist_Camp,Эдэн жуулчны бааз,Eden Tourist Camp,Булган,Bulgan,Рашаант,Rashaant,47.42081,103.70918,,Tourism/Бидний нуур.jpg,에덴 투어리스트 캠프,エデン ツーリスト キャンプ,伊甸园旅游营地,Туристический лагерь Эдем
136,1,Жуулчны бааз,Tourist_Camp,Хөгнө хан уул жуулчны бааз,Khugnu Khan Mountain Camp,Булган,Bulgan,Рашаант,Rashaant,47.40774,103.67214,99102885,Tourism/Бие засах газар.jpeg,쿠그누 칸 마운틴 캠프,クグヌ カーン マウンテン キャンプ,库格努汗山营地,Горный лагерь Хугну Хан
137,1,Жуулчны бааз,Tourist_Camp,Бүрд од монгол жуулчны бааз,Burd Star Mongolian Camp,Булган,Bulgan,Рашаант,Rashaant,47.36374,103.7245,95883330,Tourism/Биндэр амралт.jpg,버드스타 몽골리안 캠프,バードスター モンゴリアンキャンプ,布尔德星蒙古营,Монгольский лагерь Бурд Стар
138,1,Жуулчны бааз,Tourist_Camp,Тахилт жуулчны бааз,Takhilt Tourist Camp,Булган,Bulgan,Рашаант,Rashaant,47.36477,103.67875,99999092,Tourism/Биндэр кэмп.jpg,타힐트 투어리스트 캠프,タキルト ツーリスト キャンプ,塔基尔特旅游营地,Туристический лагерь Тахилт
139,1,Жуулчны бааз,Tourist_Camp,Хоёр загал лож,Khoyor Zagal Lodge,Булган,Bulgan,Рашаант,Rashaant,47.32685,103.77425,99138704,Tourism/Бирга ресорт.jpg,코요르 자갈 로지,コヨール ザガル ロッジ,科约尔扎加尔旅馆,Хойор Загал Лодж
140,1,Жуулчны бааз,Tourist_Camp,Говь ранч жуулчны бааз,Gobi Ranch Tourist Camp,Булган,Bulgan,Рашаант,Rashaant,47.29378,103.74884,88262215,Tourism/Бишрэлт кэмп.jpg,고비 목장 관광 캠프,ゴビ牧場ツーリストキャンプ,戈壁牧场旅游营地,Туристический лагерь ранчо Гоби
141,2,Амралтын газар,Resort,Бумбын орон амралт,Bumbyn Oron Resort,Булган,Bulgan,Хангал,Hangal,49.15736,104.21274,99352077,Tourism/Бишрэлт кэмп1.jpg,범빈 오론 리조트,ブンビン オロン リゾート,班宾奥龙度假村,Бумбин Орон Резорт
142,2,Амралтын газар,Resort,Өэжүн харгуйн чимэг амралт,Uejun Kharguin Chimeg Resort,Булган,Bulgan,Сэлэнгэ,Selenge,49.19183,104.04923,99352584,Tourism/Блү вивид.jpg,우에준 카르긴 치메그 리조트,ウエジュン ハルギン チメグ リゾート,乌均卡尔金奇梅格度假村,Уеджун Харгин Чимег Резорт
143,1,Жуулчны бааз,Tourist_Camp,Ингэт тур,Inget Tour,Булган,Bulgan,Сэлэнгэ,Selenge,49.23921,104.0541,90809118,Tourism/Блү спот.jpg,인겟 투어,インゲットツアー,英格特之旅,Ингет Тур
144,1,Жуулчны бааз,Tourist_Camp,Чулуут ам лож,Chuluut Am Lodge,Булган,Bulgan,Хангал,Hangal,49.23874,104.20162,99997687,Tourism/Богатое озера.jpg,출루트 암 로지,チュルウト アム ロッジ,楚鲁特阿姆旅馆,Чулуут Ам Лодж
145,1,Жуулчны бааз,Tourist_Camp,Илчит хануй,Ilchit Khanui,Булган,Bulgan,Баян-Агт,Bayan-Agt,48.9455,102.12483,99202335,Tourism/Бодонч.jpg,일칫 카누이,イルチット・ハヌイ,伊尔奇特·卡努伊,Ильчит Хануи
146,1,Жуулчны бааз,Tourist_Camp,Алтан-Ундарга ресорт,Altan-Undarga Resort,Булган,Bulgan,Баян-Агт,Bayan-Agt,48.94727,102.12451,95340735,Tourism/Болор - 2.jpg,알탄-운다르가 리조트,アルタン ウンダルガ リゾート,阿尔坦-安达加度假村,Курорт Алтан-Ундарга
147,1,Жуулчны бааз,Tourist_Camp,Ургах наран кэмп,Urgakh Naran Camp,Булган,Bulgan,Баян-Агт,Bayan-Agt,48.95038,102.12899,99347308,Tourism/Болор Од.jpg,우르가크 나란 캠프,ウルガク ナラン キャンプ,乌尔加克纳兰营地,Лагерь Ургах Наран
148,1,Жуулчны бааз,Tourist_Camp,Наран-Уул ресорт,Naran-Uul Resort,Булган,Bulgan,Баян-Агт,Bayan-Agt,48.95012,102.13025,95350990,Tourism/Болор зоогийн газар.jpg,나란 울 리조트,ナランオール リゾート,纳兰乌尔度假村,Курорт Наран-Уул
149,1,Жуулчны бааз,Tourist_Camp,Ихт тур,Ihkt Tour,Булган,Bulgan,Баян-Агт,Bayan-Agt,48.94628,102.13106,91910502,Tourism/Боорчийн өргөө.jpg,익트 투어,イクトツアー,旅游团,Ихкт Тур
150,1,Жуулчны бааз,Tourist_Camp,Дархан тур,Darkhan Tour,Булган,Bulgan,Баян-Агт,Bayan-Agt,48.94479,102.1272,,Tourism/Бор-Өндлөр өртөө.jpg,다르항 투어,ダルハンツアー,达尔汗之旅,Дархан Тур
151,1,Жуулчны бааз,Tourist_Camp,Хануй наранбулаг,Khanui Naranbulag,Булган,Bulgan,Баян-Агт,Bayan-Agt,48.94377,102.12597,88054234,Tourism/Боржигон голомт.jpg,카누이 나란불라그,ハヌイ・ナランブラグ,卡努伊·纳兰布拉格,Хануи Наранбулаг
152,6,Замын гуанз,Roadside_Diner,Хутагт уул зоогийн газар,Hutagt Mountain Coffee · Food · Hotel,Булган,Bulgan,Хутаг-Өндөр,Khutag-Undur,49.40555,102.68943,99983858,Tourism/Босгын төгөл.jpg,쿠타그트 산 레스토랑,クタグトマウンテンレストラン,库塔格特山餐厅,"Ресторан ""Хутагт Маунтин"""
153,6,Замын гуанз,Roadside_Diner,Янзтай зоогийн газар,Yanztai Restaurant,Булган,Bulgan,Хутаг-Өндөр,Khutag-Undur,49.39515,102.7385,80845252,Tourism/Бугат амралт.jpg,옌타이 레스토랑,ヤンタイレストラン,燕台餐厅,Ресторан Янцтай
154,10,Шатахуун түгээх станц,Gas_Station,Сод Монгол ШТС,Sod Mongol Gas Station,Булган,Bulgan,Хутаг-Өндөр,Khutag-Undur,49.40729,102.68134,88403991,Tourism/Бугат амралтын газар.jpg,소드 몽골 주유소,ソッドモンゴルガソリンスタンド,索德蒙古加油站,Автозаправочная станция Сод Монгол
155,10,Шатахуун түгээх станц,Gas_Station,Шунхлай ШТС,Shunklai Gas Station,Булган,Bulgan,Хутаг-Өндөр,Khutag-Undur,49.4037,102.69457,,Tourism/Буги.jpg,순클라이 주유소,シュンクライガソリンスタンド,顺克莱加油站,Автозаправочная станция Шунклай
156,10,Шатахуун түгээх станц,Gas_Station,Тэс петролеум ШТС,Tes Petroleum Cas Station,Булган,Bulgan,Хутаг-Өндөр,Khutag-Undur,49.4037,102.69457,70003003,Tourism/Будда ресорт.jpg,테스 석유 주유소,テス石油ガソリンスタンド,Tes石油加油站,Автозаправочная станция Тэс  Петролеум
157,6,Замын гуанз,Roadside_Diner,Арвай зоогийн газар,Arvai Restaurant,Булган,Bulgan,Хутаг-Өндөр,Khutag-Undur,49.3755,102.84888,,Tourism/Буйр аялал.jpg,아르바이 레스토랑,アルヴァイレストラン,阿尔瓦伊餐厅,Ресторан «Арвай»
158,3,Рашаан сувилал,Spa_Resort,Баатарван сувилал,Baatarvan Health Resort,Булган,Bulgan,Хутаг-Өндөр,Khutag-Undur,49.37914,102.8584,77170066,Tourism/Буйр гэр бүлийн амралт.jpeg,바타르반 헬스 리조트,バータルヴァンヘルスリゾート,巴塔尔万健康度假村,Оздоровительный курорт Баатарван
159,2,Амралтын газар,Resort,Их булаг ресорт,Ikh Bulag Resort,Булган,Bulgan,Хутаг-Өндөр,Khutag-Undur,49.2866,102.9651,89108855,Tourism/Буйрын сувд.jpeg,이크 불라그 리조트,イク・ブラグ・リゾート,伊赫布拉格度假村,Лагерь Их Булаг
160,1,Жуулчны бааз,Tourist_Camp,Долоон од,Seven Stars,Булган,Bulgan,Хутаг-Өндөр,Khutag-Undur,49.28551,102.96535,,Tourism/Буйрын толио.jpg,七星,セブンスターズ,七星,Семь звёзд
161,1,Жуулчны бааз,Tourist_Camp,Сансар,Sansar,Булган,Bulgan,Хутаг-Өндөр,Khutag-Undur,49.28463,102.966,,Tourism/Булагт ресорт.jpg,산사르,サンサール,桑萨尔,Сансар
162,1,Жуулчны бааз,Tourist_Camp,Сод кэмп,Sod Camp,Булган,Bulgan,Хутаг-Өндөр,Khutag-Undur,49.28496,102.96291,80192128,Tourism/Булагтай кэмп.jpg,잔디 캠프,ソッドキャンプ,草皮营地,Лагерь Сод
163,2,Амралтын газар,Resort,Сод ресорт,Sod Resort,Булган,Bulgan,Хутаг-Өндөр,Khutag-Undur,49.28481,102.96397,80018804,Tourism/Булагтай.jpg,소드 리조트,ソッドリゾート,索德度假村,Сод Резорт
164,2,Амралтын газар,Resort,Ариун амралтын газар,Ariun Camp,Булган,Bulgan,Хутаг-Өндөр,Khutag-Undur,49.35672,102.92621,"86093036, 88992687",Tourism/Булан өргөөт.jpg,아리운 캠프,アリウンキャンプ,阿瑞恩营地,Лагерь Ариун
165,3,Рашаан сувилал,Spa_Resort,Хануй рашаан,Khanui Spa,Булган,Bulgan,Баян-Агт,Bayan-Agt,48.566,102.12965,96352135,Tourism/Булгаагийн түрээс.jpg,카누이 스파,カヌイスパ,卡努伊水疗中心,Спа-салон Хануи
166,6,Замын гуанз,Roadside_Diner,Номын булаг гуанз,Nomyn Bulag Canteen,Булган,Bulgan,Хишиг-Өндөр,Khishig-Undur,47.8811,103.82068,,Tourism/Булган дархан нисэх буудал.jpg,노민 불라그 구내식당,ノミン・ブラグ食堂,诺明布拉格食堂,Столовая Номин Булаг
167,10,Шатахуун түгээх станц,Gas_Station,Дашваанжил газ,Dashvaanjil gas fuel,Булган ,Bulgan,Рашаант,Rashaant,47.36785,103.93898,,Tourism/Булган сум нисэх буудал.jpg,다슈반질 가스 연료,ダシュヴァンジルガス燃料,达什瓦安吉尔燃气燃料,Газовое топливо Дашваанджил
168,1,Жуулчны бааз,Tourist_Camp,Содхан трэвел,Sodkhan Travel,Булган ,Bulgan,Рашаант,Rashaant,47.36562,103.81309,99351118,Tourism/Булган хишиг.jpg,소드칸 여행사,ソドカントラベル,索德汗旅行社,Содхан трэвел
169,6,Замын гуанз,Roadside_Diner,Хаан бууз зоогийн газар,Khaan Buuz Restaurant,Булган ,Bulgan,Рашаант,Rashaant,47.36561,103.81525,,Tourism/Буман бурам.jpg,칸 부즈 레스토랑,カーン・ブーズ・レストラン,汗布兹餐厅,Ресторан «Королевские пельмени» 
170,6,Замын гуанз,Roadside_Diner,Хаан өртөө/Элсэн тасархай,Khaan Urtuu - Elsen Tasarkhai,Булган ,Bulgan,Рашаант,Rashaant,47.36558,103.81454,99351118,Tourism/Бумбат Эко.jpg,킹 스테이션-샌디샌드,キングステーション-サンディサンド,金站-桑迪桑,Хан Урту - Элсэн Тасархай
171,6,Замын гуанз,Roadside_Diner,Рашаант замын гуанз,Rashaant Road Canteen,Булган ,Bulgan,Рашаант,Rashaant,47.36866,103.94242,,Tourism/Бумбат.jpg,라샨트 로드 구내식당,ラシャーントロード食堂,拉沙安特路食堂,Столовая на дороге Рашаант
172,1,Жуулчны бааз,Tourist_Camp,Гурван гал жуулчны бааз,Gurvan Gal Tourist Camp,Говь-Алтай,Govi-Altai,Тайшир,Taishir,46.6983,96.63549,"95567323, 99067399",Tourism/Бургастай хилийн боомт.jpg,구르반 갈 투어리스트 캠프,グルバン ガル ツーリスト キャンプ,古尔文加尔旅游营地,Туристический лагерь Гурван Гал
173,1,Жуулчны бааз,Tourist_Camp,Эрээн нуур жуулчны бааз,Ereen Nuur Tourist Camp,Говь-Алтай,Govi-Altai,Жаргалан ,Jargalan,47.3328,95.80665,89718838,Tourism/Буудай амралт.jpg,에린 호수 관광 캠프,「エリーン湖」ツーリストキャンプ,埃林湖旅游营地,Туристический лагерь «Озеро Эрин»
174,1,Жуулчны бааз,Tourist_Camp,Ээж хайрхан жуулчны бааз,Eej Khairkhan Tourist Camp,Говь-Алтай,Govi-Altai,Цогт ,Tsogt,44.93126,96.20693,86117682,Tourism/Буудай зоогийн газар.jpeg,"""이즈 카이르칸"" 관광 캠프",「イージ・ハイルハン」ツーリストキャンプ,母爱旅游营,Туристический лагерь «Иж Хайрхан»
175,1,Жуулчны бааз,Tourist_Camp,Тахийн тал жуулчны бааз,Takhiin Tal Tourist Camp,Говь-Алтай,Govi-Altai,Бугат,Bugat,45.58247,93.67426,99500716,Tourism/Бухын хонхор.jpg,타키 탈 관광 캠프,タキタルツーリストキャンプ,塔基塔尔旅游营地,Туристический лагерь Таки Тал
176,1,Жуулчны бааз,Tourist_Camp,Жуулчин-Алтай жуулчны бааз,Tourist-Altai tourist camp,Говь-Алтай,Govi-Altai,Есөнбулаг ,Yusunbulag,46.37052,96.1969,99054649,Tourism/Буянт хотхон.jpeg,알타이 관광 캠프,ツーリスト - アルタイ観光キャンプ,알타이 관광 캠프,Туристический лагерь  Жуулчин Алтай
177,1,Жуулчны бааз,Tourist_Camp,Happy Nomadic Camp явуулын кемп,Happy Nomadic Camp mobile camp,Говь-Алтай,Govi-Altai,Жаргалан ,Jargalan,47.33395,95.81898,"89869632, 99124483",Tourism/Бэби.jpg,해피 노매딕 캠프 이동식 캠프,,快乐游牧营地移动营地,Мобильный лагерь Happy Nomadic Camp
178,2,Амралтын газар,Resort,Галуут амралтын газар,Galuut Resort,Говь-Алтай,Govi-Altai, Есөнбулаг ,Yusunbulag,46.37307,96.24421,99066603,Tourism/Бэрхийн амралт.jpg,구스범프 리조트,グースバンプス リゾート,鸡皮疙瘩度假村,Курорт Галуут
179,2,Амралтын газар,Resort,Хантайшир амралтын газар ,Khantaishir Resort,Говь-Алтай,Govi-Altai, Есөнбулаг ,Yusunbulag,46.37936,96.23514,88886814,Tourism/Бяцхан аялал.jpg,칸타이시르 리조트,カンタイシルリゾート,坎塔希尔度假村,
180,8,Хилийн боомт,Border_Crossing,Бургастай хилийн боомт,Burgastai Border Station,Говь-Алтай,Govi-Altai,Бугат,Bugat,44.71501,94.11204,,Tourism/Бүргэд гэр буудал.jpg,부르가스타이 국경역,ブルガスタイ国境駅,布尔加斯泰边境站,Пограничный пункт Бургастай
181,2,Амралтын газар,Resort,Хүнхэр амралт,Khunkher Resort,Говь-Алтай,Govi-Altai,Жаргалан,Jargalan,46.77166,95.98435,"99028484, 99055280",Tourism/Бүрд од.jpg,쿤커 리조트,クンケル リゾート,昆克度假村,Курорт Хунхер
182,7,Нисэх буудал,Airport,Алтай нисэх буудал,Altai Airport,Говь-Алтай,Govi-Altai,Есөнбулаг ,Yesenbulag,46.38028,96.22238,,Tourism/Бүүвэйт.jpg,알타이 공항,アルタイ空港,阿尔泰机场,Аэропорт Алтай
183,9,Төмөр замын өртөө,Railway_Station,Чойр төмөр замын өртөө,Choir Railway Station,Говьсүмбэр,Govisumber,Чойр,Choir,46.35794,108.35745,,Tourism/Бөртэ амралт.jpg,합창단 기차역,クワイア駅,合唱团火车站,Железнодорожная станция Чоир
184,1,Жуулчны бааз,Tourist_Camp,Боржигон голомт кэмп,Borjigon Golomt Camp,Говьсүмбэр,Govisumber,Сүмбэр,Sumber,46.28326,108.59821,94541825,Tourism/Бөртэ тэрэлж.jpg,보르지곤 골롬트 캠프,ボルジゴン・ゴロムト・キャンプ,博尔吉贡戈洛姆特营地,Лагерь Борджигон Голомт
185,10,Шатахуун түгээх станц,Gas_Station,Сод Монгол ШТС,Sod Mongol Gas Station,Говьсүмбэр,Govisumber,Чойр,Choir,46.37026,108.37762,,Tourism/Вансэмбэрүү.jpg,소드 몽골 주유소,ソッドモンゴルガソリンスタンド,索德蒙古加油站,Автозаправочная станция Сод Монгол
186,10,Шатахуун түгээх станц,Gas_Station,Перовис ШТС,Petrovis Gas Station,Говьсүмбэр,Govisumber,Чойр,Choir,46.36785,108.37723,,Tourism/Вүүд лэнд.jpg,페트로비스 주유소,ペトロヴィスガソリンスタンド,Petrovis加油站,Автозаправочная станция Петровис
187,2,Амралтын газар,Resort,Зулзага өргөө амралт,Zulzaga Urguuresort,Дархан-Уул,Darkhan-Uul,Хонгор,Khongor,49.49925,106.24492,99908303,Tourism/Гав хад.png,줄자가 우르구레소트,ズルザガ ウルグアリゾート,祖尔扎加·乌尔古雷索特,Зульзага Ургуресорт
188,2,Жуулчны бааз,Tourist_Camp,Есөн-эрдэнэ амралт,Yusun Erdene Resort,Дархан-Уул,Darkhan-Uul,Хонгор,Khongor,49.50387,106.25755,99373674,Tourism/Галакси.jpg,유선 에르덴 리조트,ユスン エルデネ リゾート,玉孙额尔德尼度假村,Юсун Эрдэнэ Резорт
189,2,Жуулчны бааз,Tourist_Camp,Зулзагын гол эрэл амралт,Zulzagyn Gol Erel Resort,Дархан-Уул,Darkhan-Uul,Хонгор,Khongor,49.50208,106.25849,99043565,Tourism/Галуут амралтын газар.jpg,줄자긴 골 에렐 리조트,ズルザギン ゴル エレル リゾート,祖尔扎金戈尔埃雷尔度假村,Зульзагын Гол Эрель Резорт
190,2,Жуулчны бааз,Tourist_Camp,Гүнд амралт,Gund Resort,Дархан-Уул,Darkhan-Uul,Хонгор,Khongor,49.48307,106.26179,99373921,Tourism/Галуут кэмп.jpg,군드 리조트,ガンド リゾート,冈德度假村,Гунд Резорт
191,2,Амралтын газар,Resort,Хаан төгөл амралт,Khaan Tugul Resort,Дархан-Уул,Darkhan-Uul,Хонгор,Khongor,49.47902,106.25903,85088668,Tourism/Гандан туул.jpg,칸 투굴 리조트,カーン トゥグル リゾート,可汗图古尔度假村,Хаан Тугул Резорт
192,2,Амралтын газар,Resort,Булагт амралт,Bulagt Resort,Дархан-Уул,Darkhan-Uul,Хонгор,Khongor,49.26804,106.58472,95098848,Tourism/Гантөгөл.jpg,불라그트 리조트,ブラグト リゾート,布拉格特度假村,Булагт Резорт
193,2,Амралтын газар,Resort,Хаан нарс амралт,Khaan Nars Resort,Дархан-Уул,Darkhan-Uul,Хонгор,Khongor,49.50578,106.21905,99993352,Tourism/Ганхадат.png,칸 나르스 리조트,カーン ナルス リゾート,可汗纳尔斯度假村,Хан Нарс Резорт
194,2,Амралтын газар,Resort,Од амралт,Od Resort,Дархан-Уул,Darkhan-Uul,Хонгор,Khongor,49.50712,106.23335,,Tourism/Гарьд ресорт.jpg,오드리조트,オッド リゾート,奥德度假村,Од Резорт
195,1,Жуулчны бааз,Tourist_Camp,Зулзага цомцог гэр түрээс,Zulzaga Tsomtsog Ger for Rent,Дархан-Уул,Darkhan-Uul,Хонгор,Khongor,49.50964,106.25325,99032073,Tourism/Гаст хаус.jpg,임대용 Zulzaga Tsomtsog Ger,ズルザガ ツォムツォグ ゲルの賃貸,祖尔扎嘎措姆措格出租,Зульзага Цомцог Гер в аренду
196,1,Жуулчны бааз,Tourist_Camp,Шүтээн ресорт Дархан,Shuteen Resort Дархан,Дархан-Уул,Darkhan-Uul,Хонгор,Khongor,49.49095,106.25452,80721882,Tourism/Гацуурхан.jpg,슈틴 리조트 다르한,シュティーン リゾート ダスティーン,哈尔哈恩舒廷度假村,Шутин Резорт Дархан
197,2,Амралтын газар,Resort,Оргил гэр бүлийн амралт,Orgil Family Resort,Дархан-Уул,Darkhan-Uul,Хонгор,Khongor,49.48361,106.25802,99628082,Tourism/Гацуурхан1.jpg,오르길 패밀리 리조트,オルギル ファミリー リゾート,奥吉尔家庭度假村,Семейный курорт Оргил
198,9,Төмөр замын өртөө,Railway_Station,Дархан -1 төмөр замын өртөө,Darkhan - 1 Railway Station,Дархан-Уул,Darkhan-Uul,Дархан,Darkhan,49.4848,105.93057,,Tourism/Гацуурын булан.jpg,다르칸 - 1번 기차역,ダルハン - 1駅,达尔汗-1号火车站,Железнодорожная станция Дархан -1
199,9,Төмөр замын өртөө,Railway_Station,Дархан - 2 төмөр замын өртөө,Darkhan -2 Railway Station,Дархан-Уул,Darkhan-Uul,Дархан,Darkhan,49.43177,105.94104,,Tourism/Гачуурт амралт.jpg,다르칸 - 2번 기차역,ダルハン - 2駅,达尔汗-2号火车站,Железнодорожная станция Дархан - 2
200,9,Төмөр замын өртөө,Railway_Station,Салхит төмөр замын өртөө,Salkhit  Railway Station,Дархан-Уул,Darkhan-Uul,Салхит,Salkhit,49.20039,105.86668,,Tourism/Гачуурт булагтай.jpg,살키트 기차역,サルヒト駅,萨尔基特火车站,Железнодорожная станция Салкхит
201,9,Төмөр замын өртөө,Railway_Station,Шарын гол төмөр замын өртөө,Sharyn Gol Railway Station,Дархан-Уул,Darkhan-Uul,Шарын гол,Sharyn gol,49.23566,106.42723,,Tourism/Гачуурт грийн хаус.jpg,샤린 골 기차역,シャリンゴル駅,沙林戈尔火车站,Железнодорожная станция Шарин Гол
202,1,Жуулчны бааз,Tourist_Camp,Сатурн экстрим Монгол,Saturn Extreme Mongolia,Дархан-Уул,Darkhan-Uul,Хонгор,Khongor,49.32869,105.91958,80866199,Tourism/Гачуурт гэст.jpg,토성 극한의 몽골,サターンエクストリームモンゴル,土星极端蒙古,Сатурн Крайняя Монголия
203,9,Төмөр замын өртөө,Railway_Station,Замын-Үүд төмөр замын өртөө,Zamyn - Uud Railway Station,Дорноговь,Dornogovi,Замын - Үүд,Zamyn-Uud,43.71905,111.90703,,Tourism/Гаяа.jpg,자민 - 우드 기차역,ザミン - ウード駅,扎明-乌德火车站,Железнодорожная станция Замын-Ууд
204,6,Замын гуанз,Roadside_Diner,Хутагтын өргөө хоолны газар,The palace of the prince ,Дорноговь,Dornogovi,Сайншанд,Sainshand,44.59538,110.27136,99983099,Tourism/Глори ресорт.jpg,쿠타흐트 하우스 레스토랑,クタグトハウスレストラン,王子的宫殿,Ресторан монастыря Хамрин
205,6,Замын гуанз,Roadside_Diner,Хамарын хийд хоолны газар,Khamarin Monastery Restaurant,Дорноговь,Dornogovi,Сайншанд,Sainshand,44.59312,110.27132,,Tourism/Говийн баян бүрд-1.jpg,캄린 수도원 레스토랑,カムリン修道院レストラン,康林寺餐厅,
206,1,Жуулчны бааз,Tourist_Camp,МТС жуулчны бааз, MTC Tourist Camp,Дорноговь,Dornogovi,Сайншанд,Shainshand,44.65781,110.12366,99663485,Tourism/Говийн зэрэглээ.jpg,MTS 관광 캠프,MTSツーリストキャンプ,MTS旅游营地,Туристический лагерь МТС
207,1,Жуулчны бааз,Tourist_Camp,Хайрхан жуулчны бааз,Khairkhan Tourist Camp,Дорноговь,Dornogovi,Сайншанд,Shainshand,44.6573,110.11906,88101012,Tourism/Говь анар.jpg,카이르칸 관광 캠프,カイルハンツーリストキャンプ,海尔汗旅游营地,Туристический лагерь Хайрхан
208,9,Төмөр замын өртөө,Railway_Station,Сайншанд төмөр замын өртөө,Sainshand Railway Station,Дорноговь,Dornogovi,Сайншанд,Sainshand,44.91559,110.14141,,Tourism/Говь баян бүрд.jpg,세인샨드 기차역,サインシャンド駅,赛恩山德火车站,Железнодорожная станция Сайншанд
209,1,Жуулчны бааз,Tourist_Camp,Их нарт хад гэр буудал,Ikh Nart Rocks Wilderness,Дорноговь,Dornogovi,Даланжаргалан,Dalanjargalan,45.67136,108.71205,,Tourism/Говь делукс.jpg,이크 나트 록스 윌더니스,イク ナート ロックス ウィルダネス,伊赫纳尔特岩石荒野,Пустыня Скал Их Нарт
210,7,Нисэх буудал,Airport,Сайншанд нисэх буудал,Sainshand Airport,Дорноговь,Dornogovi,Алтанширээ,Altanshiree,44.9919,110.16787,,Tourism/Говь караван лож.jpg,사인핸드 공항,サインシャンド空港,赛音山德机场,Сайншанд аэропорт
211,8,Хилийн боомт,Border_Crossing,Замын-Үүд хилийн боомт,Zamiin-Uud Border Station,Дорноговь,Dornogovi,Замын-Үүд,Zamyn-Uud,43.69524,111.93667,,Tourism/Говь ранч.jpg,자민우드 국경 검문소,ザミーン・ウード国境駅,扎米因乌德边境站,Пограничный пункт Замин-Ууд
212,10,Шатахуун түгээх станц,Gas_Station,Далан зоогийн газар,Dalan Restaurant,Дорноговь,Dornogovi,Даланжаргалан,Dalanjargalan,45.96228,108.95075,85112378,Tourism/Говь ресорт.jpg,달란 레스토랑,ダランレストラン,达兰餐厅,Ресторан Далан
213,6,Замын гуанз,Roadside_Diner,Болор зоогийн газар- 2,Bolor-2 Restaurant,Дорноговь,Dornogovi,Даланжаргалан,Dalanjargalan,45.92825,109.06373,80859955,Tourism/Говь тур.jpg,볼로르-2 레스토랑,ボロル2レストラン,Bolor-2 餐厅,Ресторан «Болор-2»
214,10,Шатахуун түгээх станц,Gas_Station,Сод Монгол ШТС,Sod Mongol Gas Station,Дорноговь,Dornogovi,Даланжаргалан,Dalanjargalan,45.92736,109.06381,,Tourism/Говь тэрэлж.jpg,소드 몽골 주유소,ソッドモンゴルガソリンスタンド,索德蒙古加油站,Автозаправочная станция Сод Монгол
215,6,Замын гуанз,Roadside_Diner,Төгөл зоогийн газар,Tugul Restaurant,Дорноговь,Dornogovi,Айраг,Airag,45.80854,109.31723,,Tourism/Говь хүрхрээ.jpg,투굴 레스토랑,トゥグルレストラン,图古尔餐厅,Ресторан «Тугул»
216,10,Шатахуун түгээх станц,Gas_Station,Сод Монгол ШТС,Sod Mongol Gas Station,Дорноговь,Dornogovi,Сайн шанд,Sainshand,44.89397,110.19566,,Tourism/Говь өргөө.jpg,소드 몽골 주유소,ソッドモンゴルガソリンスタンド,索德蒙古加油站,Автозаправочная станция Сод Монгол
217,10,Шатахуун түгээх станц,Gas_Station,Тэс петролеум ШТС,Tes Petroleum Cas Station,Дорноговь,Dornogovi,Сайн шанд,Sainshand,44.89317,110.19705,70003003,Tourism/Говь-Эрдэнэ.jpg,테스 석유 주유소,テス石油ガソリンスタンド,Tes石油加油站,Автозаправочная станция Тэс  Петролеум
218,10,Шатахуун түгээх станц,Gas_Station,Шунхлай ШТС,Shunklai Gas Station,Дорноговь,Dornogovi,Замын-Үүд,Zamyn-Uud,43.71121,111.91429,70073003,Tourism/Голын цэг.jpg,순클라이 주유소,シュンクライガソリンスタンド,顺克莱加油站,Автозаправочная станция Шунклай
219,10,Шатахуун түгээх станц,Gas_Station,Дашваанжил Газ,Dashvaanjil Gas Fuel,Дорноговь,Dornogovi,Замын-Үүд,Zamyn-Uud,43.71116,111.90613,70003311,Tourism/Голын эрэг.jpg,다슈반질 가스 연료,ダシュヴァンジルガス燃料,达什瓦安吉尔燃气燃料,Газовое топливо Дашваанджил
220,10,Шатахуун түгээх станц,Gas_Station,Сод Монгол ШТС,Sod Mongol Gas Station,Дорноговь,Dornogovi,Замын-Үүд,Zamyn-Uud,43.71226,111.90632,,Tourism/Гольф клуб.jpg,소드 몽골 주유소,ソッドモンゴルガソリンスタンド,索德蒙古加油站,Автозаправочная станция Сод Монгол
221,10,Шатахуун түгээх станц,Gas_Station,Магнай трейд ШТС,Magnai Trade Gas Station,Дорноговь,Dornogovi,Замын-Үүд,Zamyn-Uud,43.71165,111.90776,,Tourism/Гоо тэрэлж.jpg,"""마그나이 트레이드"" 주유소",「マグナイトレード」ガソリンスタンド,“Magnai Trade”加油站,АЗС «Магнай Трейд»
222,8,Хилийн боомт,Border_Crossing,Хавирга хилийн боомт,Khavirga Border Station,Дорнод,Dornod,Чойбалсан,Choibalsan,48.59903,115.84473,,Tourism/Горгаз.jpg,하비르가 국경 검문소,ハビルガ国境検問所,哈维尔加边境口岸,Пограничный переход Хавирга
223,8,Хилийн боомт,Border_Crossing,Сүмбэр хилийн боомт,Sumber Border Station,Дорнод,Dornod,Халхгол,Khalkhgol,47.32483,119.46446,,Tourism/Горхи эко.jpg,숨버 국경 검문소,スンベル国境検問所,苏姆贝尔边境口岸,Пограничный переход Сумбер
224,8,Хилийн боомт,Border_Crossing,Ульхан хилийн боомт,Ulikhan Border Station,Дорнод,Dornod,Баян-Уул,Bayan-Uul,49.50534,112.58387,,Tourism/Гоюул кэмп.jpg,울칸 국경 검문소,ウルハン国境検問所,乌尔汗边境口岸,Пограничный переход Ульхан
225,1,Жуулчны бааз,Tourist_Camp,Сувдан эрэг,Subdan Ereg,Дорнод,Dornod,Халх гол,Khalkh Gol,47.88292,117.88212,99990450,Tourism/Гоё байгаль.jpg,수브단 에렉,サブダン・エレグ,苏丹·埃雷格,Субдан Эрег
226,2,Амралтын газар,Resort,Буйр гэр бүлийн амралт,Buir Family Resort,Дорнод,Dornod,Халх гол,Khalkh Gol,47.88013,117.88328,94575252,Tourism/Гоё сэлэнгэ.jpg,부이르 패밀리 리조트,ブイル ファミリー リゾート,贝尔家庭度假村,Буир Фэмили Резорт
227,1,Жуулчны бааз,Tourist_Camp,Буйрын толио,Buiryn Tolio,Дорнод,Dornod,Халх гол,Khalkh Gol,47.87061,117.88599,,Tourism/Гранд говь ресорт.jpeg,부이린 톨리오,ブイリン・トリオ,布林·托里奥,Буйрин Толио
228,1,Жуулчны бааз,Tourist_Camp,Буйр аялал,Buir Travel,Дорнод,Dornod,Халх гол,Khalkh Gol,47.86144,117.89096,88035596,Tourism/Гранд ресорт.jpg,뷰어 여행,ブイルトラベル,贝尔旅游,Буир Тревел
229,1,Жуулчны бааз,Tourist_Camp,Буйрын сувд,Buiryn Suvd,Дорнод,Dornod,Халх гол,Khalkh Gol,47.85709,117.89101,95094444,Tourism/Гранд тур Хөвсгөл.jpg,부이린 수브드,ブイリン・スヴド,布林南,Буйрын Сувд
230,1,Жуулчны бааз,Tourist_Camp,Талын буйр ресорт,Talyn Buir Resort,Дорнод,Dornod,Халх гол,Khalkh Gol,47.84374,117.88708,86870125,Tourism/Грассланд.jpg,탈린 뷰어 리조트,タリン ブイル リゾート,塔林贝尔度假村,Талин Буир Резорт
231,1,Жуулчны бааз,Tourist_Camp,Жуулчны бааз,Tourist Camp,Дорнод,Dornod,Халх гол,Khalkh Gol,47.81402,117.87837,,Tourism/Грийн кроун.jpg,관광캠프,ツーリストキャンプ,旅游营地,Туристический лагерь
232,1,Жуулчны бааз,Tourist_Camp,Элс ус эко отог,Els Us Eco Otog,Дорнод,Dornod,Халх гол,Khalkh Gol,47.76595,117.83016,88466475,Tourism/Грийн лож.jpg,엘스 어스 에코 오토그,エルス・アス・エコ・オートグ,埃尔斯我们生态奥托格,Элс Нас Эко Отог
233,9,Төмөр замын өртөө,Railway_Station,Баянтүмэн төмөр замын өртөө,Bayantumen railway station,Дорнод,Dornod,Чойбалсан,Choibalsan,48.11352,114.56585,,Tourism/Грийн скай.jpg,바얀투멘 기차역,バヤントゥメン駅,巴彦图门火车站,Железнодорожная станция Баянтумен
234,2,Амралтын газар,Resort,Ногоон төгөл амралт,Nogoon Tugul Resort,Дорнод,Dornod,Чойбалсан,Choibalsan,48.04533,114.47541,99577788,Tourism/Грийн тэрэлж.jpeg,노군 투굴,ノグーン・トゥグル語,诺贡·图古尔,Ногун Тугул
235,1,Жуулчны бааз,Tourist_Camp,Чух нуур кэмп,Chukh Lake Camp,Дорнод,Dornod,Дашбалбар,Dashbalbar,49.52761,114.65195,88069895,Tourism/Грил хаус.jpg,추크 레이크 캠프,チュク湖キャンプ,楚克湖营地,Лагерь на озере Чух
236,7,Нисэх буудал,Airport,Чойбалсан нисэх буудал,Choibalsan Airport,Дорнод,Dornod,Чойбалсан,Choibalsan,48.13663,114.63283,,Tourism/Грэйт сий.jpg,초이발산 공항,チョイバルサン空港,乔巴山机场,Аэропорт Чойбалсан
237,1,Жуулчны бааз,Tourist_Camp,Нуган тур ресорт,Nugan Tur Resort,Дорнод,Dornod,Цагаан-Овоо,Tsagaan-Ovoo,48.46071,113.20755,9902 0863,Tourism/Гурван Сэнхэр.jpg,누간 투르 리조트,ヌガン トゥール リゾート,努甘图尔度假村,Курорт Нуган Тур
238,1,Жуулчны бааз,Tourist_Camp,Чух шувуу судлалын суурин,Chukh Bird Research Station,Дорнод,Dornod,Дашбалбар,Dashbalbar,49.54668,114.6656,77757576,Tourism/Гурван гал амралт.jpg,추크 조류 연구소,チュク鳥類研究ステーション,楚赫鸟类研究站,Научно-исследовательская станция птиц Чук
239,8,Хилийн боомт,Border_Crossing,Эрээнцав хилийн боомт,Ereentsav Border Station,Дорнод,Dornod,Чулуунхороот,Chuluunkhroot,49.87992,115.73423,,Tourism/Гурван гал.jpg,에렌차브 국경역,エレーンツァヴ国境駅,埃伦察夫边境站,Пограничный пункт Эреенцав
240,8,Хилийн боомт,Border_Crossing,Баянхошуу хилийн боомт,Bayankhoshuu Border Station,Дорнод,Dornod,Халхгол,Khalkhgol,48.02749,118.18732,,Tourism/Гурван нарст.jpg,바얀코슈 국경 검문소,バヤンホシュー国境駅,巴彦科舒边境站,Пограничный пункт Баянхошу
241,10,Шатахуун түгээх станц,Gas_Station,Перовис ШТС,Petrovis Gas Station,Дорнод,Dornod,Хэрлэн,Kherlen,48.04756,114.44262,,Tourism/Гурван тоорой.jpg,페트로비스 주유소,ペトロヴィスガソリンスタンド,Petrovis加油站,Автозаправочная станция Петровис
242,10,Шатахуун түгээх станц,Gas_Station,Сод Монгол ШТС,Sod Mongol Gas Station,Дорнод,Dornod,Хэрлэн,Kherlen,48.04846,114.44535,,Tourism/Гурван тэмээт.jpg,소드 몽골 주유소,ソッドモンゴルガソリンスタンド,索德蒙古加油站,Автозаправочная станция Сод Монгол
243,1,Жуулчны бааз,Tourist_Camp,Баянхонд жуулчны бааз,Bayan Khond,Дундговь,Dundgovi,Дэлгэрцогт,Delgertsogt,46.22873,106.06109,98636364,Tourism/Гурван тэмээт1.jpg,바얀 콘드,バヤン・コンド,巴彦孔德,Баян Хонд
244,1,Жуулчны бааз,Tourist_Camp,Говь хүрхрээ жуулчны бааз,Gobi Waterfall Tourist Camp,Дундговь,Dundgovi,Дэлгэрцогт,Delgertsogt,46.20757,106.11578,93040909,Tourism/Гурван-Эрдэнэ.jpg,고비폭포 관광캠프,ゴビの滝ツーリストキャンプ,戈壁瀑布旅游营地,Туристический лагерь у водопада Гоби
245,1,Жуулчны бааз,Tourist_Camp,Босгын төгөл жуулчны бааз,Bosgyn Tugul Tourist Camp,Дундговь,Dundgovi,Дэлгэрцогт,Delgertsogt,46.208,106.09735,88029830,Tourism/Гурвансайхан амралт.png,보스긴 투굴,ボシュギン・トゥグル,博斯金·图古尔,Босгын Тугул
246,1,Жуулчны бааз,Tourist_Camp,Онги энерги жуулчны бааз,Ongi Energy Tourist Camp,Дундговь,Dundgovi,Сайхан-Овоо,Saikhan-Ovoo,45.33598,104.00777,99719392,Tourism/Гуру.jpg,온기에너지,オンギエナジー,翁吉能源,Онги Энерджи
247,1,Жуулчны бааз,Tourist_Camp,Онгийн нууц жуулчны бааз,Secret Of Ongi Tourist Camp,Дундговь,Dundgovi,Сайхан-Овоо,Saikhan-Ovoo,45.33436,104.00835,70000450,Tourism/Гутайн рашаан.jpg,옹기의 비밀,オンギの秘密,翁吉的秘密,Секрет Онги
248,1,Жуулчны бааз,Tourist_Camp,Онги уул жуулчны бааз,Ongi Mountain Tourist Camp,Дундговь,Dundgovi,Сайхан-Овоо,Saikhan-Ovoo,45.3338,104.01057,95321808,Tourism/Гэгээ түнхэл.jpg,옹이산,オンギ山,翁木山,Гора Онги
249,1,Жуулчны бааз,Tourist_Camp,Баянбулаг жуулчны бааз,Bayanbulag Tourist Camp,Дундговь,Dundgovi,Дэлгэрцогт,Delgertsogt,46.23112,106.06962,98250010,Tourism/Гэгээн чандмань.jpg,바얀불라그,バヤンブラグ,巴音布拉格,Баянбулаг
250,3,Рашаан сувилал,Spa_Resort,Нүдний рашаан,Mineral Water,Дундговь,Dundgovi,Дэлгэрцогт,Delgertsogt,46.20435,106.01909,,Tourism/Гэр ба шовгор.jpg,광천수,ミネラルウォーター,矿泉水,Минеральная вода
251,1,Жуулчны бааз,Tourist_Camp,Төв боржигон тур гэр кэмп,Tuv Borjigon Tour Ger Camp,Дундговь,Dundgovi,Гурвансайхан,Gurvansaikhan,45.77348,107.24869,88196194,Tourism/Гэр буудал.jpg,센트럴 보르히곤 투어 게르 캠프,トゥブ・ボルジゴン・ツアー・ゲル・キャンプ,图夫博尔吉贡旅游蒙古包营地,Тув Борджигон
252,1,Жуулчны бааз,Tourist_Camp,Төв беркиган гэр буудал,Tov Berkigan Ger Camp,Дундговь,Dundgovi,Гурвансайхан,Gurvansaikhan,45.76176,107.26545,,Tourism/Гэр буудал1.jpg,토브 버키건 게르 캠프,トブ ベルキガン ゲル キャンプ,托夫贝尔基甘蒙古包营地,Тов Беркиган Гер Лагерь
253,1,Жуулчны бааз,Tourist_Camp,Цагаан суварга жуулчны бааз,White Stupa Tourist Camp,Дундговь,Dundgovi,Өлзийт,Ulziit,44.57903,105.78462,98610107,Tourism/Гэр буудал2.jpg,화이트 스투파 투어리스트 캠프,ホワイト ストゥーパ ツーリスト キャンプ,白佛塔旅游营地,Туристический лагерь Белая Ступа
254,1,Жуулчны бааз,Tourist_Camp,Говь каравансерай лож,Gobi Caravanserai Lodge,Дундговь,Dundgovi,Өлзийт,Ulziit,44.57518,105.64602,77091232,Tourism/Гэр бүлийн амралт1.jpg,고비 카라반세라이 로지,ゴビ キャラバンサライ ロッジ,戈壁商队旅馆,Гоби Караван-сарай Лодж
255,1,Жуулчны бааз,Tourist_Camp,Өөш манхан сувилал,Uush Mankhan Sanatorium,Дундговь,Dundgovi,Өлзийт,Ulziit,44.68708,107.06889,99038736,Tourism/Гэр бүлийн замын гуанз.jpg,우시 만칸 요양소,ウーシュ・マンカーン療養所,乌什曼汗疗养院,Санаторий Ууш Манхан
256,6,Замын гуанз,Roadside_Diner,Баянбулаг эхлэл,Bayanbulag Ekhlel Canteen,Дундговь,Dundgovi,Дэлгэрцогт,Delgertsogt,46.12467,106.38127,,Tourism/Гэр бүлийн ресорт.jpg,바얀불라그 에클렐 식당,バヤンブラグ・エクレリ食堂,巴彦布拉格·埃赫勒食堂,Столовая Баянбулаг Эхлел
257,10,Шатахуун түгээх станц,Gas_Station,Сод Монгол ШТС,Sod Mongol Gas Station,Дундговь,Dundgovi,Мандалговь,Mandalgovi,45.78489,106.28883,96885456,Tourism/Гэр кэмп.jpg,소드 몽골 주유소,ソッドモンゴルガソリンスタンド,索德蒙古加油站,Автозаправочная станция Сод Монгол
258,10,Шатахуун түгээх станц,Gas_Station,Дашваанжил газ,Dashvaanjil gas fuel,Дундговь,Dundgovi,Мандалговь,Mandalgovi,45.79239,106.29666,83120642,Tourism/Гэр цогцолбор.jpg,다슈반질 가스 연료,ダシュヴァンジルガス燃料,达什瓦安吉尔燃气燃料,Газовое топливо Дашваанджил
259,6,Замын гуанз,Roadside_Diner,333 Coffee&Food,333 Coffee&Food,Дундговь,Dundgovi,Луус,Luus,45.51153,105.77431,94242480,Tourism/Гэрбүлийн амралт.jpg,333 커피&푸드,333 コーヒー＆フード,333 咖啡与美食,333 Кофе и еда
260,6,Замын гуанз,Roadside_Diner,Cafea Ger Coffee and Restaurant.,Cafea Ger Coffee and Restaurant.,Дундговь,Dundgovi,Хулд,Khuld,45.2191,105.56719,,Tourism/Гэрийн буудал.jpg,카페아 게르(Cafea Ger) 커피 앤 레스토랑.,カフェ・ゲル・コーヒー＆レストラン。,Cafea Ger 咖啡厅和餐厅。,Cafea Ger Кофе и ресторан
261,5,Хүүхдийн зуслан,Children_Summer_Camp,Даян-очир хүүхдийн зуслан,Dayan-Ochir Children's Camp,Завхан,Zavkhan,Алдархаан,Aldarkhaan,47.68726,97.2671,99940688,Tourism/Гэрэлт аялгуу.jpg,다얀-오치르 어린이 캠프,ダヤン・オチル子供キャンプ,达扬-奥其尔儿童营,Детский лагерь Даян-Очир
262,1,Жуулчны бааз,Tourist_Camp,Хүрэн тал кэмп,Khuren Tal Camp,Завхан,Zavkhan,Тэлмэн,Telmen,48.7045,97.69176,,Tourism/Гэрэлт жанхай.jpg,쿠렌 탈 캠프,クーレン タル キャンプ,库伦塔尔营地,Лагерь Хурен Тал
263,2,Амралтын газар,Resort,Сайхан төгөл амралт,Shakhan Tugul Resort,Завхан,Zavkhan,Тосонцэнгэл,Tosontsengel,48.70075,98.24203,99094770,Tourism/Гэрэлт ресорт.jpeg,샤칸 투굴 리조트,シャカン トゥグル リゾート,沙坎图古尔度假村,Шахан Тугул Резорт
264,2,Амралтын газар,Resort,Хожуулын гол амралт,Khojuulyn Gol Resort,Завхан,Zavkhan,Тосонцэнгэл,Tosontsengel,48.71158,98.2486,99899951,Tourism/Гэст Хаус У Баярхүү.jpg,코줄린 골 리조트,コジュリン ゴル リゾート,霍久林高尔度假村,Курорт Ходжуулын Гол
265,2,Амралтын газар,Resort,Улаагчны хишиг амралт,Ulaagchny Khishig Resort,Завхан,Zavkhan,Эрдэнэхайрхан,Erdenekhairkhan,48.37305,96.19029,88917732,Tourism/Гүнд амралт.jpg,울라그치인 키시그 리조트,ウラーグチン キシグ リゾート,乌拉池基希格度假村,Курорт Улаагчиин Хишиг
266,1,Жуулчны бааз,Tourist_Camp,Улаагчийн хар нуур кэмп,Ulaagchiin Khar Lake Resort,Завхан,Zavkhan,Эрдэнэхайрхан,Erdenekhairkhan,48.32196,96.1339,99147409,Tourism/Гүнж амралт.jpg,울라그치인 카르 레이크 리조트,ウラーグチン カール レイク リゾート,乌拉池卡哈尔湖度假村,Улаагчиин Хар Лейк Резорт
267,1,Жуулчны бааз,Tourist_Camp,Их тэнгэрийн хүрээ жуулчны бааз,Ikh Tengeriin Khuree Tourist Camp,Завхан,Zavkhan,Эрдэнэхайрхан,Erdenekhairkhan,48.32181,96.05361,"98114787, 80949999",Tourism/Гүнж лож кэмп.jpg,이크 텡게리인 쿠리 투어리스트 캠프,イク テンゲリン クレー ツーリスト キャンプ,Ikh Tengeriin Khuree 旅游营地,Туристическая база Их Тенгерийн Хурээ
268,1,Жуулчны бааз,Tourist_Camp,Оргих жуулчны бааз,Orgikh Tourist Camp,Завхан,Zavkhan,Алдархаан,Aldarkhaan,47.72002,96.95824,"99903197, 99084199",Tourism/Гүнт сувилал.jpg,오르기크 투어리스트 캠프,オルギフ ツーリスト キャンプ,奥尔吉克旅游营地,Туристическая база Оргих
269,2,Амралтын газар,Resort,Цагаан-уул амралт,Tsagaah-Uul Resort,Завхан,Zavkhan,Алдархаан,Aldarkhaan,47.73982,96.80814,99466665,Tourism/Гүрэн.jpg,차가아 울 리조트,ツァガー オール リゾート,查加乌尔度假村,Курорт Цагаах-Уул
270,1,Жуулчны бааз,Tourist_Camp,Мөнгө жуулчны бааз,Money Tourist Camp,Завхан,Zavkhan,Алдархаан,Aldarkhaan,47.75123,96.78681,,Tourism/Гүрү жуулчин.jpg,돈관광캠프,マネーツーリストキャンプ,金钱旅游营,Деньги Туристический Лагерь
271,7,Нисэх буудал,Airport,Отгонтэнгэр нисэх буудал,Otgontenger Airport,Завхан,Zavkhan,Алдархаан,Aldarkhaan,47.71245,96.5297,,Tourism/Гүүд ресорт.jpg,오트곤텡게르 공항,オットゴンテンゲル空港,奥特贡腾格尔机场,Аэропорт Отгонтенгер
272,1,Жуулчны бааз,Tourist_Camp,Тэлмэн андууд жуулчны бааз,Telmen Anduud Tourist Camp,Завхан,Zavkhan,Тэлмэн,Telmen,48.81632,97.56413,"88229990, 97011171",Tourism/Дабл лэйк.jpg,텔멘 안두우드 투어리스트 캠프,テルメン アンドゥウド ツーリスト キャンプ,泰尔门安杜德旅游营地,Туристический лагерь Тельмен Андууд
273,1,Жуулчны бааз,Tourist_Camp,"Дөрвөн зам ресторан,зочид буудал",Durvun Zam Restaurant&Hotel,Завхан,Zavkhan,Тэлмэн,Telmen,48.80545,97.89645,95296771,Tourism/Дагина хатан.jpg,두르분 잠 레스토랑&호텔,ダーブン ザム レストラン&ホテル,杜文扎姆餐厅及酒店,Ресторан и отель «Дурвун Зам»
274,7,Нисэх буудал,Airport,Тосонцэнгэл нисэх буудал,Tosontsengel Airport,Завхан,Zavkhan,Тосонцэнгэл,Tosontsengel,48.74128,98.27364,71281186,Tourism/Дагшин булаг.jpg,토손첸겔 공항,トソンツェンゲル空港,托森岑格尔机场,Аэропорт Тосонценгель
275,1,Жуулчны бааз,Tourist_Camp,Идэр гол ресорт, Ider Gol Resort,Завхан,Zavkhan,Тосонцэнгэл,Tosontsengel,48.72579,98.41227,88118684,Tourism/Дадал жуулчин.jpg,아이데르 골 리조트,アイダー ゴル リゾート,伊德尔戈尔度假村,Идер Гол Резорт
276,1,Жуулчны бааз,Tourist_Camp,Тухлаг шовгор хостел,Tukhlag Shovgor Hostel ,Завхан,Zavkhan,Их-Уул,Ikh-Uul,48.7125,98.79702,99081031,Tourism/Даймонд гэр кэмп.jpg,투클락 쇼브고르 호스텔,トゥクラグ ショヴゴール ホステル,图赫拉格绍夫戈尔旅舍,Хостел Тухлаг Шовгор
277,1,Жуулчны бааз,Tourist_Camp,Гэр бүлийн буудал,Family resort,Завхан,Zavkhan,Их-Уул,Ikh-Uul,48.70779,98.81291,,Tourism/Далай ван жуулчны бааз.jpg,패밀리 리조트,ファミリーリゾート,家庭度假村,Семейный курорт
278,1,Жуулчны бааз,Tourist_Camp,Гэр ба шовгор хостел,Hostel/ Ger& Shovgor,Завхан,Zavkhan,Их-Уул,Ikh-Uul,48.69449,98.86279,89656594,Tourism/Далай ван.jpg,호스텔/게르&쇼브고르,ホステル/ ゲル&ショブゴール,格尔&肖夫戈尔旅舍,Хостел/ Гер& Шовгор
279,2,Амралтын газар,Resort,Ижил цагаан уул амралт,Ijil Tsagaan Uul Resort,Завхан,Zavkhan,Их-Уул,Ikh-Uul,48.62238,98.82657,89114559,Tourism/Далай тур.jpeg,이질 차가안 울 리조트,イジル ツァガーン ウル リゾート,伊吉尔查甘乌尔度假村,Иджил Цагаан Уул Резорт
280,1,Жуулчны бааз,Tourist_Camp,Энх Нуга,Enkh Nuga Hostel,Завхан,Zavkhan,|Эрдэнэхайрхан,Erdenekhairkhan,48.31574,96.07852,,Tourism/Далай тур1.jpeg,엔크 누가 호스텔,エンク ヌガ ホステル,恩赫努加旅舍,Энх Нуга Хостел
281,1,Жуулчны бааз,Tourist_Camp,Жавхлант өргөө жуулчны бааз,Javkhlant Urguu Tourist Camp,Завхан,Zavkhan,|Эрдэнэхайрхан,Erdenekhairkhan,48.31836,96.11178,88224070,Tourism/Далай ээж.jpg,자브클란트 우르구 투어리스트 캠프,ジャヴラント ウルグウ ツーリスト キャンプ,贾夫赫兰特乌尔古旅游营地,Туристическая база Джавхлант Ургуу
282,1,Жуулчны бааз,Tourist_Camp,Тахь Эко Жуулчны Бааз,Takhi Ecolodge,Завхан,Zavkhan,Дөрвөлжин,Durvuljin,47.83097,94.17856,"70004480, 98159903 ",Tourism/Далай ээж1.jpg,타키 에코로지,タキエコロッジ,塔基生态旅馆,Эко-отель Такхи
283,1,Жуулчны бааз,Tourist_Camp,Баянхошуу жуулчны бааз,Bayankhoshuu Tourist Camp,Завхан,Zavkhan,Улиастай,Uliastai,47.73897,96.87116,"98051888, 98061888",Tourism/Далайн гялбаа.jpg,바얀코슈 관광 캠프,バヤンホシューツーリストキャンプ,巴彦科舒旅游营地,Туристический лагерь Баянхошу
284,1,Жуулчны бааз,Tourist_Camp,Замбага трэвел,Zambaga Travel,Завхан,Zavkhan,Тэлмэн,Telmen,48.61951,97.34713,"83162119, 99162119, 98112119",Tourism/Далайн түрлэг.jpg,잠바가 여행사,ザンバガトラベル,赞巴加旅游,Замбага тревел
285,1,Жуулчны бааз,Tourist_Camp,Ихэр нуур,Ikher Lake,Завхан,Zavkhan,Тэлмэн,Telmen,49.10788,97.45151,98236923,Tourism/Далайн чимэг.jpg,이케르 호수,イケル湖,伊赫尔湖,Озеро Ихер
286,1,Жуулчны бааз,Tourist_Camp,Хоёр маргаз,Khoyor Margaz,Завхан,Zavkhan,Сантмаргаз,Santmargaz,48.60641,95.14838,"88064991, 93146010",Tourism/Далан зоогийн газар.jpg,코요르 마르가즈,コヨル・マルガズ,霍约尔·马尔加兹,Хойор Маргаз
287,1,Жуулчны бааз,Tourist_Camp,Хожуулын гол кэмп,Khojuulyn Gol Camp,Завхан,Zavkhan,Тосонцэнгэл,Tosontsengel,48.71026,98.24476,99747161,Tourism/Далд засал.jpg,코주울린 골 캠프,ホジュリン・ゴル・キャンプ,霍朱林戈尔营地,Лагерь Ходжуулин Гол
288,1,Жуулчны бааз,Tourist_Camp,Нутаг ус цогцолбор,Nutag Us Complex,Завхан,Zavkhan,Сонгино,Songino,49.01607,95.93917,99776615,Tourism/Дархан 2 өртөө.jpg,지역 상수도 시설,ヌタグ・アス・コンプレックス,当地水务综合体,Комплекс Нутаг Ус
289,9,Төмөр замын өртөө,Railway_Station,Эрдэнэт төмөр замын өртөө,Erdenet Railway Station,Орхон,Orkhon,Эрдэнэт,Erdenet,49.05998,104.16435,,Tourism/Дархан анагаагч.jpg,에르데네트 기차역,エルデネト駅,埃尔登特火车站,Железнодорожная станция Эрденет
290,2,Амралтын газар,Resort,Ар булаг амралт,Ar Bulag Resort,Орхон,Orkhon,Жаргалант,Jargalant,49.07406,104.04106,99369242,Tourism/Дархан оточ.jpg,아르 불라그 리조트,アル ブラグ リゾート,阿尔布拉格度假村,Ар Булаг Резорт
291,1,Жуулчны бааз,Tourist_Camp,Хангалуун зоогийн газар,Khangaluun Restaurant,Орхон,Orkhon,Жаргалант,Jargalant,49.06081,104.39912,99280774,Tourism/Дархан тур.jpg,칸갈룬 레스토랑,カンガルーン レストラン,坎加伦餐厅,Ресторан Хангалуун
292,10,Шатахуун түгээх станц,Gas_Station,Сод Монгол ШТС,Sod Mongol Gas Station,Орхон,Orkhon,Эрдэнэт,Erdenet,49.07695,104.19244,80097878,Tourism/Дархан өртөө.jpg,소드 몽골 주유소,ソッドモンゴルガソリンスタンド,索德蒙古加油站,Автозаправочная станция Сод Монгол
293,10,Шатахуун түгээх станц,Gas_Station,Жаст ойл ШТС,Just Oil Gas Station,Орхон,Orkhon,Эрдэнэт,Erdenet,49.06348,104.17177,,Tourism/Дашваанжил.jpeg,저스트 오일 주유소,ジャストオイルガソリンスタンド,Just Oil加油站,Автозаправочная станция Жаст Ойл
294,10,Шатахуун түгээх станц,Gas_Station,Перовис ШТС,Petrovis Gas Station,Орхон,Orkhon,Эрдэнэт,Erdenet,49.06348,104.17177,,Tourism/Дашваанжил1.jpg,페트로비스 주유소,ペトロヴィスガソリンスタンド,Petrovis加油站,Автозаправочная станция Петровис
295,2,Амралтын газар,Resort,Баянтүмэн амралт,Bayantumen Resort,Өвөрхангай,Ovorkhangai,Арвайхээр,Arvaikheer,46.21492,102.81389,94152425,Tourism/Дашваанжил2.jpg,바얀투멘 리조트,バヤントゥメン リゾート,巴彦图门度假村,Курорт Баянтумен
296,1,Жуулчны бааз,Tourist_Camp,Өргөө жуулчны бааз,Urguu Tourist Camp,Өвөрхангай,Ovorkhangai,Хархорин,Kharkhorin,47.26802,102.82454,99080910,Tourism/Дашваанжил3.jpg,우르구 관광 캠프,ウルグー ツーリスト キャンプ,乌尔古旅游营地,Туристический лагерь Ургуу
297,7,Нисэх буудал,Airport,Хархорин Нисэх буудал,Kharkhorin Airport,Өвөрхангай,Ovorkhangai,Хархорин,Kharkhorin,47.24531,102.82858,,Tourism/Дашваанжил4.jpeg,카르코린 공항,ハルホリン空港,哈尔和林机场,Аэропорт Хархорин
298,1,Жуулчны бааз,Tourist_Camp,Гэр буудал,Ger Camp,Өвөрхангай,Ovorkhangai,Хархорин,Kharkhorin,47.22022,102.80312,95509841,Tourism/Даян -Очир хүүхдийн зуслан.jpg,게르 캠프,ゲルキャンプ,蒙古包营地,Гер Кэмп
299,1,Жуулчны бааз,Tourist_Camp,Гэр бүлийн буудал,Family Guesthouse,Өвөрхангай,Ovorkhangai,Хархорин,Kharkhorin,47.20987,102.81868,99312735,Tourism/Дб-ийн төрсөн хот.jpg,패밀리 게스트하우스,ファミリー ゲストハウス,家庭旅馆,Семейный гостевой дом
300,1,Жуулчны бааз,Tourist_Camp,Их монгол жуулчны бааз,Ikh Mongol Tour Camp,Өвөрхангай,Ovorkhangai,Хархорин,Kharkhorin,47.19673,102.79578,96456565,Tourism/Долоон бурхан.jpg,익몽골 투어 캠프,イク・モンゴル・ツアー・キャンプ,Ikh蒙古旅游营,Тур Лагерь Их Монгол
301,1,Жуулчны бааз,Tourist_Camp,Мөнх тэнгэр гэр буудал,Munkh Tenger Ger Camp,Өвөрхангай,Ovorkhangai,Хархорин,Kharkhorin,47.19156,102.79508,99039163,Tourism/Долоон нуга.jpg,뭉크 텡거 게르 캠프,ムンク テンゲル ゲル キャンプ,蒙克腾格尔营地,Лагерь Мунх Тенгер Гер
302,1,Жуулчны бааз,Tourist_Camp,Анар жуулчны бааз,Anar Tourist Camp,Өвөрхангай,Ovorkhangai,Хархорин,Kharkhorin,47.18151,102.79113,99090766,Tourism/Долоон од.jpg,아나르 투어리스트 캠프,アナール ツーリスト キャンプ,阿纳尔旅游营地,Туристический лагерь Анар
303,1,Жуулчны бааз,Tourist_Camp,Анжа буудал,Anja Camp,Өвөрхангай,Ovorkhangai,Хархорин,Kharkhorin,47.18602,102.79905,77102031,Tourism/Долоон уул гостевой дом.jpg,안자 캠프,アンジャキャンプ,安雅·坎普,Аня Кэмп
304,1,Жуулчны бааз,Tourist_Camp,Мөнх шүүр гэр буудал,Munkhshuuri Ger Camp,Өвөрхангай,Ovorkhangai,Хархорин,Kharkhorin,47.19697,102.85531,99376832,Tourism/Долоон уул.jpg,Munkhshuuri 게르 캠프,ムンクシュリ ゲル キャンプ,蒙克舒里蒙古包营地,Лагерь Мунхшуури Гер
305,1,Жуулчны бааз,Tourist_Camp,Зүр гэст хаус,Zur Gest House,Өвөрхангай,Ovorkhangai,Хархорин,Kharkhorin,47.19997,102.85378,99046615,Tourism/Долоон уул1.jpg,주르 게스트 하우스,ズール ゲスト ハウス,祖尔盖斯特之家,Цур Гест Хаус
306,1,Жуулчны бааз,Tourist_Camp,Торгоны замын нууц ресорт,Secret Of The Silk Road Resort,Өвөрхангай,Ovorkhangai,Хархорин,Kharkhorin,47.18739,102.8679,70000450,Tourism/Домогт мэлхий хад.jpg,실크로드 리조트의 비밀,シルク ロード リゾートの秘密,丝绸之路的秘密度假村,Секрет курорта Шелковый путь
307,1,Жуулчны бааз,Tourist_Camp,Буги гэр буудал,Travel Bugi Guesthouse,Өвөрхангай,Ovorkhangai,Хархорин,Kharkhorin,47.18896,102.83953,99058655,Tourism/Дорномандал.jpg,트래블 부기 게스트하우스,トラベル ブギ ゲストハウス,旅行布吉旅馆,Тревел Буги Гостевой Дом
308,1,Жуулчны бааз,Tourist_Camp,Гаяагийн гэр буудал,Gayas Gest House,Өвөрхангай,Ovorkhangai,Хархорин,Kharkhorin,47.18773,102.83845,99893809,Tourism/Дугана хад.jpg,가야스 게스트 하우스,ガヤス ゲスト ハウス,加亚斯招待所,Гест Хаус Гаяс
309,1,Жуулчны бааз,Tourist_Camp,Хашхан жуулчны бааз,Khashkhan Tourist Camp,Өвөрхангай,Ovorkhangai,Бат-Өлзий,Bat-Ulzii,46.89375,102.36012,77447718,Tourism/Дуурлиг нарс.jpg,카슈칸 관광 캠프,カシュカン ツーリスト キャンプ,卡什汗旅游营地,Туристический лагерь Хашхан
310,1,Жуулчны бааз,Tourist_Camp,Дөрвөн бэрх жуулчны бааз,Durvun Berkh Camp,Өвөрхангай,Ovorkhangai,Бат-Өлзий,Bat-Ulzii,46.87715,102.28837,99303595,Tourism/Дуут булаг.jpg,두르분 버크 캠프,ダーブン バーク キャンプ,杜文伯克营地,Лагерь Дурвун Берк
311,1,Жуулчны бааз,Tourist_Camp,Орхон жуулчны бааз,Orkhon Camp,Өвөрхангай,Ovorkhangai,Бат-Өлзий,Bat-Ulzii,46.81294,102.04348,99085318,Tourism/Дуут ресорт.jpg,오르콘 캠프,オルホンキャンプ,鄂尔浑营地,Орхонский лагерь
312,1,Жуулчны бааз,Tourist_Camp,Хүрхрээ тур,Hurhree Tour,Өвөрхангай,Ovorkhangai,Бат-Өлзий,Bat-Ulzii,46.77865,101.99973,,Tourism/Дэглий цагаан нисэх буудал.jpg,허리 투어,ハーリーツアー,欢乐之旅,Урри тур
313,1,Жуулчны бааз,Tourist_Camp,Хөсөг гэр буудал,Khusug Tourist Ger Camp,Өвөрхангай,Ovorkhangai,Бат-Өлзий,Bat-Ulzii,46.77985,101.96947,99793829,Tourism/Дэгэн жигэн.jpg,쿠숙 투어리스트 게르 캠프,フースグ ツーリスト ゲル キャンプ,库苏格旅游蒙古包营地,Туристический лагерь Хусуг Гер
314,1,Жуулчны бааз,Tourist_Camp,Орхоны хүрхрээ жуулчны бааз,Orkhon Waterfall Tourist Camp,Өвөрхангай,Ovorkhangai,Бат-Өлзий,Bat-Ulzii,46.77645,101.9625,,Tourism/Дэл хад.jpg,오르콘 폭포 관광 캠프,オルホン滝ツーリスト キャンプ,鄂尔浑瀑布旅游营地,Туристический лагерь «Водопад Орхон»
315,1,Жуулчны бааз,Tourist_Camp,Орхон түшээ жуулчны бааз,Orkhon Tushee  Camp,Өвөрхангай,Ovorkhangai,Бат-Өлзий,Bat-Ulzii,46.77573,101.95852,88438888,Tourism/Дэлгэр амралт.jpg,오르콘 투시 캠프,オルホン トゥシー キャンプ,鄂尔浑图希营地,Лагерь Орхон Туши
316,1,Жуулчны бааз,Tourist_Camp,Улаан цутгалан гэр буудал,Ulaantsutgalan Ger Camp,Өвөрхангай,Ovorkhangai,Бат-Өлзий,Bat-Ulzii,46.78007,101.96434,,Tourism/Дэлгэрэх амралт.jpg,울란수트갈란 게르 캠프,ウランツトゥガラン ゲル キャンプ,乌兰素加兰蒙古包营,Лагерь Улаанцутгалан Гер
317,1,Жуулчны бааз,Tourist_Camp,Шар гэр буудал,Shar Camp,Өвөрхангай,Ovorkhangai,Бат-Өлзий,Bat-Ulzii,46.77938,101.96223,,Tourism/Дэлгэрэх.jpg,샤르 캠프,シャーキャンプ,夏尔营,Шар Лагерь
318,1,Жуулчны бааз,Tourist_Camp,Отоглох цэг,Campground,Өвөрхангай,Ovorkhangai,Бат-Өлзий,Bat-Ulzii,46.78179,101.96894,,Tourism/Дэлтэй цэнхэр.jpg,캠프장,キャンプ場,营地,Палаточный лагерь
319,1,Жуулчны бааз,Tourist_Camp,Хүрхрээн цуурай жуулчны бааз,Waterfall Echo Tourist Camp,Өвөрхангай,Ovorkhangai,Бат-Өлзий,Bat-Ulzii,46.77606,101.97085,90112274,Tourism/Дүнгэнээ.jpg,폭포 에코 관광캠프,ウォーターフォール エコー ツーリスト キャンプ,瀑布回声旅游营地,Туристический лагерь «Водопад Эхо»
320,1,Жуулчны бааз,Tourist_Camp,Хөх тэнгэр эко жуулчны бааз,Blue Sky Eco Tourist Camp,Өвөрхангай,Ovorkhangai,Бат-Өлзий,Bat-Ulzii,46.79254,101.94088,99036379,Tourism/Дөл амралт.jpg,푸른하늘 에코관광캠프,ブルースカイエコツーリストキャンプ,蓝天生态旅游营地,Эко-туристический лагерь Blue Sky
321,1,Жуулчны бааз,Tourist_Camp,Адвентуре дэ вие бааз,Adventure De Vie Camp,Өвөрхангай,Ovorkhangai,Бат-Өлзий,Bat-Ulzii,46.78989,101.93681,99308427,Tourism/Дөл жуулчин.jpg,어드벤처 드비 캠프,アドベンチャー ドゥ ヴィー キャンプ,冒险德生活营,Приключенческий лагерь De Vie
322,1,Жуулчны бааз,Tourist_Camp,Адуучин бааз,Horse Man Guesthouse,Өвөрхангай,Ovorkhangai,Бат-Өлзий,Bat-Ulzii,46.78973,101.94235,95773827,Tourism/Дөлгөөн гурэм.jpg,호스 맨 게스트하우스,ホース マン ゲストハウス,马人宾馆,Гостевой дом Horse Man
323,1,Жуулчны бааз,Tourist_Camp,Ногоон цутгалан бааз,Green Tsutgalan Camp,Өвөрхангай,Ovorkhangai,Бат-Өлзий,Bat-Ulzii,46.78655,101.94506,99173719,Tourism/Дөлгөөн тэрэлж.jpg,그린 츄트갈란 캠프,グリーン ツットガラン キャンプ,绿色楚特加兰营地,Лагерь Зеленый Цутгалан
324,1,Жуулчны бааз,Tourist_Camp,Бат-өлзий өргөө жуулчны бааз,Bat-Ulzii Urguu Camp,Өвөрхангай,Ovorkhangai,Бат-Өлзий,Bat-Ulzii,46.81345,102.19689,88117189,Tourism/Дөрвөн бэрх.jpg,바트 울지 우르구 캠프,バトウルジイ・ウルグーキャンプ,巴特乌尔齐乌尔古营地,Лагерь Бат-Улзий Ургуу
325,1,Жуулчны бааз,Tourist_Camp,Урса мейжор геолож,Ursa Major Geolodge,Өвөрхангай,Ovorkhangai,Хужирт,Khujirt,46.94637,102.5864,70115534,Tourism/Дөрвөн бэрх1.jpg,큰곰자리 지오로지,Ursa Major ジオロッジ,大熊座地质旅馆,Геолодж Большой Медведицы
326,1,Жуулчны бааз,Tourist_Camp,Хан Хужирт мед велнесс амралт,Khan Khujirt Med Wellness Resort,Өвөрхангай,Ovorkhangai,Хужирт,Khujirt,46.90449,102.77492,77188888,Tourism/Дөрвөн улирал.png,칸 쿠지르트 메드 웰니스 리조트,カーン クジルト メッド ウェルネス リゾート,汗胡吉特医疗健康度假村,Хан Худжирт Мед Велнес Резорт
327,3,Рашаан сувилал,Spa_Resort,Хужирт рашаан сувилал,Khujirt Spa Resort,Өвөрхангай,Ovorkhangai,Хужирт,Khujirt,46.90469,102.77341,77115858,Tourism/Дөрвөн эрдэнэ.jpg,쿠지르트 스파 리조트,ホジルト スパ リゾート,胡吉特温泉度假村,Худжирт Спа-курорт
328,3,Рашаан сувилал,Spa_Resort,Сэмжид хужирт,Semjid Khujirt,Өвөрхангай,Ovorkhangai,Хужирт,Khujirt,46.90321,102.7696,8802 1191,Tourism/Ерлөг бааз.jpg,셈지드 쿠지르트,セムジド・クジルト,塞姆吉德·胡吉特,Семджид Худжирт
329,1,Жуулчны бааз,Tourist_Camp,Сарлагийн хөндий,Yak Valley Resort,Өвөрхангай,Ovorkhangai,Бат-Өлзий,Bat-Ulzii,46.78053,102.04004,80852244,Tourism/Ерөө лож.jpg,야크 밸리 리조트,ヤクバレーリゾート,牦牛谷度假村,Курорт Як Вэлли
330,1,Жуулчны бааз,Tourist_Camp,Хөнөг гэр буудал,Khunug Guest House,Өвөрхангай,Ovorkhangai,Бат-Өлзий,Bat-Ulzii,46.77469,102.00633,,Tourism/Есөн булаг.jpg,쿠누그 게스트하우스,クヌグ ゲストハウス,库努格宾馆,Гостевой дом Кхунуг
331,1,Жуулчны бааз,Tourist_Camp,Хустын рашаан гэр буудал,Khust Rashaan Ger Camp ,Өвөрхангай,Ovorkhangai,Бат-Өлзий,Bat-Ulzii,46.89514,102.32635,,Tourism/Есөн нарс лож.jpg,후스트 스파 게르 호텔,クスト スパ ゲル ホテル,库斯特温泉酒店,Отель Khust Spa Ger
332,1,Жуулчны бааз,Tourist_Camp,Жуулчны бааз,Tourist Camp,Өвөрхангай,Ovorkhangai,Бат-Өлзий,Bat-Ulzii,46.75238,102.22232,,Tourism/Есөн төгөл.jpg,관광 캠프,ツーリストキャンプ,旅游营地,Туристический лагерь
333,6,Замын гуанз,Roadside_Diner,Нарийнтээл замын гуанз,Nariinteel Road Canteen,Өвөрхангай,Ovorkhangai,Нарийн тээл,Nariinteel,45.95713,101.44753,,Tourism/Есөн эрдэнэ.jpg,나린틸 로드 구내식당,ナリンティールロード食堂,纳林斯蒂尔路食堂,Столовая на дороге Нарин Тэл
334,1,Жуулчны бааз,Tourist_Camp,Говь эрдэнэ жуулчны бааз,Gobi Erdene Tourist Camp,Өмнөговь,Omnogovi,Сэврэй,Sevrei,43.82177,102.33092,77200333,Tourism/Есөн өрлөг.jpg,고비 에르덴 투어리스트 캠프,ゴビ エルデネ ツーリスト キャンプ,额尔德尼戈壁旅游营地,Туристический лагерь Гоби Эрдэнэ
335,1,Жуулчны бааз,Tourist_Camp,Говь анар жуулчны бааз,Gobi Anar Tourist Camp,Өмнөговь,Omnogovi,Сэврэй,Sevrei,43.85475,102.38744,99183299,Tourism/ЖМ амралт.jpg,고비 아나르 투어리스트 캠프,ゴビ アナル ツーリスト キャンプ,阿纳尔戈壁旅游营地,Туристический лагерь Гоби Анар
336,1,Жуулчны бааз,Tourist_Camp,Big Sky,Big Sky,Өмнөговь,Omnogovi,Булган,Bulgan,43.97821,103.69401,99759252,Tourism/Жавхлант хүүхдийн.jpg,빅 스카이,ビッグスカイ,大天空,Большое Небо
337,1,Жуулчны бааз,Tourist_Camp,Гурван тэмээт лож,Three Camel Lodge,Өмнөговь,Omnogovi,Булган,Bulgan,43.89361,103.74062,11313396,Tourism/Жалман зэлүүд.jpg,쓰리 카멜 롯지,スリーキャメルロッジ,三骆驼旅馆,Ложа Трех Верблюдов
338,1,Жуулчны бааз,Tourist_Camp,Турто кэмп,Turto Tourist Camp,Өмнөговь,Omnogovi,Булган,Bulgan,44.17612,103.6972,88021410,Tourism/Жананаран.jpg,투르토 투어리스트 캠프,トゥルト ツーリスト キャンプ,图尔托旅游营地,Туристический лагерь Турто
339,1,Жуулчны бааз,Tourist_Camp,Говь баянбүрд жуулчны бааз,Gobi Oasis Tourist Camp,Өмнөговь,Omnogovi,Булган,Bulgan,44.16267,103.67712,99013017,Tourism/Жаргалан зуслан.jpg,고비 오아시스 투어리스트 캠프,ゴビ オアシス ツーリスト キャンプ,戈壁绿洲旅游营地,Туристический лагерь Гоби Оазис
340,1,Жуулчны бааз,Tourist_Camp,Тэгри говь ресорт,Tegri Gobi Resort,Өмнөговь,Omnogovi,Булган,Bulgan,44.15203,103.65921,77773331,Tourism/Жаргалан эко.jpg,테그리 고비 리조트,テグリ ゴビ リゾート,特格里戈壁度假村,Тегри Гоби Резорт
341,1,Жуулчны бааз,Tourist_Camp,Монгол говь жуулчны бааз,Mongol Gobi Tourist Camp,Өмнөговь,Omnogovi,Булган,Bulgan,44.13092,103.70099,70170299,Tourism/Жаргалант ресорт.jpg,몽골 고비 관광캠프,モンゴル ゴビ ツーリスト キャンプ,蒙古戈壁旅游营,Монгольский туристический лагерь Гоби
342,1,Жуулчны бааз,Tourist_Camp,Говь тур кэмп,Gobi Tour Tourist Camp,Өмнөговь,Omnogovi,Булган,Bulgan,44.12452,103.72883,99091285,Tourism/Жаргалтай гэр бүл.jpg,고비투어 관광캠프,ゴビツアーツーリストキャンプ,戈壁游旅游营,Туристический лагерь Гоби Тур
343,1,Жуулчны бааз,Tourist_Camp,Флэйминг клифс гэр буудал,Flaming Cliffs Ger Camp,Өмнөговь,Omnogovi,Булган,Bulgan,44.11186,103.72572,89441212,Tourism/Жаргант кэмп.jpg,불타는 절벽 게르 캠프,炎の崖ゲルキャンプ,火焰悬崖蒙古包营地,Лагерь «Пылающие скалы»
344,1,Жуулчны бааз,Tourist_Camp,Ноёлог говь кэмп,Noyolog Gobi Camp,Өмнөговь,Omnogovi,Булган,Bulgan,44.10868,103.7085,80084469,Tourism/Жаст ойл.jpg,노욜로그 고비 캠프,ノヨログ ゴビ キャンプ,诺约洛戈壁营地,Лагерь Нойолог Гоби
345,1,Жуулчны бааз,Tourist_Camp,Говийн зэрэглээ лож,Gobi Mirage Lodge,Өмнөговь,Omnogovi,Булган,Bulgan,43.80998,103.90721,88005700,Tourism/Жигүүр гэр бүл.jpg,고비 미라지 로지,ゴビ ミラージュ ロッジ,戈壁海市蜃楼山庄,Гоби Мираж Лодж
346,1,Жуулчны бааз,Tourist_Camp,Говь Баянзаг ресорт,Gobi-Bayanzag Resort,Өмнөговь,Omnogovi,Булган,Bulgan,44.1278,103.64541,,Tourism/Жирмийн цагаан нуур.jpg,고비-바얀자그 리조트,ゴビ・バヤンザグリゾート,戈壁-巴彦扎格度假村,Курорт Гоби-Баянзаг
347,1,Жуулчны бааз,Tourist_Camp,Гэр кэмп,Ger Camp,Өмнөговь,Omnogovi,Булган,Bulgan,44.087,103.68709,,Tourism/Жойфул.jpg,게르 캠프,ゲルキャンプ,格伦营,Гер Лагерь
348,1,Жуулчны бааз,Tourist_Camp,Говь эрдэнэ,Govi Erdene ,Өмнөговь,Omnogovi,Булган,Bulgan,44.09809,103.70751,,Tourism/Жонон.jpg,고비 에르데네,ゴヴィ・エルデネ,戈维·额尔登,Гоби Эрдэнэ
349,1,Жуулчны бааз,Tourist_Camp,Аму говь,Amu Gobi,Өмнөговь,Omnogovi,Булган,Bulgan,44.09222,103.71249,88565083,Tourism/Жошим.jpg,아무 고비,アム・ゴビ,阿姆戈壁,Аму Гоби
350,1,Жуулчны бааз,Tourist_Camp,Түвшин наран кэмп,Tuvshin Naran Camp,Өмнөговь,Omnogovi,Ханхонгор,Khankhongor,43.76449,104.04738,91010024,Tourism/Жуулчин Алтай жуулчны бааз.jpg,투브신 나란 캠프,トゥブシン ナラン キャンプ,图夫申纳兰营地,Лагерь Тувшин Наран
351,1,Жуулчны бааз,Tourist_Camp,Буман бурам жуулчны бааз,Buman Buram Tourist Camp,Өмнөговь,Omnogovi,Ханхонгор,Khankhongor,43.65463,104.34053,80292935,Tourism/Жуулчин тэрэлж.jpg,부안불암 관광캠프,ブマン ブラム ツーリスト キャンプ,布曼布拉姆旅游营地,Туристический лагерь Буман Бурам
352,1,Жуулчны бааз,Tourist_Camp,Дүнгэнээ жуулчны бааз,Dungenee Tourist Camp,Өмнөговь,Omnogovi,Ханхонгор,Khankhongor,43.55686,104.13182,88082375,Tourism/Жуулчны бааз1.jpg,던진 투어리스트 캠프,ダンジーニー ツーリスト キャンプ,邓吉尼旅游营地,Туристический лагерь Данджини
353,6,Замын гуанз,Roadside_Diner,Ёлын ам кофе шоп,Yolyn Am Oyu Cofee Shop,Өмнөговь,Omnogovi,Ханхонгор,Khankhongor,43.48964,104.06481,95152152,Tourism/Заан тэрэлж.jpg,욜린 암 오유 커피숍,ヨリン・アム・オユ・コーヒーショップ,Yolyn Am Oyu 咖啡店,Кофейня «Йолын Ам Ойу»
354,1,Жуулчны бааз,Tourist_Camp,Говь өргөө кэмп,Gobi Urguu Camp,Өмнөговь,Omnogovi,Баяндалай,Bayandalai,43.55713,104.0334,99105563,Tourism/Заан түмэт.jpg,고비 우르구 캠프,ゴビ ウルグウ キャンプ,戈壁乌尔古营地,Лагерь Гоби Ургуу
355,1,Жуулчны бааз,Tourist_Camp,Хан богд гэр кэмп,Khanbogd Ger Camp,Өмнөговь,Omnogovi,Ханхонгор,Khankhongor,43.59431,104.03731,89116801,Tourism/Загаст нуур.jpg,칸복드 게르 캠프,カンボグド ゲル キャンプ,汗博格德蒙古包营地,Лагерь Ханбогд Гер
356,5,Хүүхдийн зуслан,Children_Summer_Camp,Буянт хотхон хүүхдийн зуслан,Buyant Khothon Children'S Camp,Өмнөговь,Omnogovi,Баяндалай,Bayandalai,43.59692,103.90233,89892429,Tourism/Замтын булаг.jpg,Buyant Khoton 어린이 캠프,ブヤント コートーン子供キャンプ,Buyant Khothon 儿童营,Детский лагерь Буянт Хотон
357,1,Жуулчны бааз,Tourist_Camp,Ар үр сувилал,Ar Ur Suvilal,Өмнөговь,Omnogovi,Ханхонгор,Khankhongor,43.56404,104.30724,89771855,Tourism/Замын - Үүд өртөө.jpg,아르 우르 수빌랄,アル・ウル・スヴィラル,阿尔·乌尔·苏维拉尔,Ар Ур Сувилал
358,7,Нисэх буудал,Airport,Ханбумбат нисэх буудал,Khanbumbat Airport,Өмнөговь,Omnogovi,Ханбогд,khanbogd,43.1351,106.84624,99017835,Tourism/Зараа.jpg,칸붐바트 공항,カンブンバット空港,汗布巴特机场,Ханбумбат аэропорт
359,8,Хилийн боомт,Border_Crossing,Гашуун Сухайт хилийн боомт,Gashuun Sukhait Border Station,Өмнөговь,Omnogovi,Ханбогд,Khanbogd,42.41371,107.57012,,Tourism/Зеркало гор.jpg,가슈운 수카이트 국경 검문소,ガシューン・スハイト国境駅,加舒恩苏海特边境站,Пограничный пункт Гашуун Сухайт
360,8,Хилийн боомт,Border_Crossing,Шивээ Хүрэнгийн хилийн боомт,Shivee Khuren Border Station,Өмнөговь,Omnogovi,Гурвантэс,Gurvantes,42.59093,101.28049,,Tourism/Золо амралт.jpg,시비 쿠렌 국경역,シヴェ・クレン国境駅,希维库伦边境站,Пограничный пункт Шивее Хурен
361,10,Шатахуун түгээх станц,Gas_Station,Сод Монгол ШТС,Sod Mongol Gas Station,Өмнөговь,Omnogovi,Цогт-Овоо,Tsogt-Ovoo,44.42163,105.32536,,Tourism/Зочны тохой.jpg,소드 몽골 주유소,ソッドモンゴルガソリンスタンド,索德蒙古加油站,Автозаправочная станция Сод Монгол
362,7,Нисэх буудал,Airport,Гурван сайхан нисэх буудал,Gurvan saikhan airport,Өмнөговь,Omnogovi,Ханхонгор,Khankhongor,43.60501,104.37016,,Tourism/Зулзага цомог.jpg,구르반 사이칸 공항,グルバンサイハン空港,古尔万·赛汗机场,Аэропорт Гурван Сайхан
363,1,Жуулчны бааз,Tourist_Camp,Гранд говь ресорт,Grand Gobi Resort,Өмнөговь,Omnogovi,Ханхонгор,Khankhongor,43.59744,104.29655,99052162,Tourism/Зулзага өргөө.jpg,그랜드 고비 리조트,グランド ゴビ リゾート,大戈壁度假村,Гранд Гоби Курорт
364,1,Жуулчны бааз,Tourist_Camp,Говийн баян бүрд -1,Goviin Bayanburd-1,Өмнөговь,Omnogovi,Ханхонгор,Khankhongor,43.61621,104.32039,95953012,Tourism/Зулзагын гол эрэл.jpg,고빈 바얀부르드-1,ゴヴィン・バヤンブルド1,戈文·巴彦布尔德-1,Говиин Баянбурд-1
365,1,Жуулчны бааз,Tourist_Camp,Даймонд говь гэр кэмп,Daimond Gobi Ger Camp,Өмнөговь,Omnogovi,Сэврэй,Sevrei,43.61273,102.11667,99319534,Tourism/Зулкагийн гэр бүлийн кэмп.jpg,다이아몬드 고비 게르 캠프,ダイヤモンドゴビゲルキャンプ,钻石戈壁格尔营地,Гер-лагерь Даймонд Гоби
366,2,Амралтын газар,Resort,Шандын унага амралт,Shandyn Unaga Resort,Сүхбаатар,Sukhbaatar,Баруун урт,Baruun-Urt,46.69237,113.19629,99058799,Tourism/Зүр.jpg,샨딘 우나가 리조트,シャンディン ウナガ リゾート,尚丁乌纳加度假村,Шандын Унага Резорт
367,2,Амралтын газар,Resort,Дагшин булаг амралт,Dagshin Bulag Resort,Сүхбаатар,Sukhbaatar,Дарьганга,Dariganga,45.29176,113.84316,99292872,Tourism/Зүрхэн.png,다그신 불라그 리조트,ダグシン ブラグ リゾート,达辛布拉格度假村,Курорт Дагшин Булаг
368,1,Жуулчны бааз,Tourist_Camp,Шилийн богд жуулчны бааз,Shiliin Bogd Tourist Camp,Сүхбаатар,Sukhbaatar,Дарьганга,Dariganga,45.48353,114.48627,91033140,Tourism/Зүүнхараа амралт.jpg,스리인 복드 관광캠프,シーリイン ボグド ツーリスト キャンプ,士林博格德旅游营地,Туристическая база Шилиин Богд
369,10,Шатахуун түгээх станц,Gas_Station,Дашваанжил газ,Dashvaanjil Gas Fuel,Сүхбаатар,Sukhbaatar,Түмэнцогт,Tumentsogt,47.57721,112.33649,70003311,Tourism/Зүүнхараа өртөө.jpg,다슈반질 가스 연료,ダシュヴァンジルガス燃料,达什瓦安吉尔燃气燃料,Газовое топливо Дашваанджил
370,8,Хилийн боомт,Border_Crossing,Бичигт хилийн  боомт,Bichigt Border Station,Сүхбаатар ,Sukhbaatar,Эрдэнэцагаан,Erdenetsagaan,45.76062,116.19621,,Tourism/Ивэн кэмп.jpg,비치그트 국경역,ビチグト国境駅,比希格特边境站,Пограничный пункт Бичигт
371,2,Амралтын газар,Resort,Зүүнхараа амралт,Zuunkharaa Resort,Сэлэнгэ,Selenge,Мандал,Mandal,48.83191,106.50927,99390595,Tourism/Ивээл тур.jpg,준카라 리조트,ズンハラ リゾート,祖恩卡拉度假村,Курорт Зуунхараа
372,3,Рашаан сувилал,Spa_Resort,Ходоодны рашаан,Khodoodny Rashaan,Сэлэнгэ,Selenge,Мандал,Mandal,48.82672,106.56078,,Tourism/Ивээлт тив.jpg,코두드니 라샨,コドゥドニー・ラシャーン,霍杜德尼·拉沙安,Ходудни Рашаан
373,2,Амралтын газар,Resort,Тарни амралт,Tarni Resort,Сэлэнгэ,Selenge,Мандал,Mandal,48.81601,106.78061,99506677,Tourism/Идэр Дампил.jpg,타르니 리조트,タルニ リゾート,塔尔尼度假村,Тарни Резорт
374,2,Амралтын газар,Resort,Бэрхийн амралт,Berh Resort,Сэлэнгэ,Selenge,Мандал,Mandal,48.80568,106.7956,,Tourism/Идэр гол.jpg,베르 리조트,ベル リゾート,贝尔度假村,Берх Резорт
375,2,Амралтын газар,Resort,Арван шовгор амралт,Arvan Shovgor Resort,Сэлэнгэ,Selenge,Мандал,Mandal,48.80417,106.80007,99237251,Tourism/Илч амралт.jpg,아르반 쇼브고르 리조트,アルヴァン ショブゴール リゾート,阿尔万修夫戈尔度假村,Арван Шовгор Резорт
376,1,Жуулчны бааз,Tourist_Camp,Тарни ривер лож,Tarni River Lodge,Сэлэнгэ,Selenge,Мандал,Mandal,48.8201,106.77652,72553988,Tourism/Илчит Хануй.jpg,타니 리버 로지,タルニ リバー ロッジ,塔尔尼河旅馆,Тарни Ривер Лодж
377,2,Амралтын газар,Resort,Мичид амралт,Michid Camp,Сэлэнгэ,Selenge,Мандал,Mandal,48.88385,106.10478,96077021,Tourism/Империал маунт.jpg,미치드 캠프,ミシッドキャンプ,米奇德·坎普,Мичид Кэмп
378,1,Жуулчны бааз,Tourist_Camp,Ерөө лож,Yeruu Lodge,Сэлэнгэ,Selenge,Жавхлант,Javhlant,49.83226,106.3654,80807000,Tourism/Ингэт тур.jpg,예루 로지,イェルー ロッジ,耶鲁旅馆,Йеруу Лодж
379,2,Амралтын газар,Resort,Номт амралт,Nomt Resort,Сэлэнгэ,Selenge,Алтанбулаг,Altanbulag,50.27649,106.30687,,Tourism/Инжой ши.jpg,놈트 리조트,ノムト リゾート,诺姆特度假村,Номт Резорт
380,2,Амралтын газар,Resort,Нарлаг номт амралт,Narlag Nomt Resort,Сэлэнгэ,Selenge,Алтанбулаг,Altanbulag,50.27669,106.3111,99267410,Tourism/Инн 39 амралт.jpg,날라그 놈트 리조트,ナーラグ ノムト リゾート,纳尔拉诺姆特度假村,Нарлаг Номт Резорт
381,2,Амралтын газар,Resort,Гоё сэлэнгэ амралт,Goyo Selenge Resort,Сэлэнгэ,Selenge,Алтанбулаг,Altanbulag,50.27514,106.30938,95522727,Tourism/Интермэд.jpg,고요 셀렝게 리조트,ゴヨ セレンゲ リゾート,戈约色楞格度假村,Гойо Селенге Резорт
382,2,Амралтын газар,Resort,Хан оргил амралт,Khan Orgil Resort,Сэлэнгэ,Selenge,Алтанбулаг,Altanbulag,50.2739,106.30938,99176465,Tourism/Иф тур Амарбаясгалант.jpg,칸 오르길 리조트,カーン オーギル リゾート,可汗奥吉尔度假村,Хан Оргил Резорт
383,2,Амралтын газар,Resort,Их монгол амралт,Ikh Mongol Resort,Сэлэнгэ,Selenge,Алтанбулаг,Altanbulag,50.27852,106.30317,,Tourism/Их Монгол.jpg,익 몽고 리조트,イク モンゴル リゾート,伊克蒙古度假村,Их Монгол Резорт
384,2,Амралтын газар,Resort,Хилчин амралт,Khilchin Camp,Сэлэнгэ,Selenge,Алтанбулаг,Altanbulag,50.26687,106.62328,,Tourism/Их Монгол1.jpg,킬친 캠프,キルチンキャンプ,希尔钦营地,Лагерь Хильчин
385,2,Амралтын газар,Resort,Гав хад амралт,Gav Khad,Сэлэнгэ,Selenge,Алтанбулаг,Altanbulag,50.25986,106.6591,99946363,Tourism/Их ам амралт.jpg,가브 카드,ガブ・カド,加夫·卡德,Гав Хад
386,1,Жуулчны бааз,Tourist_Camp,Хонд рашаан кэмп,Khond Rashaan Camp,Сэлэнгэ,Selenge,Алтанбулаг,Altanbulag,50.19067,106.65698,,Tourism/Их булаг ресорт.jpg,콘드 라샨 캠프,コンド・ラシャーン・キャンプ,孔德拉沙安营地,Лагерь Хонд Рашаан
387,2,Амралтын газар,Resort,Хонгор морьт амралт,Khongor Morit Resort,Сэлэнгэ,Selenge,Алтанбулаг,Altanbulag,50.29885,106.18509,95242459,Tourism/Их булаг.jpg,콩고르 모릿 리조트,ホンゴル モリット リゾート,孔戈尔莫里特度假村,Хонгор Морит Резорт
388,1,Жуулчны бааз,Tourist_Camp,Өргөн сэлэнгэ ресорт,Urgun Seleng Resort,Сэлэнгэ,Selenge,Алтанбулаг,Altanbulag,50.29091,106.15929,94239721,Tourism/Их наран төв.jpg,우르군 셀렝 리조트,ウルグン セレン リゾート,乌尔古纳色楞度假村,Ургун Селенг Резорт
389,2,Амралтын газар,Resort,Гурван нарст амралт,Gurvan Narst Resort,Сэлэнгэ,Selenge,Алтанбулаг,Altanbulag,50.28598,106.15133,99815422,Tourism/Их нарт чулуу.jpg,구르반 나스트 리조트,グルバン ナースト リゾート,古文纳斯特度假村,Гурван Нарст Резорт
390,1,Жуулчны бааз,Tourist_Camp,Ивэн кэмп,Iven Camp,Сэлэнгэ,Selenge,Баруунбүрэн,Baruunburen,49.47788,105.07207,88882045,Tourism/Их тайга.jpg,아이벤 캠프,イブン・キャンプ,伊文·坎普,Ивен Кэмп
391,1,Жуулчны бааз,Tourist_Camp,Иф тур кэмп амарбаясгалант,If Tour Amarbayasgalant,Сэлэнгэ,Selenge,Баруунбүрэн,Baruunburen,49.4827,105.07335,99189981,Tourism/Их тэнгэрийн хүрээ.jpg,아마르바야스갈란트(Amarbayasgalant)를 여행한다면,アマルバヤスガラントのツアーの場合,如果游览阿玛巴亚斯加兰特,Если тур Амарбаясгалант
392,2,Амралтын газар,Resort,Жм амралт,Jm Resort,Сэлэнгэ,Selenge,Шаамар,Shaamar,50.1109,106.2015,88781705,Tourism/Их уул амралт.jpg,제이엠리조트,JM リゾート,Jm度假村,Джм Резорт
393,2,Амралтын газар,Resort,Туж 89 амралт,Tuj89 Resort,Сэлэнгэ,Selenge,Шаамар,Shaamar,50.10986,106.2019,99740180,Tourism/Их хорго.jpg,투즈89 리조트,トゥジ89 リゾート,图杰89度假村,Туй89 Курорт
394,1,Жуулчны бааз,Tourist_Camp,Тужэко кэмп,Tujeco Camp,Сэлэнгэ,Selenge,Шаамар,Shaamar,50.10174,106.22168,99169010,Tourism/Их хуралдай.jpg,투제코 캠프,トゥジェコ キャンプ,图赫科营地,Лагерь Туджеко
395,2,Амралтын газар,Resort,Тужийн нарс 307,Tujiin Nars 307 Resort,Сэлэнгэ,Selenge,Шаамар,Shaamar,50.10514,106.21639,99104716,Tourism/Ихт тур.jpg,투지인 나스 307 리조트,トゥジイン ナーズ 307 リゾート,图金纳尔斯 307 度假村,Туджиин Нарс 307 Резорт
396,2,Амралтын газар,Resort,Найзууд амралт,Friends Resort,Сэлэнгэ,Selenge,Шаамар,Shaamar,50.08666,106.20056,,Tourism/Кавало клуб.jpg,프렌즈 리조트,フレンズ リゾート,朋友度假村,Курорт друзей
397,1,Жуулчны бааз,Tourist_Camp,Сод кэмп,Sod Camp,Сэлэнгэ,Selenge,Шаамар,Shaamar,50.08687,106.20551,,Tourism/Кафеяа.jpg,소드 캠프,ソッドキャンプ,草皮营,Дерновый лагерь
398,1,Жуулчны бааз,Tourist_Camp,Очир кэмп,Ochir Camp,Сэлэнгэ,Selenge,Шаамар,Shaamar,50.07786,106.19423,99124844,Tourism/Каяак.jpg,오키르 캠프,オチルキャンプ,奥其尔营地,Лагерь Очир
399,1,Жуулчны бааз,Tourist_Camp,Хүдэр жуулчны бааз,Khuder Tourist Camp,Сэлэнгэ,Selenge,Хүдэр,Khuder,49.68704,107.39308,88333435,Tourism/Ко тэрэлж.jpg,쿠데르 관광 캠프,クーデル ツーリスト キャンプ,胡德旅游营地,Туристический лагерь Худер
400,3,Рашаан сувилал,Spa_Resort,Дархан анагаагч сувилал,Darkhan Anagaagch Sanatorium,Сэлэнгэ,Selenge,Сайхан,Saikhan,49.40279,105.90687,88061245,Tourism/Кэмпли.jpg,다르칸 아나가그치 요양소,ダルハン・アナガグチ療養所,达尔汗阿纳加奇疗养院,Санаторий Дархан Анагач
401,2,Амралтын газар,Resort,Тулт амралт,Tult Resort ,Сэлэнгэ,Selenge,Мандал,Mandal,48.81644,106.67358,80720700,Tourism/Леона ресорт.jpg,툴트 리조트,タルト リゾート,塔尔特度假村,Тульт Резорт
402,2,Амралтын газар,Resort,Жаргалан зуслан амралт ,Jargalan Camping Resort,Сэлэнгэ,Selenge,Мандал,Mandal,48.78821,106.7092,,Tourism/Лотус ресорт.jpg,자르갈란 캠핑 리조트,ジャルガラン キャンピング リゾート,贾格兰露营度假村,Кемпинг-курорт «Жаргалан»
403,1,Жуулчны бааз,Tourist_Camp,Ноён тур,Noyon Tour,Сэлэнгэ,Selenge,Мандал,Mandal,48.71134,106.71192,80362090,Tourism/Лэйк вью.jpg,누아용 투어,ノヨンツアー,努瓦永之旅,Нойон Тур
404,1,Жуулчны бааз,Tourist_Camp,Хэлло Түнхэл гэр кэмп,Hello Tunkhel Ger Camp,Сэлэнгэ,Selenge,Мандал,Mandal,48.68782,106.76826,80734091,Tourism/МАРС.jpg,안녕 툰켈 게르 캠프,こんにちは、トゥンケルゲルキャンプ,你好，通克尔蒙古包营地,"Привет, лагерь Тунхель Гер"
405,1,Жуулчны бааз,Tourist_Camp,Түнхэл вүүдс гэр кэмп,Tunkhel Woods Ger Camp,Сэлэнгэ,Selenge,Мандал,Mandal,48.6854,106.77218,99858380,Tourism/МТС жуулчны бааз.jpg,툰켈 우즈 게르 캠프,トゥンケル ウッズ ゲル キャンプ,通克尔伍兹蒙古包营地,Лагерь Танхель Вудс Гер
406,1,Жуулчны бааз,Tourist_Camp,Түнхэл тур ресорт,Tunkhel Tour Resort,Сэлэнгэ,Selenge,Мандал,Mandal,48.66398,106.76484,88094133,Tourism/МУЗН-Хүүхэд.jpg,툰켈 투어 리조트,トゥンケル ツアー リゾート,通克尔旅游度假村,Тунхель Тур Резорт
407,2,Амралтын газар,Resort,Нарлаг түнхэл гэр бүл амралт,Narlag Tunkhel Family Resort,Сэлэнгэ,Selenge,Мандал,Mandal,48.64327,106.73857,9116 0631,Tourism/Магнай трейд ШТС ЦМандал.jpeg,날라그 툰켈 패밀리 리조트,ナルラグ トゥンケル ファミリー リゾート,纳拉格通克尔家庭度假村,Семейный курорт Нарлаг Тунхель
408,1,Жуулчны бааз,Tourist_Camp,Түнхэл зочид буудал,Tunkhel guest house,Сэлэнгэ,Selenge,Мандал,Mandal,48.64122,106.7554,99844844,Tourism/Магнай трейд ШТС.jpeg,툰켈 게스트하우스,トゥンケル ゲスト ハウス,通克尔旅馆,Гостевой дом Тунхель
409,2,Амралтын газар,Resort,Илч амралт,Ilch Resort,Сэлэнгэ,Selenge,Мандал,Mandal,48.64002,106.75887,89585595,Tourism/Магнай трэйд.jpeg,일치 리조트,イルチ リゾート,伊尔奇度假村,Ильч Резорт
410,2,Амралтын газар,Resort,Түнхэл Хайрхан,Tunkhel Khairkhan,Сэлэнгэ,Selenge,Мандал,Mandal,48.63712,106.7552,80718149,Tourism/Магнай тур.jpg,툰켈 카이르칸,トゥンケル・ハイルカン,通克尔·凯尔汗,Тунхель Хайрхан
411,1,Жуулчны бааз,Tourist_Camp,Шинэ амуу ресорт,Shine-Amuu Resort,Сэлэнгэ,Selenge,Мандал,Mandal,48.63192,106.75375,94102292,Tourism/Магнолиа.jpg,샤인아무 리조트,シャイン・アミュウ リゾート,闪耀阿姆度假村,Курорт Шайн-Амуу
412,1,Жуулчны бааз,Tourist_Camp,Зүрхэн кэмп,Zurkhen Camp,Сэлэнгэ,Selenge,Мандал,Mandal,48.63447,106.76854,80924429,Tourism/Майдар сан.jpg,주르켄 캠프,ズルケンキャンプ,祖尔肯营地,Лагерь Зурхен
413,1,Жуулчны бааз,Tourist_Camp,Янзтай Шовгор,Yanztai Shovgor,Сэлэнгэ,Selenge,Мандал,Mandal,48.62956,106.766,89047424,Tourism/Мандал зоог.jpg,얀즈타이 쇼브고르,ヤンツタイ・ショブゴール,延兹泰·绍夫戈尔,Янзтай Шовгор
414,1,Жуулчны бааз,Tourist_Camp,Тогос хайрхан буудал,Togos Khairkhan Inn,Сэлэнгэ,Selenge,Мандал,Mandal,48.63262,106.77092,99088718,Tourism/Мандал толгой.jpg,토고스 카이르칸 인,トーゴス ハイルカン イン,多哥斯凯尔汗旅馆,Тогос Хайрхан Инн
415,1,Жуулчны бааз,Tourist_Camp,Түнхэл жижиг байр түрээс,Tunkhel Tiny House Rent,Сэлэнгэ,Selenge,Мандал,Mandal,48.63222,106.77232,,Tourism/Мандал турс.jpg,툰켈 타이니 하우스 렌트,トゥンケル タイニー ハウス レント,Tunkhel 小房子出租,Аренда крошечного дома Тунхель
416,1,Жуулчны бааз,Tourist_Camp,Гэгээ Түнхэл түрээсийн байшин,Gegee Tunkhel House Rent,Сэлэнгэ,Selenge,Мандал,Mandal,48.6309,106.77547,94174559,Tourism/Мандала.jpg,게지 툰켈 하우스 렌트,ゲゲ トゥンケル ハウス レント,Gegee Tunkhel 房屋出租,Джи Тунхел Дом Аренда
417,1,Жуулчны бааз,Tourist_Camp,Түнхэл Таван Эрдэнэ,Tunkhel Tavan Erdene,Сэлэнгэ,Selenge,Мандал,Mandal,48.63387,106.77717,89806362,Tourism/Манлайн баясгалан.jpg,툰켈 타반 에르덴,トゥンケル タヴァン エルデネ,通克尔·塔万·额尔德尼,Тунхель Таван Эрдэнэ
418,1,Жуулчны бааз,Tourist_Camp,Түнхэл хаус,Tunkhel House,Сэлэнгэ,Selenge,Мандал,Mandal,48.63086,106.78295,94118991,Tourism/Манхан толгой.JPG,툰켈 하우스,トゥンケル ハウス,通克尔楼,Дом Тунхеля
419,2,Амралтын газар,Resort,Түнхэл гэр бүлийн амралт,Tunkhel Family Resort,Сэлэнгэ,Selenge,Мандал,Mandal,48.63029,106.78336,99805985,Tourism/Маргад амралт.jpg,툰켈 패밀리 리조트,トゥンケル ファミリー リゾート,通克尔家庭度假村,Семейный курорт Тунхель
420,1,Жуулчны бааз,Tourist_Camp,Түнхэл нойрмог хөндий,Tunkhel sleepy hollow,Сэлэнгэ,Selenge,Мандал,Mandal,48.62811,106.7826,80362090,Tourism/Марс жуулчны.jpg,툰켈 슬리피 할로우,トゥンケル スリーピー ホロウ,通克尔昏昏欲睡的空洞,Тунхель сонная лощина
421,2,Амралтын газар,Resort,Түнхэл титэм амралт,Tunkhel Titem Resort,Сэлэнгэ,Selenge,Мандал,Mandal,48.62338,106.75145,94524999,Tourism/Маунт24 лож.jpg,툰켈 티템 리조트,トゥンケル ティテム リゾート,通克尔蒂特姆度假村,Тунхель Титем Резорт
422,2,Амралтын газар,Resort,Түнхэл амралт,Tunkhel Resort,Сэлэнгэ,Selenge,Мандал,Mandal,48.63756,106.78417,98112255,Tourism/Мизуми.jpg,툰켈 리조트,トゥンケル リゾート,通克尔度假村,Тунхель Резорт
423,2,Амралтын газар,Resort,Буянт амралт,Buynt Resort,Сэлэнгэ,Selenge,Мандал,Mandal,48.64075,106.79043,,Tourism/Миний монгол эко.JPG,바인트 리조트,バイント リゾート,伯恩特度假村,Буйнт Резорт
424,2,Амралтын газар,Resort,Байгаль гэр амралт,Baigali Ger Resort,Сэлэнгэ,Selenge,Мандал,Mandal,48.64605,106.79795,,Tourism/Мираж жуулчны бааз.jpg,바이갈리 게르 리조트,バイガリ ゲル リゾート,拜加利格尔度假村,Курорт Байгали Гер
425,1,Жуулчны бааз,Tourist_Camp,Мөнхийн гэгээ гэр кэмп,Munkhiin Gegee Ger camp,Сэлэнгэ,Selenge,Мандал,Mandal,48.67434,106.82757,88309197,Tourism/Мираж кэмп.jpg,문키인 게게 게르 캠프,ムンキーン ゲゲ ゲル キャンプ,Munkhiin Gegee 蒙古包营地,Лагерь Мунхин Геге Гер
426,1,Жуулчны бааз,Tourist_Camp,Хуст Хужирт ресорт,Khust Khujirt Resort,Сэлэнгэ,Selenge,Мандал,Mandal,48.68139,106.83545,94831244,Tourism/Мичид кэмп.jpg,후스트 쿠지르트 리조트,フースト ホジルト リゾート,胡斯特胡吉特度假村,Хуст Хужирт Резорт
427,2,Амралтын газар,Resort,Монгол ахуй амралт Түнх,Mongolian Household Tunkh ,Сэлэнгэ,Selenge,Мандал,Mandal,48.68464,106.84174,89043234,Tourism/Мишээл 55.jpg,몽골 가구 툰크,モンゴル家庭トゥンク,蒙古族家庭Tunkh,Монгольский бытовой тунх
428,1,Жуулчны бааз,Tourist_Camp,Шонхор зуслан,Shonkhor Camp,Сэлэнгэ,Selenge,Мандал,Mandal,48.67892,106.85755,9903 6028,Tourism/Мишээл гостевой дом.jpg,숀코르 캠프,ションコールキャンプ,松克营地,Лагерь Шонхор
429,9,Төмөр замын өртөө,Railway_Station,Зүүнхараа төмөр замын өртөө,Zuunkharaa Railway Station,Сэлэнгэ,Selenge,Зүүнхараа,Zuunkharaa,48.8571,106.45488,,Tourism/Мишээл кэмп.jpg,주운하라 기차역,ズーンハラ駅,祖恩哈拉火车站,Железнодорожная станция Зуунхараа
430,9,Төмөр замын өртөө,Railway_Station,Сүхбаатар төмөр замын өртөө,Sukhbaatar Railway Station,Сэлэнгэ,Selenge,Сүхбаатар,Sukhbaatar,50.23699,106.1982,,Tourism/Могойт рашаан.jpg,수흐바타르 기차역,スフバートル駅,苏赫巴塔尔火车站,Железнодорожная станция Сухбаатар
431,6,Замын гуанз,Roadside_Diner,SS кофе шоп,SS Coffee shop,Сэлэнгэ,Selenge,Алтанбулаг,Altanbulag,50.30876,106.15379,,Tourism/Можито бар.jpg,SS 커피숍,SSコーヒーショップ,SS咖啡店,Кофейня SS
432,6,Замын гуанз,Roadside_Diner,Atmosphere кофе шоп,Atmosphere Coffee Shop,Сэлэнгэ,Selenge,Алтанбулаг,Altanbulag,50.30623,106.15296,99103596,Tourism/Мойлт хаус.jpg,분위기 좋은 커피숍,雰囲気のあるコーヒーショップ,Atmosphere咖啡店,Кофейня Atmosphere
433,6,Замын гуанз,Roadside_Diner,M&B кафе,M&B cafe,Сэлэнгэ,Selenge,Алтанбулаг,Altanbulag,50.30127,106.15835,,Tourism/Мойлтын тохой.jpg,M&B 카페,M&Bカフェ,M&B咖啡馆,Кафе M&B
434,1,Жуулчны бааз,Tourist_Camp,JB Frame A Camp SB,JB Frame A Camp SB,Сэлэнгэ,Selenge,Шаамар,Shaamar,50.13507,106.20274,99243032,Tourism/Мойлтын хүрхрээ.jpg,JB 프레임 A 캠프 SB,JBフレームAキャンプSB,JB Frame A Camp SB,JB Frame A Camp SB
435,1,Жуулчны бааз,Tourist_Camp,Морин аялал ба гэр амралтын газар,Horseback riding and ger resort,Сэлэнгэ,Selenge,Шаамар,Shaamar,50.13284,106.2041,99499014,Tourism/Молор-Эрдэнэ.jpg,승마 및 게르 리조트,乗馬とゲルリゾート,骑马和蒙古包度假村,Верховая езда и юртовый курорт
436,1,Жуулчны бааз,Tourist_Camp,Болор - Од амралт,Bolor-Od Resort,Сэлэнгэ,Selenge,Шаамар,Shaamar,50.1003,106.20336,88885790,Tourism/Молцог элс.jpg,볼로르-오드 리조트,ボロル・オド・リゾート,博洛尔奥德度假村,Курорт Болор-Од
437,1,Жуулчны бааз,Tourist_Camp,GEJUNA.T Camp,GEJUNA.T Camp,Сэлэнгэ,Selenge,Шаамар,Shaamar,50.11625,106.20142,95903557,Tourism/Мон ресорт.jpg,게주나.T 캠프,GEJUNA.Tキャンプ,GEJUNA.T 营地,Лагерь GEJUNA.T
438,1,Жуулчны бааз,Tourist_Camp,Хүмүн кэмп,Humun Camp,Сэлэнгэ,Selenge,Жавхлант,Javkhlant,49.6699,106.04981,99226364,Tourism/Мон тэнгэр.jpg,후문 캠프,フムンキャンプ,胡蒙营地,Лагерь Хумун
439,10,Шатахуун түгээх станц,Gas_Station,Дашваанжил Газ,Dashvaanjil Gas Fuel,Сэлэнгэ,Selenge,Баянгол,Bayangol,48.91691,106.07858,70003311,Tourism/Монгол ахуй.jpg,다슈반질 가스 연료,ダシュヴァンジルガス燃料,达什瓦安吉尔燃气燃料,Газовое топливо Дашваанджил
440,10,Шатахуун түгээх станц,Gas_Station,Тэс петролеум ШТС,Tes Petroleum Cas Station,Сэлэнгэ,Selenge,Баянгол,Bayangol,48.89737,106.09771,,Tourism/Монгол грвь.jpg,테스 석유 주유소,テス石油ガソリンスタンド,Tes石油加油站,Автозаправочная станция Тэс  Петролеум
441,10,Шатахуун түгээх станц,Gas_Station,Сод Монгол ШТС,Sod Mongol Gas Station,Сэлэнгэ,Selenge,Баянгол,Bayangol,48.88279,106.09078,,Tourism/Монгол зочид буудал.jpg,소드 몽골 주유소,ソッドモンゴルガソリンスタンド,索德蒙古加油站,Автозаправочная станция Сод Монгол
442,8,Хилийн боомт,Border_Crossing,Алтанбулаг хилийн боомт,Altanbulag Border Station,Сэлэнгэ ,Selenge,Алтанбулаг,Altanbulag,50.32212,106.48907,,Tourism/Монгол кэмп.jpg,알탄불라그 국경 검문소,アルタンブラグ国境駅,阿坦布拉格边境站,Пограничный пункт Алтанбулаг
443,8,Хилийн боомт,Border_Crossing,Сүхбаатар хилийн боомт,Sukhbaatar Border Station,Сэлэнгэ ,Selenge,Алтанбулаг,Altanbulag,50.32837,106.10589,,Tourism/Монгол морь унах клуб.jpg,수흐바타르 국경역,スフバートル国境駅,苏赫巴托尔边境站,Пограничный пункт Сухбаатар
444,1,Жуулчны бааз,Tourist_Camp,Молор-эрдэнэ жуулчны бааз,Molor-Erdene Tourist Camp,Төв,Tuv,Аргалант,Argalant,47.8461,105.87444,88111316,Tourism/Монгол морь унах төв.jpg,몰로르-에르데네 투어리스트 캠프,モロール エルデネ ツーリスト キャンプ,莫洛尔登旅游营地,Туристическая база Молор-Эрдэне
445,2,Амралтын газар,Resort,Молцог элс амралт,Moltsog Els Resort,Төв,Tuv,Аргалант,Argalant,47.8274,105.87303,99691217,Tourism/Монгол номад.jpg,몰트소그 엘스 리조트,モルツォグ エルス リゾート,莫措格埃尔斯度假村,Мольцог Элс Резорт
446,1,Жуулчны бааз,Tourist_Camp,Номад хорс жуулчны бааз,Nomad Horse Camp,Төв,Tuv,Сэргэлэн,Sergelen,47.680229,107.156932,99093419,Tourism/Монгол шилтгээн.jpg,유목민 말 캠프,ノマド ホース キャンプ,游牧马营,Конный лагерь кочевников
447,1,Жуулчны бааз,Tourist_Camp,Юмт жуулчны бааз,Yumt Tourist Camp,Төв,Tuv,Сэргэлэн,Sergelen,47.685352,106.866151,90902726,Tourism/Монголжин тур.jpg,윰트 투어리스트 캠프,ユムト ツーリスト キャンプ,尤姆特旅游营地,Туристический лагерь Юмт
448,1,Жуулчны бааз,Tourist_Camp,Говь мон жуулчны бааз,Gobi Mon Tourist Camp,Төв,Tuv,Сэргэлэн,Sergelen,47.58461,106.867283,,Tourism/Монголын амт.jpg,고비몬 관광캠프,ゴビ モン ツーリスト キャンプ,戈壁蒙旅游营地,Туристический лагерь Гоби Мон
449,1,Жуулчны бааз,Tourist_Camp,М.а.р.с,M.A.R.S,Төв,Tuv,Сэргэлэн,Sergelen,47.678849,106.874967,,Tourism/Монголын нууц товчоо.jpg,화성,火星,火星,МАРС
450,2,Амралтын газар,Resort,Херо гэр бүлийн амралт,Hero Family Resort,Төв,Tuv,Сэргэлэн,Sergelen,47.73752,106.88654,99156695,Tourism/Монде.jpg,히어로 패밀리 리조트,ヒーロー ファミリー リゾート,英雄家庭度假村,Семейный курорт «Герои»
451,2,Амралтын газар,Resort,Баян-уул амралт,Bayan Uul Resort,Төв,Tuv,Батсүмбэр,Batsumber,48.35619,106.83484,88017358,Tourism/Монки отог.jpg,바얀 울 리조트,バヤン ウル リゾート,巴彦乌尔度假村,Баян Уул Резорт
452,2,Амралтын газар,Resort,Гоё байгаль амралт,Beatiful Nature Resort,Төв,Tuv,Батсүмбэр,Batsumber,48.35406,106.83598,98116980,Tourism/Моностой.jpg,아름다운 자연 리조트,ビューティフル ネイチャー リゾート,美丽的自然度假村,Красивый природный курорт
453,2,Амралтын газар,Resort,Зочны тохой амралт,Zochny Tokhoi Resort,Төв,Tuv,Батсүмбэр,Batsumber,48.35228,106.83969,99089090,Tourism/Морин аялал ба.jpg,조크니 토호이 리조트,ゾチニー トコイ リゾート,佐赫尼托科伊度假村,Курорт Зочный Тохой
454,1,Жуулчны бааз,Tourist_Camp,Чампионс кэмп,Champions Camp,Төв,Tuv,Батсүмбэр,Batsumber,48.35379,106.84815,99190440,Tourism/Морь бариа.jpg,챔피언스 캠프,チャンピオンズキャンプ,冠军营,Лагерь Чемпионов
455,1,Жуулчны бааз,Tourist_Camp,Урт эрэг кэмп,Long Beach Mongolia Camp,Төв,Tuv,Батсүмбэр,Batsumber,48.34616,106.85044,88775312,Tourism/Морь трек.jpg,롱비치 몽골캠프,ロングビーチ モンゴリア キャンプ,长滩蒙古营,Лагерь Лонг-Бич в Монголии
456,2,Амралтын газар,Resort,Буудай амралт,Buudai Resort,Төв,Tuv,Батсүмбэр,Batsumber,48.34782,106.84634,88034451,Tourism/Морь уналга.jpg,부다이 리조트,ブウダイ リゾート,布戴度假村,Будай Резорт
457,2,Амралтын газар,Resort,Сайхан амралт,Saikhan Resort,Төв,Tuv,Батсүмбэр,Batsumber,48.34324,106.84611,99960606,Tourism/Морьтон.jpg,사이칸 리조트,サイカン リゾート,塞汗度假村,Сайхан Резорт
458,1,Жуулчны бааз,Tourist_Camp,Скаут эко кэмп,Scout Eco Camp,Төв,Tuv,Батсүмбэр,Batsumber,48.34238,106.84706,11324171,Tourism/Мэжик рок.jpg,스카우트 에코캠프,スカウトエコキャンプ,童子军生态营,Скаутский Эко Лагерь
459,2,Амралтын газар,Resort,Мөнхбат амралт,Munkhbat Resort,Төв,Tuv,Батсүмбэр,Batsumber,48.34149,106.8568,,Tourism/Мэлхий хад морь уналга.jpg,뭉크바트 리조트,ムンクバット リゾート,蒙克巴特度假村,Курорт Мунхбат
460,2,Амралтын газар,Resort,Амралтын газар,Resort,Төв,Tuv,Батсүмбэр,Batsumber,48.33838,106.85463,,Tourism/Мэндээ ахын кэмп.jpg,의지,リゾート,采取,Прибегнуть
461,2,Амралтын газар,Resort,Амралт ээжүүд,Mothers Resort,Төв,Tuv,Батсүмбэр,Batsumber,48.34124,106.85924,99291273,Tourism/Мянганы төгөл.jpg,마더스 리조트,マザーズ リゾート,母亲度假村,Матерский курорт
462,2,Амралтын газар,Resort,Намуун байгаль амралт,Namuun Baigal Resort,Төв,Tuv,Батсүмбэр,Batsumber,48.33905,106.85915,,Tourism/Мөнгө.jpg,나무운 바이갈 리조트,ナムウン バイガル リゾート,纳蒙拜加尔度假村,Намуун Байгал Резорт
463,2,Амралтын газар,Resort,Алтангадас амралт,Altangadas Resort,Төв,Tuv,Батсүмбэр,Batsumber,48.3381,106.88225,,Tourism/Мөнгөн агт.jpg,알탄가다스 리조트,アルタンガダス リゾート,阿尔唐加达斯度假村,Альтангадас Резорт
464,3,Рашаан сувилал,Spa_Resort,Түшээ гүн сахарын рашаан,Tusheegun Healing Water,Төв,Tuv,Батсүмбэр,Batsumber,48.3362,106.89638,,Tourism/Мөнгөн давалгаа.jpg,투시군 힐링 워터,トゥシーグン ヒーリング ウォーター,Tusheegun 疗愈水,Лечебная вода Тушихан
465,1,Жуулчны бааз,Tourist_Camp,Мөрөөдөл зуслан,Dream Camp,Төв,Tuv,Батсүмбэр,Batsumber,48.3282,106.88939,11312895,Tourism/Мөнгөн уул.jpg,드림캠프,ドリームキャンプ,梦想营,Лагерь Мечты
466,2,Амралтын газар,Resort,Баянгол эко амралт,Bayangol Eco Resort,Төв,Tuv,Батсүмбэр,Batsumber,48.32862,106.89548,97130108,Tourism/Мөнгөн хад.jpg,바양골 에코 리조트,バヤンゴル エコ リゾート,巴彦高勒生态度假村,Баянгол Эко Резорт
467,2,Амралтын газар,Resort,Эко монгол амралт,Ecomongol Resort,Төв,Tuv,Батсүмбэр,Batsumber,48.32646,106.89786,97130108,Tourism/Мөнгөт цохио.jpg,에코몽골 리조트,エコモンゴル リゾート,生态蒙古度假村,Экомонгол Резорт
468,2,Амралтын газар,Resort,Мөнхжин амралт,Munkjin Resort,Төв,Tuv,Батсүмбэр,Batsumber,48.42633,106.75967,95094012,Tourism/Мөнх тэнгэр.jpg,문진리조트,文津リゾート,芒克津度假村,Мункджин Резорт
469,2,Амралтын газар,Resort,Баянбуурал амралт,Bayanbuural Resort,Төв,Tuv,Батсүмбэр,Batsumber,48.47542,106.80882,95991959,Tourism/Мөнх тэнгэр2.jpg,바얀부랄 리조트,バヤンブーラル リゾート,巴彦布拉尔度假村,Баянбуурал Резорт
470,2,Амралтын газар,Resort,Баянбайгаль амралт,Bayanbaigal Resort,Төв,Tuv,Батсүмбэр,Batsumber,48.47465,106.81364,99051599,Tourism/Мөнх тэрэлж.jpg,바얀바이갈 리조트,バヤンバイガル リゾート,巴彦拜加尔度假村,Курорт Баянбайгал
471,2,Амралтын газар,Resort,Баянхангай амралт,Bayankhangai Resort,Төв,Tuv,Батсүмбэр,Batsumber,48.47319,106.80836,95053868,Tourism/Мөнх шүүр.jpg,바양항가이 리조트,バヤンハンガイ リゾート,巴彦坎艾度假村,Курорт Баянхангай
472,2,Амралтын газар,Resort,Цоомоо амралт,Tsoomoo,Төв,Tuv,Батсүмбэр,Batsumber,48.47214,106.80252,,Tourism/Мөнхжин амралт.jpg,쯔무,ツォーモー,楚穆,Цомоо
473,6,Замын гуанз,Roadside_Diner,Урьхан Борнуур хоолны газар,Urkhan Bornuur Restaurant,Төв,Tuv,Борнуур,Bornuur,48.47303,106.18328,,Tourism/Мөнхжин жуулчин.JPG,우르칸 보르누르 레스토랑,ウルハン・ボルヌール・レストラン,乌尔汗·博尔努尔餐厅,Ресторан Урхан Борнуур
474,2,Амралтын газар,Resort,Нархан амралт,Narkhan Resort,Төв,Tuv,Мөнгөнморьт,Mungunmorit,47.98648,108.49332,99829872,Tourism/Мөнхмандал зоог.jpg,나르칸 리조트,ナルカン リゾート,纳尔坎度假村,Нархан Резорт
475,2,Амралтын газар,Resort,Хаан хэрлэн амралт,Khaan Kherlen Resort,Төв,Tuv,Мөнгөнморьт,Mungunmorit,48.04089,108.5855,99119666,Tourism/Мөрөн лож.jpg,칸 케를렌 리조트,カーン ケレン リゾート,可汗克鲁伦度假村,Хаан Херлен Резорт
476,2,Амралтын газар,Resort,Мөнгөн агт амралт,Mungun Agt Resort,Төв,Tuv,Мөнгөнморьт,Mungunmorit,48.11683,108.70009,88077599,Tourism/Мөрөн нисэх буудал.jpg,문군 AGT 리조트,ムングン Agt リゾート,蒙贡阿格特度假村,Мунгун Агт Резорт
477,1,Жуулчны бааз,Tourist_Camp,Монголын нууц товчоо жуулчны бааз,Mongolian Secret History Camp,Төв,Tuv,Жаргалант,Jargalant,48.52219,106.06317,99096841,Tourism/Мөрөөдлийн сөгнөгөр.jpg,몽골 비밀역사캠프,モンゴル秘密歴史キャンプ,蒙古秘史营,Монгольский секретный исторический лагерь
478,1,Жуулчны бааз,Tourist_Camp,H хаус их-ам кэмп,H House Ikh-Am,Төв,Tuv,Налайх,Nalaikh,47.818049,107.304339,,Tourism/Мөрөөдөл кэмп.jpg,H 하우스 익암,H ハウス イカムアム,H House 伊克阿姆,H Дом Их-Ам
479,1,Жуулчны бааз,Tourist_Camp,Тэрэлж гэр гэст хаус,Terelj Ger Guesthouse,Төв,Tuv,Налайх,Nalaikh,47.826993,107.326449,,Tourism/НАМИР-2.jpg,테렐지 게르 게스트하우스,テレルジ ゲル ゲストハウス,特日勒吉格尔旅馆,Гостевой дом Терель Гер
480,2,Амралтын газар,Resort,Хас өргөө амралт,Khas Urguu Resort,Tөв,Tuv,Эрдэнэ,Erdene,47.88168,107.61563,80020252,Tourism/Надежда.jpg,카스 우르구 리조트,カシュ ウルグー リゾート,卡斯乌尔古度假村,Курорт Хас Ургуу
481,2,Амралтын газар,Resort,Шүтээн амралт,Shuteen Resort,Tөв,Tuv,Эрдэнэ,Erdene,47.88302,107.61502,88889246,Tourism/Найзууд.jpg,슈틴 리조트,シュティーン リゾート,树亭度假村,Курорт Шутин
482,5,Хүүхдийн зуслан,Children_Summer_Camp,Сүүринг гране зуны зуслан,Soaring Grane Summer Camp,Tөв,Tuv,Эрдэнэ,Erdene,47.88338,107.64224,95330783,Tourism/Найман шарга.jpg,소어링그레인 여름캠프,ソアリング グラン サマー キャンプ,翱翔格拉恩夏令营,Летний лагерь Soaring Grane
483,1,Жуулчны бааз,Tourist_Camp,Тэнгри жуулчны бааз,Tengri Tourist Camp,Tөв,Tuv,Эрдэнэ,Erdene,47.80617,107.54773,,Tourism/Найрамдал гэр.jpg,텡그리 관광캠프,テングリ ツーリスト キャンプ,腾格里旅游营,Туристический лагерь Тенгри
484,1,Жуулчны бааз,Tourist_Camp,Хариг трэйд,Kharig Trade,Төв,Tuv,Эрдэнэ,Erdene,47.82074,107.55912,99192755,Tourism/Налайх нисэх буудал.jpg,카리그 무역,カリグ貿易,卡里格贸易,Торговля Хариг
485,2,Амралтын газар,Tourist_Camp,Идэр Дампил Амралт,Ider Dampil Resort,Төв,Tuv,Эрдэнэ,Erdene,47.81939,107.55459,99058422,Tourism/Намир.jpg,이데르 담필 리조트,イダー・ダンピル・リゾート,이데르 담필 리조트,Курорт Идэр Дампил
486,2,Амралтын газар,Resort,Эко байгаль амралт,Eco Baigal Resort,Төв,Tuv,Эрдэнэ,Erdene,47.81248,107.81248,95778444,Tourism/Намуун хөндий кэмп.jpg,에코 바이갈 리조트,エコバイガルリゾート,贝加尔生态度假村,Эко-курорт Байгал
487,1,Жуулчны бааз,Tourist_Camp,Жуулчны бааз,Tourist Camp,Төв,Tuv,Эрдэнэ,Erdene,47.81258,107.55995,88107181,Tourism/Нандин гэр бүлийн амралт.jpg,관광 캠프,ツーリストキャンプ,旅游营地,Туристический лагерь
488,1,Жуулчны бааз,Tourist_Camp,Чингисийн өртөө кэмп,Chingisiin Urtuu Camp,Төв,Tuv,Эрдэнэ,Erdene,47.80182,107.55651,99176242,Tourism/Наран булаг.jpg,칭기신 우르투 캠프,チンギシイン・ウルトゥー・キャンプ,成吉思汗乌尔图营地,Лагерь Чингисин Уртуу
489,1,Жуулчны бааз,Tourist_Camp,Зулкагийн гэр бүлийн кэмп,Zulka’s Family Camp,Төв,Tuv,Эрдэнэ,Erdene,47.8075,107.56182,99047283,Tourism/Наран жинст.jpg,줄카의 가족 캠프,ズルカのファミリーキャンプ,祖尔卡家庭营地,Семейный лагерь Зулки
490,1,Жуулчны бааз,Tourist_Camp,Хөх морьт жуулчны бааз,Khukh Morit Tourist Camp,Төв,Tuv,Эрдэнэ,Erdene,47.82687,107.56423,88110542,Tourism/Наран зангилаа.jpg,쿠크 모리트 관광 캠프,クフ・モリット観光キャンプ,库赫莫里特旅游营地,Туристический лагерь Хух Морит
491,1,Жуулчны бааз,Tourist_Camp,Нислэг төв,Nisleg-Center,Төв,Tuv,Эрдэнэ,Erdene,47.80819,107.57544,99045965,Tourism/Наран турс.jpg,니슬레그 센터,ニスレグセンター,尼斯莱格中心,Нислег-Центр
492,1,Жуулчны бааз,Tourist_Camp,Отог кэмп,Otog Camp,Төв,Tuv,Эрдэнэ,Erdene,47.80284,107.57194,86503311,Tourism/Наран өргөө.jpg,오토그 캠프,オトグキャンプ,奥托格营地,Лагерь Отог
493,1,Жуулчны бааз,Tourist_Camp,Слип Н флай Монгол,Slip N Fly Mongolia,Төв,Tuv,Эрдэнэ,Erdene,47.80251,107.57458,99995229,Tourism/Наран-Уул амралт.jpg,슬립앤플라이 몽골리아,スリップ・アンド・フライ・モンゴル,滑行蒙古,Слип Н Флай Монголия
494,1,Жуулчны бааз,Tourist_Camp,Тэргэл саран гэр буудал,Full Moon Yurt Guest House,Төв,Tuv,Эрдэнэ,Erdene,47.80521,107.59347,99087643,Tourism/Нарлаг зуслан.jpg,풀문 유르트 게스트하우스,フルムーン ユルト ゲストハウス,满月蒙古包宾馆,Гостевой дом «Юрта Полнолуния»
495,1,Жуулчны бааз,Tourist_Camp,Морьтон ресорт,Moriton Resort,Төв,Tuv,Эрдэнэ,Erdene,47.80426,107.59313,90111116,Tourism/Нарлаг номт амралт.jpg,모리톤 리조트,モリトンリゾート,莫里顿度假村,Курорт Моритон
496,1,Жуулчны бааз,Tourist_Camp,Гарьд ресорт,Garid Resort,Төв,Tuv,Эрдэнэ,Erdene,47.80254,107.59741,94207888,Tourism/Нарлаг тосгон.jpg,가리드 리조트,ガリドリゾート,加里德度假村,Курорт Гарид
497,1,Жуулчны бааз,Tourist_Camp,AI арт кэмп,AI Art Camp,Төв,Tuv,Эрдэнэ,Erdene,47.79671,107.59654,,Tourism/Нарлаг тэрэлж.jpg,AI 아트 캠프,AIアートキャンプ,AI 아트 캠프,Лагерь Искусств с Использованием ИИ
498,1,Жуулчны бааз,Tourist_Camp,Өртөө ноёны өргөө ,Urtuu Noynii Urguu,Төв,Tuv,Эрдэнэ,Erdene,47.79965,107.61032,,Tourism/Нарны орон.jpg,우르투 노이니 우르구,ウルトゥ・ノイニ・ウルグウ,乌尔图·诺伊尼·乌尔古,Дом повелителя Урту
499,3,Рашаан сувилал,Spa_Resort,Өвөр жанчивлан рашаан сувилал,Ubur Janchivlan Mineral Water Sanatorium,Төв,Tuv,Эрдэнэ,Erdene,47.59834,107.61533,"70004711, 80651511, 80850888",Tourism/Нарс хүүхдийн зуслан.png,우부르 잔치블란 미네랄 워터 요양원,ウブル ジャンチブラン ミネラル ウォーター サナトリウム,乌布尔詹奇夫兰矿泉水疗养院,Санаторий минеральных вод Убур Джанчивлан
500,3,Рашаан сувилал,Spa_Resort,Янгир рашаан сувилал,Yangir Mineral Water Sanatorium,Төв,Tuv,Эрдэнэ,Erdene,47.59452,107.61142,99835757,Tourism/Нархан амралт.jpg,양기르 미네랄 워터 요양소,ヤンギル ミネラル ウォーター サナトリウム,杨吉尔矿泉水疗养院,Санаторий минеральных вод Янгир
501,2,Амралтын газар,Resort,Ража монгол амралт,Raja Resort Mongolia,Төв,Tuv,Эрдэнэ,Erdene,47.76662,107.68696,98102822,Tourism/Нархан амралт1.jpg,라자 리조트 몽골리아,ラジャ リゾート モンゴリア,蒙古拉贾度假村,Раджа Резорт Монголия
502,1,Жуулчны бааз,Tourist_Camp,Баян монгол ресорт,Bayan Mongolian Resort,Төв,Tuv,Эрдэнэ,Erdene,47.82476,107.61642,95909220,Tourism/Нархан жуулчин.jpg,바얀 몽골리안 리조트,バヤン モンゴリアン リゾート,巴彦蒙古度假村,Баян Монгольский Курорт
503,1,Жуулчны бааз,Tourist_Camp,Өртөө толгой кэмп,Urtuu Tolgoi Camp,Төв,Tuv,Эрдэнэ,Erdene,47.79604,107.61757,99101220,Tourism/Натуре доор.jpg,우르투 톨고이 캠프,ウルトゥ トルゴイ キャンプ,乌尔图陶勒盖营地,Лагерь Уртуу Толгой
504,2,Амралтын газар,Resort,Хайрын билэг амралт,Khairyn Bileg Resort,Төв,Tuv,Эрдэнэ,Erdene,47.84936,107.5573,89353030,Tourism/Натурес доор.jpg,카이린 빌렉 리조트,カイリン ビレグ リゾート,凯林比勒格度假村,Хайрын Билег Резорт
505,2,Амралтын газар,Resort,Инжой  инн кэмп,Enjoi Inn Camp,Төв,Tuv,Эрдэнэ,Erdene,47.84581,107.56019,99118108,Tourism/Нелли.jpg,엔조이 인 캠프,エンジョイ イン キャンプ,恩乔伊营地旅馆,Энджой Инн Кэмп
506,1,Жуулчны бааз,Tourist_Camp,Хан-овоот жуулчны бааз,Khan Ovoot Tourist Camp,Төв,Tuv,Эрдэнэ,Erdene,47.83857,107.58236,99991214,Tourism/Нефт Оюунаа.jpg,칸 오부트 투어리스트 캠프,カーン オブート ツーリスト キャンプ,汗奥沃特旅游营地,Туристический лагерь Хан Овоот
507,2,Амралтын газар,Resort,Тогостой амралт,Togostoi Resort,Төв,Tuv,Эрдэнэ,Erdene,47.83939,107.58983,99033333,Tourism/Нислэг төв.jpg,토고스토이 리조트,トゴストイ リゾート,托戈斯托伊度假村,Курорт Тогостой
508,2,Амралтын газар,Resort,Монголын улаан загалмай нийгэмлэгийн хүүхэд залуучуудын хөгжлийн төв,Mongolian Red Cross Society Child And Youth Development Center,Төв,Tuv,Эрдэнэ,Erdene,47.85807,107.58505,11323334,Tourism/Ногоон ертөнц.jpg,몽골적십자사 아동청소년개발센터,モンゴル赤十字社児童青少年開発センター,蒙古红十字会儿童青少年发展中心,Центр развития детей и молодежи Монгольского общества Красного Креста
509,1,Жуулчны бааз,Tourist_Camp,Каяк кэмп,Kayak Camp,Төв,Tuv,Эрдэнэ,Erdene,47.86399,107.58398,95908050,Tourism/Ногоон төгөл.jpg,카약 캠프,カヤックキャンプ,皮划艇营,Каяк-лагерь
510,1,Жуулчны бааз,Tourist_Camp,Мандал жуулчны бааз,Mandal Tourist Camp,Төв,Tuv,Эрдэнэ,Erdene,47.86298,107.58917,99901804,Tourism/Ногоон цутгалан.jpg,만달관광캠프,マンダル ツーリスト キャンプ,曼达尔旅游营地,Туристический лагерь Мандал
511,2,Амралтын газар,Resort,Боорчийн өргөө амралт,Boorchiin Urguu Resort,Төв,Tuv,Эрдэнэ,Erdene,47.80582,107.54841,91919345,Tourism/Номад кэмпинг.jpg,부르친 우르구 리조트,ブルチン ウルグー リゾート,布尔钦乌尔古度假村,Курорт Бурчин Ургуу
512,1,Жуулчны бааз,Tourist_Camp,Уухайн дуу кэмп,Uukhain Duu Camp,Төв,Tuv,Эрдэнэ,Erdene,47.80424,107.55713,91171911,Tourism/Номад морь уналга.jpg,우크하인 두 캠프,ウーハイン ドゥウ キャンプ,乌克海因杜营地,Лагерь Уухаин Дуу
513,1,Жуулчны бааз,Tourist_Camp,Нарны орон жуулчны бааз,Narny Oron Tourist Camp,Төв,Tuv,Эрдэнэ,Erdene,47.79912,107.56929,99000787,Tourism/Номина.jpg,나니 오론 투어리스트 캠프,ナルニー オロン ツーリスト キャンプ,纳尼奥龙旅游营地,Туристическая база Нарный Орон
514,2,Амралтын газар,Resort,Долоон бурхан амралт,Seven Star Tour,Төв,Tuv,Эрдэнэ,Erdene,47.79707,107.57194,95336655,Tourism/Номинжин.jpg,세븐스타 투어,ななつ星ツアー,七星之旅,Семизвездочный тур
515,1,Жуулчны бааз,Tourist_Camp,Хийморьт хишигтэн ресорт,Khiimort Khishigten Resort,Төв,Tuv,Эрдэнэ,Erdene,47.79538,107.57598,80247871,Tourism/Номун амралт.jpg,키이모트 키식텐 리조트,キーモルト キシグテン リゾート,希莫特希希格腾度假村,Курорт Хийморт Хишигтен
516,2,Амралтын газар,Resort,Тулын тохой амралт,Tulyn Tokhoi Resort,Төв,Tuv,Эрдэнэ,Erdene,47.87318,107.60828,94096404,Tourism/Номын булаг гуанз.jpg,툴린 토호이 리조트,トゥリン トコイ リゾート,图林托克霍伊度假村,Тулын Тохой Резорт
517,2,Амралтын газар,Resort,Дөрвөн улирал амралт,Four Seasons Camp,Төв,Tuv,Эрдэнэ,Erdene,47.87221,107.61734,94693003,Tourism/Норвоо амралт.jpg,포시즌스 캠프,フォーシーズンズキャンプ,四季营,Лагерь «Четыре сезона»
518,2,Амралтын газар,Resort,Баатар официал амралт,Hero Resort Official,Төв,Tuv,Эрдэнэ,Erdene,47.87161,107.62557,89115508,Tourism/Ноёлог говь.jpg,히어로리조트 공식,ヒーローリゾート公式,英雄度假村官方,Официальный представитель курорта Hero
519,2,Амралтын газар,Resort,Этүгэн харзтай амралт,Etugen Kharztai Resort,Төв,Tuv,Эрдэнэ,Erdene,47.87595,107.61653,,Tourism/Ноён тур.jpg,에투겐 카르즈타이 리조트,エトゥーゲン ハルツタイ リゾート,埃图根哈兹泰度假村,Этуген Харзтай Резорт
520,1,Жуулчны бааз,Tourist_Camp,Эгэл монгол кэмп,Egel Mongol Camp,Төв,Tuv,Эрдэнэ,Erdene,47.87696,107.62217,86066008,Tourism/Нуган тур.jpg,에겔몽골캠프,イーゲル・モンゴルキャンプ,埃格尔蒙古营,Монгольский лагерь Эгель
521,1,Жуулчны бааз,Tourist_Camp,Хан тур кэмп,Khan Tour Camp,Төв,Tuv,Эрдэнэ,Erdene,47.87885,107.61988,91118286,Tourism/Нутаг ус цогцолбор.jpg,칸 투어 캠프,カーン ツアー キャンプ,可汗旅游营地,Хан Тур Лагерь
522,1,Жуулчны бааз,Tourist_Camp,Арслан од кэмп,Arslan Od Camp,Төв,Tuv,Эрдэнэ,Erdene,47.88029,107.61583,99038778,Tourism/Нуур ой.jpg,아르슬란 오드 캠프,アルスラーンオッドキャンプ,阿尔斯兰奥德营地,Арслан Од Кэмп
523,2,Амралтын газар,Resort,Гэр бүлийн амралт,Family Resort,Төв,Tuv,Эрдэнэ,Erdene,47.78881,107.61547,91902882,Tourism/Нуурын ой.jpg,패밀리 리조트,ファミリーリゾート,家庭度假村,Семейный курорт
524,1,Жуулчны бааз,Tourist_Camp,Есөн өрлөг,Yusun Urlug Resort,Төв,Tuv,Эрдэнэ,Erdene,47.79149,107.61789,94064888,Tourism/Нуурын толь.jpg,유선 얼루그 리조트,ユサン ウルルグ リゾート,玉孙乌鲁格度假村,Юсун Урлуг Резорт
525,1,Жуулчны бааз,Tourist_Camp,Шилийн булаг жуулчны бааз,Shiliin Bulag Tourist Camp,Төв,Tuv,Эрдэнэ,Erdene,47.7748,107.6519,70118584,Tourism/Нуурын эргийн явган.jpg,Shiliin Bulag 관광 캠프,シリン ブラグ ツーリスト キャンプ,士林布拉格旅游营地,Туристическая база Шилиин Булаг
526,2,Амралтын газар,Resort,Тайван төгөл гэр бүлийн амралт,Taivan Tugul Family Resort,Төв,Tuv,Эрдэнэ,Erdene,47.77348,107.6353,99025909,Tourism/Нуурын өглөө.jpg,타이반 투굴 패밀리 리조트,タイヴァン トゥグル ファミリー リゾート,泰万图古尔家庭度假村,Семейный курорт Тайван Тугул
527,1,Жуулчны бааз,Tourist_Camp,Бажа ресорт монгол,Baja Resort Mongolia,Төв,Tuv,Эрдэнэ,Erdene,47.76573,107.68717,98102822,Tourism/Нүдний рашаан.jpg,바자 리조트 몽골리아,バハ リゾート モンゴル,蒙古巴哈度假村,Баха Резорт Монголия
528,1,Жуулчны бааз,Tourist_Camp,Бөхөө майхан кэмп,Bukhuu Tent Camp,Төв,Tuv,Эрдэнэ,Erdene,47.74424,107.64353,,Tourism/Нүхт цогцолбор.jpg,북후 텐트 캠프,ブクー テント キャンプ,布库帐篷营地,Палаточный лагерь Бухуу
529,1,Жуулчны бааз,Tourist_Camp,Ойрхон майхан кэмп,Oirkhon Tent Camp,Төв,Tuv,Эрдэнэ,Erdene,47.74222,107.64244,99022072,Tourism/Овооны энгэр.jpg,오이르콘 텐트 캠프,オイホン テント キャンプ,奥尔洪帐篷营地,Палаточный лагерь Ойрхон
530,1,Жуулчны бааз,Tourist_Camp,Номад кэмпинг майхан кэмп,Nomad Camping Tent Camp,Төв,Tuv,Эрдэнэ,Erdene,47.7279,107.65885,88006790,Tourism/Од амралт.jpg,노마드 캠핑 텐트 캠프,ノマド キャンプ テント キャンプ,游牧露营帐篷营地,Палаточный лагерь Nomad Camping
531,1,Жуулчны бааз,Tourist_Camp,Тулах газар хөдөлгөөнт кэмп,Tulakh Gazar Mobile Camp,Төв,Tuv,Эрдэнэ,Erdene,47.75722,107.64715,94265000,Tourism/Од ресорт.jpg,툴라크 가자르 이동 캠프,トゥラク ガザール モバイル キャンプ,图拉赫加扎尔移动营地,Мобильный лагерь Тулах-Газар
532,1,Жуулчны бааз,Tourist_Camp,Үндэсний морин цэцэрлэгт хүрээлэн,National Horse Park,Төв,Tuv,Эрдэнэ,Erdene,47.81592,107.55619,72225522,Tourism/Од тэрэлж кэмп.jpg,국립 승마 공원,国立馬公園,国家马场,Национальный конный парк
533,2,Амралтын газар,Resort,"Наран жинст амралт, сэргээн засах төв",Naran Jinst Resort&Restoration Center,Төв,Tuv,Сэргэлэн,Sergelen,47.66651,107.24052,95119231,Tourism/Одой морь.jpg,나란 진스트 리조트&복원 센터,ナラン ジンスト リゾート&レストレーション センター,纳兰金斯特度假村及恢复中心,Курортно-восстановительный центр Наран Джинст
534,1,Жуулчны бааз,Tourist_Camp,Талын нүүдэлчид,Steppe Nomads Camp,Төв,Tuv,Баяндэлгэр,Bayandelger,47.60058,108.39666,94043499,Tourism/Ойн булаг.jpg,대초원 유목민 캠프,草原遊牧民キャンプ,草原游牧民族营地,Лагерь степных кочевников
535,1,Жуулчны бааз,Tourist_Camp,Принцес лож кэмп,Princes Lodge Camp,Төв,Tuv,Эрдэнэ,Erdene,48.12416,107.59511,99006420,Tourism/Ойн жим.jpg,프린스 로지 캠프,プリンセス ロッジ キャンプ,王子小屋营地,Лагерь Принсес Лодж
536,2,Амралтын газар,Resort,Бөртэ амралтын газар,Burte Resort,Төв,Tuv,Эрдэнэ,Erdene,47.75347,107.65453,"88992323, 94158811",Tourism/Ойрхон майхан кэмп.jpg,뷰트 리조트,バーテ リゾート,伯特度假村,Бурте Резорт
537,1,Жуулчны бааз,Tourist_Camp,Тухлах газар түр кэмп,Tukhlakh Gazar Mobile Camp,Төв,Tuv,Эрдэнэ,Erdene,47.75749,107.64706,94265000,Tourism/Олимп кэмп.jpg,투클라크 가자르 모바일 캠프,トゥクラク ガザール モバイル キャンプ,图克拉赫加扎尔移动营地,Мобильный лагерь Тухлах Газар
538,1,Жуулчны бааз,Tourist_Camp,Эко тур гэр кэмп,Eco tour ger camp,Төв,Tuv,Аргалант,Argalant,47.84224,105.8683,,Tourism/Оломгүй булаг.jpg,에코투어 게르캠프,エコツアーガーキャンプ,生态旅游蒙古包营地,Эко-тур в гер-лагере
539,1,Жуулчны бааз,Tourist_Camp,Сэртэн морьтон цогцолбор,Serten moriton complex,Төв,Tuv,Аргалант,Argalant,47.8466,105.87836,89960447,Tourism/Онги уул.jpg,세르텐 모리톤 콤플렉스,セルテン モリトン コンプレックス,Serten Moriton复合体,Комплекс Сертен Моритон
540,1,Жуулчны бааз,Tourist_Camp,Хайхэм өргөө,Haihem healing urgoo,Төв,Tuv,Аргалант,Argalant,47.84911,105.88179,80604096,Tourism/Онги энерги.jpg,하이헴 힐링 우르구,ハイヘム・ヒーリング・ウルグー,Haihem 治愈乌尔古,Хайхем исцеляющий урго
541,7,Нисэх буудал,Airport,Чингис хаан олон улсын нисэх буудал,Chinggis Khaan International Airport,Төв,Tuv,Сэргэлэн,Sergelen,47.65271,106.82153,19001980,Tourism/Онгийн нууц.jpg,칭기즈칸 국제공항,チンギスハーン国際空港,成吉思汗国际机场,Международный аэропорт Чингисхан
542,3,Амралтын газар,Resort,Дуган хад амралт,Dugan Khad Resort,Төв,Tuv,Борнуур,Bornuur,48.48182,106.06142,"99007002, 95037002",Tourism/Онголог тур.jpg,두간 카드 리조트,デュガン カド リゾート,杜甘卡德度假村,Курорт Дуган Кхад
543,2,Амралтын газар,Resort,Жонон амралт,Jonon Resort,Төв,Tuv,Борнуур,Bornuur,48.47984,106.06984,99003535,Tourism/Онцгой амралт.jpg,조논 리조트,ジョノン リゾート,乔农度假村,Джонон Резорт
544,1,Жуулчны бааз,Tourist_Camp,Тэст ов Монгол,Taste of Mongolia,Төв,Tuv,Борнуур,Bornuur,48.47505,106.07268,,Tourism/Оргил 3491.jpg,몽골의 맛,モンゴルの味,蒙古风味,Вкус Монголии
545,2,Амралтын газар,Resort,Луут нар амралт,Luut Nar Resort,Төв,Tuv,Борнуур,Bornuur,48.48678,106.09853,80866565,Tourism/Оргил гэр бүлийн.jpg,루트 나르 리조트,ルウト ナール リゾート,卢特纳尔度假村,Луут Нар Резорт
546,1,Жуулчны бааз,Tourist_Camp,Цагаан булаг,Tsagaan bulag,Төв,Tuv,Борнуур,Bornuur,48.44949,106.06005,98981112,Tourism/Оргих бааз.jpg,차간 불라그,ツァガーン・ブラグ,查干堡,Цагаан булаг
547,6,Замын гуанз,Roadside_Diner,Кофе шоп,Coffee Shop,Төв,Tuv,Борнуур,Bornuur,48.44482,106.12605,,Tourism/Орхон амралт.jpg,커피숍,コー​​ヒーショップ,咖啡馆,Кофейный магазин
548,2,Амралтын газар,Resort,Гэгээн чандмань амралт,Gegeen Chandmani Resort,Төв,Tuv,Баянчандмань,Bayanchandmani,48.12566,106.33868,98009449,Tourism/Орхон кэмп.jpg,게긴 찬드마니 리조트,ゲジーン チャンドマニ リゾート,格金昌德玛尼度假村,Гегин Чандмани Резорт
549,2,Амралтын газар,Resort,Чандмань Булаг амралт,Chandmani Bulag Resort,Төв,Tuv,Баянчандмань,Bayanchandmani,48.2738,106.32413,94918232,Tourism/Орхон түшээ.jpg,찬드마니 불라그 리조트,チャンドマニ ブラグ リゾート,昌德玛尼布拉格度假村,Чандмани Булаг Резорт
550,1,Жуулчны бааз,Tourist_Camp,Чандмань Тур,Chandmani tour,Төв,Tuv,Баянчандмань,Bayanchandmani,48.26505,106.30872,99091039,Tourism/Орхон хүрхрээ.jpg,찬드마니 투어,チャンドマニツアー,昌德玛尼之旅,Чандмани тур
551,1,Жуулчны бааз,Tourist_Camp,Грил хаус ресорт,Grill House Resort,Төв,Tuv,Баянчандмань,Bayanchandmani,48.25728,106.3081,88066076,Tourism/Оршил амралт.jpg,그릴 하우스 리조트,グリル ハウス リゾート,烧烤屋度假村,Гриль Хаус Резорт
552,2,Амралтын газар,Resort,Гантөгөл Амралт,Gantugul Resort,Төв,Tuv,Батсүмбэр,Batsumber,48.34368,106.8586,88103962,Tourism/Оршил ресорт.jpg,간투굴 리조트,ガントゥグル リゾート,甘图古尔度假村,Гантугул Резорт
553,1,Жуулчны бааз,Tourist_Camp,Баянгол шовгор түрээс,Bayangol Shovgor Rent,Төв,Tuv,Батсүмбэр,Batsumber,48.35788,106.82485,88092949,Tourism/Оршин тогтнохуй.jpg,바양골 쇼브고르 렌트,バヤンゴル・ショブゴールの家賃,巴彦高勒绍夫戈尔出租酒店,Баянгол Шовгор Рент
554,1,Жуулчны бааз,Tourist_Camp,Хайрын сөгнөгөр,Khairyn Sugnugur,Төв,Tuv,Батсүмбэр,Batsumber,48.39729,106.833,,Tourism/Отгон тайж.jpg,카이린 수그누구르,カイリン・スグヌグル,凯琳·苏格努古尔,Хайрын Сугнугур
555,1,Жуулчны бааз,Tourist_Camp,Янжка ресорт,Yanjka Resort,Төв,Tuv,Батсүмбэр,Batsumber,48.40108,106.83474,,Tourism/Отгонтэнгэр нисэх буудал.jpg,얀즈카 리조트,ヤンスカ リゾート,扬吉卡度假村,Янка Резорт
556,2,Амралтын газар,Resort,Сөгнүүр гол амралт,Sugnuur Gol Resort,Төв,Tuv,Батсүмбэр,Batsumber,48.39978,106.8439,,Tourism/Отог кэмп.jpg,수그누르 골 리조트,スグヌール ゴル リゾート,苏格努尔戈尔度假村,Курорт Сугнуур Гол
557,2,Амралтын газар,Resort,Сөгнөгөр гол амралт,Sugnugur River Resort,Төв,Tuv,Батсүмбэр,Batsumber,48.3963,106.8504,99194380,Tourism/Отоглох цэг.jpg,수그누구르 리버 리조트,スグヌグル リバー リゾート,苏格努古河度假村,Сугнугур Ривер Резорт
558,2,Амралтын газар,Resort,Сөгнөгөр амралт,Sugnugur Resort,Төв,Tuv,Батсүмбэр,Batsumber,48.39701,106.85366,,Tourism/Отоглох цэг1.jpg,수그누구르 리조트,スグヌグル リゾート,苏格努古尔度假村,Курорт Сугнугур
559,1,Жуулчны бааз,Tourist_Camp,Мөрөөдлийн сөгнөгөр,Dream Sugnugur,Төв,Tuv,Батсүмбэр,Batsumber,48.39457,106.85345,9905 8062,Tourism/Охота тур.jpg,드림 수누구르,ドリーム・スグヌグル,梦想苏古尔,Мечта Сугнугур
560,2,Амралтын газар,Resort,Шинэ сөгнөгөр гэр амралтын газар,New Signugur Ger Camp,Төв,Tuv,Батсүмбэр,Batsumber,48.39279,106.85605,,Tourism/Очир кэмп.jpg,뉴 시그누구르 게르 캠프,新しいシグヌグル ゲル キャンプ,新西格努古尔蒙古包营地,Новый лагерь Сигнугур Гер
561,2,Амралтын газар,Resort,Сөгнөгөр элбэг гэр амралт,Signugur Elbeg Ger Camp,Төв,Tuv,Батсүмбэр,Batsumber,48.39212,106.85613,99852616,Tourism/Оюу.jpg,시그누구르 엘베그 게르 캠프,シグヌグル エルベグ ゲル キャンプ,西尼古尔·埃尔贝格·格尔营地,Лагерь Сигнугур Эльбег Гер
562,1,Жуулчны бааз,Tourist_Camp,Сөгнөгөр хаус,Sugnugur House,Төв,Tuv,Батсүмбэр,Batsumber,48.39733,106.86007,99081973,Tourism/Палм спрингс.jpg,수그누구르 하우스,スグヌグル ハウス,苏格努古尔之家,Сугнугур Хаус
563,1,Жуулчны бааз,Tourist_Camp,Хан сөгнөгөр амралт,KHAN Sugnugur Camp,Төв,Tuv,Батсүмбэр,Batsumber,48.39674,106.86208,89994974,Tourism/Петровис 1.jpeg,칸 수그누구르 캠프,カーン・スグヌグル・キャンプ,可汗苏古尔营地,Лагерь ХАН Сугнугур
564,1,Жуулчны бааз,Tourist_Camp,Сөгнөгөр байшин түрээс,Sugnugur House Rent,Төв,Tuv,Батсүмбэр,Batsumber,48.39885,106.86191,,Tourism/Петровис 2.jpeg,수그누구르 하우스 렌트,スグヌグルの家の家賃,苏格努古尔房屋出租,Аренда дома в Сугнугуре
565,1,Жуулчны бааз,Tourist_Camp,Сөгнөгөр эко байр түрээс,Sugnugur Eco House Rent,Төв,Tuv,Батсүмбэр,Batsumber,48.3998,106.86022,86216874,Tourism/Петровис 3.jpeg,수그누구르 에코 하우스 렌트,スグヌグル エコ ハウス レント,苏格努古尔生态屋出租,Сугнугур Эко Хаус Аренда
566,1,Жуулчны бааз,Tourist_Camp,Туваандорж гэр бүлийн кэмп,Tuvaandorj Family Camp,Төв,Tuv,Батсүмбэр,Batsumber,48.40053,106.87242,95108757,Tourism/Премум болор.jpg,투반도르지 가족 캠프,トゥヴァンドルジ ファミリー キャンプ,图瓦安多尔吉家庭营,Семейный лагерь Туваандорж
567,2,Амралтын газар,Resort,Төгс Сөгнөгөр амралт,Tugs Sugnugur Resort,Төв,Tuv,Батсүмбэр,Batsumber,48.40065,106.88235,88226982,Tourism/Радость Монголия.jpg,예인선 수그누구르,タグス・スグヌグル,苏格努古尔拖船,Буксиры Сугнугур
568,2,Амралтын газар,Resort,Моностой амралт,Monostoi Resort,Төв,Tuv,Батсүмбэр,Batsumber,48.40069,106.88481,88993062,Tourism/Ража ресорт.jpg,모노스토이 리조트,モノストイ リゾート,莫诺斯托伊度假村,Курорт Мостойой
569,2,Амралтын газар,Resort,Сөгнөгөр Тоонот амралт,Sugnugur Toonot Resort,Төв,Tuv,Батсүмбэр,Batsumber,48.40158,106.88607,86050299,Tourism/Рай ресорт.jpg,수그누구르 투놋 리조트,サグヌグル トゥーノット リゾート,苏格努古尔图诺度假村,Сугнугур Тоонот Резорт
570,2,Амралтын газар,Resort,Цоохор Нуга амралт,Tsookhor Nuga Resort,Төв,Tuv,Батсүмбэр,Batsumber,48.40272,106.89912,89113950,Tourism/Рашаан эрдэнэ.jpg,추코 누가 리조트,ツックホール ヌガ リゾート,楚克努加度假村,Цухор Нуга Резорт
571,2,Амралтын газар,Resort,Цэцэгт Нуга Амралт,Tsetsegt Nuga Resort,Төв,Tuv,Батсүмбэр,Batsumber,48.40323,106.90576,99606040,Tourism/Рашаантын гуанз.jpeg,체체그트 누가 리조트,ツェツェグト ヌガ リゾート,采采格特努加度假村,Цэцегт Нуга Резорт
572,2,Амралтын газар,Resort,Өндрийн ар амралт,Undriin Ar Resort,Төв,Tuv,Батсүмбэр,Batsumber,48.34406,106.84312,88939797,Tourism/Ред рок.jpg,운드리인 아르 리조트,アンドリン アル リゾート,安德里因阿尔度假村,Ундрин Ар Резорт
573,2,Амралтын газар,Resort,Хийморь ресорт,Khiimori Resort,Төв,Tuv,Баянчандмань,Bayanchandmani,48.15042,106.35428,91111336,Tourism/Ресорт ворлд.jpg,키이모리 리조트,キイモリリゾート,基莫里度假村,Курорт Хиимори
574,1,Жуулчны бааз,Tourist_Camp,Инглиш сторм кэмп,English Storm Camp,Төв,Tuv,Баянчандмань,Bayanchandmani,48.18554,106.36765,99716070,Tourism/Рихобот.jpg,영어 폭풍 캠프,イングリッシュ ストーム キャンプ,英语风暴营,Английский штурмовой лагерь
575,2,Амралтын газар,Resort,60 амралт,60 Resort,Төв,Tuv,Баянчандмань,Bayanchandmani,48.18194,106.37432,,Tourism/Роки шүрэн арал.jpg,60리조트,60 リゾート,60度假村,60 Курорт
576,1,Жуулчны бааз,Tourist_Camp,Торлогт жуулчны бааз,Torlogt Resort,Төв,Tuv,Баянчандмань,Bayanchandmani,48.16,106.38183,98005337,Tourism/САЦ.jpg,토를로그트 리조트,トログト リゾート,托洛特度假村,Курорт Торлогт
577,1,Жуулчны бааз,Tourist_Camp,Суут ресорт,SUUT Resort,Төв,Tuv,Баянчандмань,Bayanchandmani,48.17052,106.4185,88010011,Tourism/СССР наша.jpg,수트 리조트,SUUT リゾート,苏特度假村,СУУТ Резорт
578,2,Амралтын газар,Resort,Хусхан эх хүүхдийн амралт,Khuskhan Mother-Child Resort,Төв,Tuv,Баянчандмань,Bayanchandmani,48.13897,106.38958,80109090,Tourism/Сайн шанд нисэх.jpg,쿠스칸 마더-차일드 리조트,クスカン マザーチャイルド リゾート,库斯坎母子度假村,Хусхан Курорт Матери и Ребенка
579,1,Жуулчны бааз,Tourist_Camp,Өргөн булаг MNB,Urgun Bulag Resort,Төв,Tuv,Баянчандмань,Bayanchandmani,48.13863,106.38508,,Tourism/Сайншанд өртөө.jpg,우르군 불라그 리조트,ウルグン ブラグ リゾート,乌尔古纳布拉格度假村,Ургун Булаг Резорт
580,1,Жуулчны бааз,Tourist_Camp,Намир ресорт,Namir Resort,Төв,Tuv,Баянчандмань,Bayanchandmani,48.12929,106.41326,91911424,Tourism/Сайхан амралт.jpg,나미르 리조트,ナミール リゾート,纳米尔度假村,Намир Резорт
581,1,Жуулчны бааз,Tourist_Camp,Наран булаг ресорт,Naran Bulag Resort,Төв,Tuv,Баянчандмань,Bayanchandmani,48.10585,106.39534,99090090,Tourism/Сайхан төгөл.jpg,나란 불라그 리조트,ナラン ブラグ リゾート,纳兰布拉格度假村,Наран Булаг Резорт
582,1,Жуулчны бааз,Tourist_Camp,Номинжин ресорт-2,Nominjim Resort-2,Төв,Tuv,Баянчандмань,Bayanchandmani,48.10442,106.40163,91998583,Tourism/Сакура Тэрэлж.jpg,노민짐리조트-2,ノーミンジム リゾート-2,诺敏吉姆度假村 2 号,Номинджим Резорт-2
583,1,Жуулчны бааз,Tourist_Camp,Намир-2 ресорт,Namir-2 Resort,Төв,Tuv,Баянчандмань,Bayanchandmani,48.12729,106.39694,99152377,Tourism/Сакура.jpg,나미르-2 리조트,ナミール 2 リゾート,纳米尔 2 号度假村,Намир-2 Резорт
584,1,Жуулчны бааз,Tourist_Camp,ЭМЖЖ сувилал,EMJJ Sanatorium,Төв,Tuv,Баянчандмань,Bayanchandmani,48.12093,106.39638,99248270,Tourism/Салхит өртөө.jpg,EMJJ 요양소,EMJJ サナトリウム,EMJJ疗养院,ЭМДЖ Санаторий
585,2,Амралтын газар,Resort,Хангайн болор амралт,Kangain Bolor Resort,Төв,Tuv,Баянчандмань,Bayanchandmani,48.09769,106.39621,80753333,Tourism/Салхит өртөө1.jpg,캉가인 볼로르 리조트,カンゲイン ボラー リゾート,坎甘博洛尔度假村,Кангайн Болор Резорт
586,2,Амралтын газар,Resort,БатСүндэр Амралт,Batsunder Resort,Төв,Tuv,Баянчандмань,Bayanchandmani,48.14223,106.41064,94442229,Tourism/Сан жуулчин.jpg,배트선더 리조트,バツンダー リゾート,巴特桑德度假村,Батсундер Резорт
587,1,Жуулчны бааз,Tourist_Camp,Замтын булаг ресорт,Zamtin Bulag Resort,Төв,Tuv,Баянчандмань,Bayanchandmani,48.08718,106.40192,80903689,Tourism/Санзай.jpg,잠틴 불라그 리조트,ザムティン ブラグ リゾート,扎姆丁布拉格度假村,Замтин Булаг Резорт
588,1,Жуулчны бааз,Tourist_Camp,Их булаг ресорт,Ikh Bulag Resort,Төв,Tuv,Баянчандмань,Bayanchandmani,48.08568,106.40263,98220289,Tourism/Санкт морьт.jpg,이크 불라그 리조트,イク ブラグ リゾート,伊克布拉格度假村,Курорт Их Булаг
589,2,Амралтын газар,Resort,Халиун Мед Эрүүл Мэндийн Амралт,Haliun Med Wellness Resort,Төв,Tuv,Баянчандмань,Bayanchandmani,48.08798,106.41194,77714488,Tourism/Сарлагийн хөндий.jpg,할리운 메드 웰니스 리조트,ハリウン メッド ウェルネス リゾート,哈林地中海疗养度假村,Халиун Мед Велнесс Резорт
590,2,Амралтын газар,Resort,Ивээлт Тив гэр бүлийн амралт, iveelt Tiv Family Resort,Төв,Tuv,Баянчандмань,Bayanchandmani,48.07982,106.41814,94961602,Tourism/Саруул амралт.jpg,아이벨트 티브 패밀리 리조트,イーベルト ティヴ ファミリー リゾート,伊维尔特蒂夫家庭度假村,Семейный курорт iveelt Tiv
591,1,Жуулчны бааз,Tourist_Camp,Магнолиа ресорт,Magnolia Resort,Төв,Tuv,Баянчандмань,Bayanchandmani,48.06958,106.44705,88011177,Tourism/Сатурн экстрим.jpg,매그놀리아 리조트,マグノリア リゾート,白玉兰度假村,Магнолия Резорт
592,1,Жуулчны бааз,Tourist_Camp,Мон ресорт ,Mon Rresort,Төв,Tuv,Баянчандмань,Bayanchandmani,48.07635,106.45357,95008519,Tourism/Синий.jpg,몬리조트,モン リリゾート,蒙瑞度假村,Пн Курорт
593,2,Амралтын газар,Resort,"Говь ресорт амралт,спорт цогцолбор",'Gobi Resort' Sport & Resort Complex Center,Төв,Tuv,Баянчандмань,Bayanchandmani,48.06809,106.47392,95952567,Tourism/Скай амралтын газар.jpg,'고비리조트' 스포츠&리조트 복합센터,「ゴビ リゾート」スポーツ & リゾート コンプレックス センター,“戈壁度假村”运动度假综合中心,Спортивно-курортный комплекс «Гоби Резорт»
594,2,Амралтын газар,Resort,Хайртхаан амралт,Khairtkhaan Resort,Төв,Tuv,Баянцогт,Bayantsogt,48.044,106.34036,99111212,Tourism/Скай лайн.jpg,카이르트칸 리조트,ヘアトカーン リゾート,凯特卡恩度假村,Хайртхаан Резорт
595,2,Амралтын газар,Resort,Орхон амралт ,Orkhon Summer Camp,Төв,Tuv,Баянцогт,Bayantsogt,48.05194,106.36222,88083031,Tourism/Скай лэнд ресорт.jpg,오르콘 여름 캠프,オルホンサマーキャンプ,鄂尔浑夏令营,Летний лагерь Орхон
596,1,Жуулчны бааз,Tourist_Camp,Өргөө лож,Urgoo Lodges,Төв,Tuv,Баянцогт,Bayantsogt,48.04088,106.37853,89116365,Tourism/Скай номад.jpg,우르구 로지,ウルグーのロッジ,乌尔古旅舍,Ургоо: лоджи
597,2,Амралтын газар,Resort,Зараа амралт,Zaraa Resort,Төв,Tuv,Баянцогт,Bayantsogt,48.04182,106.39843,95060666,Tourism/Скай ресорт.jpg,자라 리조트,ザラー リゾート,扎拉度假村,Зараа Резорт
598,2,Амралтын газар,Resort,Оюу Амралт,Oyu Resort,Төв,Tuv,Баянцогт,Bayantsogt,48.02331,106.44997,86785959,Tourism/Скай фрэнд.jpg,오유 리조트,大湯リゾート,奥尤度假村,Ою Резорт
599,3,Амралтын газар,Resort,UB M амралт,UBM Resort,Төв,Tuv,Аргалант,Argalant,47.89736,106.47475,86861386,Tourism/Скаут Эко.jpg,UB M 리조트,UB M リゾート,UB M 度假村,Курорт UB M
600,1,Жуулчны бааз,Tourist_Camp,Морины бариа,Finish of horse race,Төв,Tuv,Аргалант,Argalant,47.92976,106.50925,,Tourism/Слип Н Флай.jpg,경마의 마무리,競馬の終了,赛马结束,Финиш скачек
601,1,Жуулчны бааз,Tourist_Camp,Хүй долоон худаг,Hui Doloon Hudag,Төв,Tuv,Аргалант,Argalant,47.93035,106.51691,,Tourism/Сод Монгол ШТС.jpeg,후이 돌룬 후다그,ホイ・ドルーン・フダグ,惠·多隆·胡达格,Хуэй Долун Худаг
602,1,Жуулчны бааз,Tourist_Camp,Жирмийн цагаан нуур,Jirmiin Tsagaan Nuur,Төв,Tuv,Аргалант,Argalant,47.9422,106.13414,11367597,Tourism/Сод Монгол ШТС3.jpg,지르미인 차가안 누르,ジルミン・ツァガーン・ヌール,杰尔敏·查干·努尔,Джирмиин Цагаан Нуур
603,1,Жуулчны бааз,Tourist_Camp,Монгол номадик жуулчны бааз,Mongol Nomadic Tourist Camp,Төв,Tuv,Аргалант,Argalant,47.90329,106.23975,"88324411, 98118573",Tourism/Сод Монгол1 ШТС.jpeg,몽골 유목민 관광 캠프,モンゴル遊牧民観光キャンプ,蒙古游牧旅游营地,Монгольский кочевой туристический лагерь
604,2,Амралтын газар,Resort,Монгол хээр талын амралт,Mongol Prairie Resort,Төв,Tuv,Аргалант,Argalant,47.93215,106.19952,99013567,Tourism/Сод Монгол2.jpeg,몽골 프레리 리조트,モンゴル プレーリー リゾート,蒙古草原度假村,Монгол Прейри Резорт
605,1,Жуулчны бааз,Tourist_Camp,Triplore майхан кемп,Triplore Tent Camp,Төв,Tuv,Алтанбулаг,Altanbulag,47.72168,106.42571,80020657,Tourism/Сод амралт.jpg,트리플로어 텐트 캠프,トリプロア テント キャンプ,Triplore 帐篷营地,Палаточный лагерь Триплор
606,1,Жуулчны бааз,Tourist_Camp,Хуурай Ганчулуун,Huurai Ganchuluun,Төв,Tuv,Алтанбулаг,Altanbulag,47.70498,106.07781,88076429,Tourism/Сод ресорт.png,후라이 간추룬,フーライ・ガンチュルン,胡赖甘楚伦,Хуурай Ганчулуун
607,6,Замын гуанз,Roadside_Diner,Урьхан Лүн хоолны газар,Urkhan Lun Restaurant,Төв,Tuv,Лүи,Lun,47.8626,105.19606,,Tourism/Содон тэрэлж.jpg,우르칸 룬 레스토랑,ウルカン・ルン・レストラン,乌尔汗伦餐厅,Ресторан Урхан Лун
608,1,Жуулчны бааз,Tourist_Camp,Riverside кэмп,Riverside Camp,Төв,Tuv,Өндөрширээт,Undurshireet,47.37631,105.16169,,Tourism/Содхан трэвел.jpg,리버사이드 캠프,リバーサイド キャンプ,河滨营地,Лагерь Риверсайд
609,1,Жуулчны бааз,Tourist_Camp,Амьдрал аялал,Life is Journey,Төв,Tuv,Эрдэнэ,Erdene,47.97444,107.50399,99819554,Tourism/Сондор хад ресорт.jpg,인생은 여정이다,人生は旅,人生是一段旅程,Жизнь — это путешествие
610,1,Жуулчны бааз,Tourist_Camp,Баян эко кэмп,Bayan Eco Camp,Төв,Tuv,Эрдэнэ,Erdene,47.74719,107.67718,88007091,Tourism/Союз тур.jpg,바얀 에코캠프,バヤン エコ キャンプ,巴彦生态营,Эко Лагерь Баян
611,1,Жуулчны бааз,Tourist_Camp,Баян эко лож,Bayan Eco Lodge,Төв,Tuv,Эрдэнэ,Erdene,47.73953,107.67491,,Tourism/Стар тур кэмп.jpg,바얀 에코 로지,バヤン エコ ロッジ,巴彦生态旅馆,Баян Эко Лодж
612,2,Амралтын газар,Resort,Рай амралт,Rye Resort,Төв,Tuv,Эрдэнэ,Erdene,47.60049,107.61584,99111149,Tourism/Сувдан эрэг.jpg,라이 리조트,ライ リゾート,黑麦度假村,Рай Резорт
613,3,Рашаан сувилал,Spa_Resort,Ар Жанчивлан сувилал,Ar Janchivlan Sanatorium,Төв,Tuv,Эрдэнэ,Erdene,47.69244,107.51911,"77006806, 99176806, 88079252",Tourism/Суут хаус.jpg,Ar Janchivlan 요양소,アル ジャンチブラン サナトリウム,阿尔扬奇夫兰疗养院,Санаторий Ар Жанчивлан
614,1,Жуулчны бааз,Tourist_Camp,Хадаг тур,Khadag Tour,Төв,Tuv,Эрдэнэ,Erdene,48.02868,107.72023,98902601,Tourism/Суут.jpg,카다그 투어,カダグツアー,卡达之旅,Хадаг Тур
615,1,Жуулчны бааз,Tourist_Camp,Ямаха кэмп,Yamaha Camp,Төв,Tuv,Эрдэнэ,Erdene,47.9823,107.6207,8313 2222,Tourism/Сэлбэ амралт.jpg,야마하 캠프,ヤマハキャンプ,雅马哈营地,Ямаха Кэмп
616,1,Жуулчны бааз,Tourist_Camp,Жалман зэлүүд нугын кэмп,Jalman Meadows Wilderness Camp,Төв,Tuv,Эрдэнэ,Erdene,48.09056,107.84848,11330360,Tourism/Сэлнгэ амралт.jpg,잘만 메도우즈 윌더니스 캠프,ジャルマン メドウズ ウィルダネス キャンプ,贾尔曼梅多斯荒野营地,Лагерь дикой природы Джалман Медоуз
617,1,Жуулчны бааз,Tourist_Camp,Гутайн рашаан, Gutain Springs,Төв,Tuv,Эрдэнэ,Erdene,48.19397,107.98507,,Tourism/Сэмжид хужирт.jpg,구테인 스프링스,グーティン スプリングス,古坦泉,Гутен-Спрингс
618,6,Замын гуанз,Roadside_Diner,Хасар зоог уушийн газар,Khasar Restaurant,Төв,Tuv,Баянхангай,Bayankhangai,47.91231,105.61412,83101010,Tourism/Сэртэн морьтон.jpg,카사르 레스토랑,カサールレストラン,哈萨尔餐厅,Ресторан «Хасар»
619,6,Замын гуанз,Roadside_Diner,Буудай зоогийн газар,Buudai Restaurant,Төв,Tuv,Баянхангай,Bayankhangai,47.91379,105.62521,,Tourism/Сүлд тэрэлж.jpg,밀 레스토랑,ウィートレストラン,小麦餐厅,"Ресторан ""Пшеница"""
620,6,Замын гуанз,Roadside_Diner,"Таван Од цайны газар, дэлгүүр, дугуй засвар",Five-Star Cafe,Төв,Tuv,Баянхангай,Bayankhangai,47.90898,105.58671,,Tourism/Сүлдэт кэмп.jpg,파이브스타 카페,五つ星カフェ,五星级咖啡馆,Пятизвездочное кафе
621,10,Шатахуун түгээх станц,Gas_Station,Тэс петролеум ШТС,Tes Petroleum Gas Station,Төв,Tuv,Лүн,Lun,47.87115,105.2786,70003003,Tourism/Сүмбэр боомт.jpg,테스 석유 주유소,テス石油ガソリンスタンド,Tes石油加油站,Автозаправочная станция Тэс  Петролеум
622,10,Шатахуун түгээх станц,Gas_Station,Сод Монгол ШТС,Sod Mongol Gas Station,Төв,Tuv,Лүн,Lun,47.85841,105.18566,,Tourism/Сүхбаатар боомт.jpg,소드 몽골 주유소,ソッドモンゴルガソリンスタンド,索德蒙古加油站,Автозаправочная станция Сод Монгол
623,10,Шатахуун түгээх станц,Gas_Station,Петровис ШТС,Petrovis Gas Station,Төв,Tuv,Эрдэнэсант,Erdenesant,47.33919,104.47592,,Tourism/Сүхбаатар өртөө.jpg,페트로비스 주유소,ペトロヴィスガソリンスタンド,Petrovis加油站,Автозаправочная станция Петровис
624,10,Шатахуун түгээх станц,Gas_Station,Магнай трейд ШТС,Magnai Trade Gas Station,Төв,Tuv,Эрдэнэсант,Erdenesant,47.33783,104.47227,89008369,Tourism/Сүүн амралт.jpg,"""마그나이 트레이드"" 주유소",「マグナイトレード」ガソリンスタンド,“Magnai Trade”加油站,АЗС «Магнай Трейд»
625,6,Замын гуанз,Roadside_Diner,Эрдэнсант замын гуанз,Erdensant Road Canteen,Төв,Tuv,Эрдэнэсант,Erdenesant,47.3397,104.48049,,Tourism/Сүүн сувилал.jpg,에르덴산트 로드 구내식당,エルデンサントロード・キャンティーン,厄登森特路食堂,Столовая на дороге Эрденсант
626,6,Замын гуанз,Roadside_Diner,Mars Tourist Station,Mars Tourist Station,Төв,Tuv,Эрдэнэсант,Erdenesant,47.35606,104.18615,88688835,Tourism/Сүүн сувилал1.jpg,마스 관광 안내소,火星観光ステーション,火星旅游站,Туристическая станция Марса
627,10,Шатахуун түгээх станц,Gas_Station,Горгаз,Gorgas Gas Fuel,Төв,Tuv,Борнуур,Bornuur,48.47233,106.18499,,Tourism/Сүүринг грэйн.jpg,고르가스 가스 연료,ゴルガスガス燃料,戈尔加斯气体燃料,Газовое топливо Горгаз
628,6,Замын гуанз,Roadside_Diner,Бамбарууш зоогийн газар,Bambaruush Restaurant,Төв,Tuv,Борнуур,Bornuur,48.44565,106.20166,99448257,Tourism/Сөгнөгөр гол.jpg,밤바루쉬 레스토랑,バンバルーシュレストラン,班巴鲁什餐厅,Ресторан Бамбаруш
629,2,Амралтын газар,Resort,Бугат амралтын газар,Bugat Resort,Төв,Tuv,Баянчандмань,Bayanchandmani,48.17637,106.38739,8840 3048,Tourism/Сөгнөгөр хаус.jpg,부가트 리조트,ブガット リゾート,布加特度假村,Курорт Бугат
630,1,Жуулчны бааз,Tourist_Camp,Суут хаус түрээс,Suut House Rent,Төв,Tuv,Баянчандмань,Bayanchandmani,48.17498,106.40635,8800 7338,Tourism/Сөгнөгөр эко.jpg,수트 하우스 임대,スウトハウスの家賃,Suut House 出租,Аренда дома Suut
631,1,Жуулчны бааз,Tourist_Camp,Хүннү отог,Hunnu Оtog,Төв,Tuv,Баянчандмань,Bayanchandmani,48.14653,106.37543,80050512,Tourism/Сөртийн тулга.jpg,훈누 오토그,フンヌ・オトグ,匈奴奥托格,Хунну Отог
632,2,Амралтын газар,Resort,"Арга билэг амралт, сувилал",Arga Bileg Resort,Төв,Tuv,Сэргэлэн,Sergelen,47.61677,107.23541,,Tourism/ТАУ ресорт.jpg,아르가 빌레그 리조트,アルガ ビレグ リゾート,阿尔加比莱格度假村,Курорт Арга Билег
633,6,Замын гуанз,Roadside_Diner,Болор зоогийн газар,Bolor Restaurant,Төв,Tuv,Баян,Bayan,47.0533,107.64111,99068381,Tourism/Табимонгол.jpg,볼로르 레스토랑,ボロルレストラン,博洛尔餐厅,Ресторан «Болор»
634,10,Шатахуун түгээх станц,Gas_Station,Camel Oil Station,Camel Oil Station,Төв,Tuv,Баянцагаан,Bayantsagaan,46.7803,106.6026,,Tourism/Таван-Од цайны газар.jpeg,카멜 오일 스테이션,キャメルオイルステーション,骆驼油站,Автозаправочная станция Кемел Ойл
635,1,Жуулчны бааз,Tourist_Camp,Хэцүү хад,Khetsuu Rock,Увс,Uvs,Завхан,Zavkhan,49.03273,93.479,"99067339, 98827339",Tourism/Тайван төгөл.jpg,케츠우 관광캠프,ケツウ ハド ツーリスト キャンプ,凯苏哈德旅游营地,У Хецуу хад туристический лагерь
636,1,Жуулчны бааз,Tourist_Camp,Баруун эрэг,Baruun Beach,Увс,Uvs,Завхан,Zavkhan,49.02397,93.45858,99001903,Tourism/Тайга жуулчны бааз.jpg,바룬 비치 리조트,バルウン ビーチ リゾート,巴鲁恩海滩度假村,Баруун Бич Резорт
637,1,Жуулчны бааз,Tourist_Camp,Өгөөмөр тур Хяргас нуур,Uguumur Tour Khyargas lake,Увс,Uvs,Малчин,Malchin,49.3244,93.16601,"95959503, 99129948",Tourism/Тайга лож.jpg,우구무르 투어 키아르가스 호수,ウグウムルツアー ヒャルガス湖,乌古穆尔之旅 卡亚尔加斯湖," Угумур Tur, озеро Кьяргас"
638,1,Жуулчны бааз,Tourist_Camp,Хяргас нуур,Khyargas lake,Увс,Uvs,Хяргас,Khyargas,49.20744,93.61869,"88076885, 98642009, 99113907",Tourism/Тайга тур.jpg,캬르가스 호수 관광 캠프,ヘアルガス湖ツーリストキャンプ,凯亚加斯湖旅游营地,Туристический лагерь на озере Хьяргас
639,1,Жуулчны бааз,Tourist_Camp,Хяргас нуур ресорт,Khyargas lake Resort,Увс,Uvs, Малчин,Malchin,49.31681,93.16992,"99960664, 99993990",Tourism/Тайж ресорт.jpg,캬르가스 호수 관광 캠프,ヘアルガス湖ツーリストキャンプ,凯亚加斯湖旅游营地,Туристический лагерь на озере Хьяргас
640,1,Жуулчны бааз,Tourist_Camp,Хяргас Хөх Бух ,Khyargas Khukh Bukh,Увс,Uvs, Малчин,Malchin,49.3394,93.12841,"95454080, 99081869",Tourism/Тайхар амралт.jpg,Khyargas Khukh Bukh 투어리스트 캠프,ヘアルガス クク ブク ツーリスト キャンプ,Khyargas Khukh Bukh 旅游营地,Туристическая база Хяргас Хух Бух
641,1,Жуулчны бааз,Tourist_Camp,Хар тэрмис жуулчны бааз,Khar Termis Tourist Camp,Увс,Uvs,Малчин,Malchin,49.32878,93.16084,"99456796, 95910181",Tourism/Тайхар жуулчны бааз.jpg,카르 테르메스테이 리조트,カール テルメステイ リゾート,卡尔泰尔麦斯泰度假村,Курорт Хар Термест
642,1,Жуулчны бааз,Tourist_Camp,Жаргалант жуулчны бааз,Jargalant Tourist Camp,Увс,Uvs,Наранбулаг,Naranbulag,49.33572,92.87344,"99128220, 95626368, 80646368",Tourism/Талын буйр.jpg,자르갈란트 관광 캠프,ジャルガラント ツーリスト キャンプ,贾尔加兰特旅游营地,Туристический лагерь Джаргалант
643,1,Жуулчны бааз,Tourist_Camp,Мөнгөн давалгаа,Mungun Davalgaa,Увс,Uvs, Малчин,Malchin,49.30806,93.05536,"99198475, 99795154",Tourism/Талын нүүдэлчид.jpg,문군 다발가 관광 캠프,ムングン ダヴァルガー ツーリスト キャンプ,蒙贡达瓦尔加旅游营地,Туристический лагерь Мунгун Давалгаа
644,1,Жуулчны бааз,Tourist_Camp,Агина тур ,Agina Tour,Увс,Uvs,Малчин,Malchin,49.32422,93.06973,88086774,Tourism/Талын түмэн адуу.jpg,아지나 투어,アギナツアー,阿吉娜之旅,Тур Агины
645,2,Амралтын газар,Resort,Баянхайрхан амралт,Bayankhairkhan Resort,Увс,Uvs, Малчин,Malchin,49.33255,93.15455,"99456530, 98454510",Tourism/Тамир вэлнес.jpg,바얀헤어칸 투어리스트 캠프,バヤンカールカン ツーリスト キャンプ,巴彦凯尔汗旅游营地,Туристический лагерь Баянхайрхан
646,1,Жуулчны бааз,Tourist_Camp,Дөлгөөн нуур тур ресорт,Dulguun Nuur Tour Resort,Увс,Uvs,Малчин,Malchin,49.3357,93.10306,"99114745, 89905409",Tourism/Тарлан мод Богоч.jpg,둘군 레이크 리조트,ドゥルグン レイク リゾート,杜尔衮湖度假村,Дулгун Лейк Резорт
647,2,Амралтын газар,Resort,Хяргас гэр бүлийн амралт,Khyargas Family resort ,Увс,Uvs,Наранбулаг,Naranbulag,49.33512,92.87277,"99453011, 88244299",Tourism/Тарни амралт.jpg,캬르가스 패밀리 리조트,カヤルガス ファミリー リゾート,凯亚加斯家庭度假村,Семейный курорт Хьяргас
648,1,Жуулчны бааз,Tourist_Camp,Нуурын хишиг ,Nuuryn Khishig,Увс,Uvs, Малчин,Malchin,49.32071,93.16731,99459366,Tourism/Тарни голын лож.jpg,누린 키시그,ヌーリン・キシグ,努林·希希格,Нуурин Хишиг
649,1,Жуулчны бааз,Tourist_Camp,Эрдэст ,Erdest,Увс,Uvs,Хяргас,Khyargas,49.25596,93.40964,,Tourism/Тахийн тал бааз.jpg,에르데스트,エルデスト,厄尔德斯特,Эрдест
650,1,Жуулчны бааз,Tourist_Camp,Хоньчин Найдан,Khonchin Naidan,Увс,Uvs,Малчин,Malchin,49.32278,93.16627,,Tourism/Тахилт жуулчны бааз.jpg,콘친 나이단,コンチン・ナイダン,孔钦·奈丹,Хончин Найдан
651,2,Амралтын газар,Resort,Онцгой байдал амралт,Ontsgoi Baidal Resort,Увс,Uvs,Малчин,Malchin,49.32595,93.16125,,Tourism/Тахь ресорт.jpg,온츠고이 바이달 리조트,オンツゴイ バイダル リゾート,翁茨戈伊·拜达尔度假村,Курорт Онтсгой Байдал
652,2,Амралтын газар,Resort,Хилчин ,Khilchin,Увс,Uvs,Малчин,Malchin,49.33886,93.13354,,Tourism/Тахь эко лож.jpg,킬친,キルチン,希尔钦,Хильчин
653,1,Жуулчны бааз,Tourist_Camp,Жуулчны бааз,Tourist Camp,Увс,Uvs,Малчин,Malchin,49.33858,93.11863,,Tourism/Тогос хайрхан.jpg,관광 캠프,ツーリストキャンプ,旅游营地,Туристический лагерь
654,1,Жуулчны бааз,Tourist_Camp,Баатархүү,Baatarkhuu,Увс,Uvs,Малчин,Malchin,49.33014,93.08272,,Tourism/Тогостой амралт.jpg,바타르쿠,バータルフー,巴塔尔库,Баатархуу
655,1,Жуулчны бааз,Tourist_Camp,Нарлаг тээг ,Narlag Teeg,Увс,Uvs,Наранбулаг,Naranbulag,49.28791,92.79851,,Tourism/Тод тэрэлж.jpg,나를라그 티그,ナルラグ・ティーグ,纳拉格·提格,Нарлаг Тиг
656,3,Рашаан сувилал,Spa_Resort,Хүнхийн рашаан /Гивант/,Hunkhiin Rashaan /Givant/,Увс,Uvs, Зүүнхангай,Zuunkhangai,49.4874,95.19005,98112105,Tourism/Тойлогт.jpg,훈킨 라샨 /기반트/,フンキーン・ラシャーン /ギヴァント/,昆钦泉 /Givant/,Хункхин Рашаан /Гивант/
657,1,Жуулчны бааз,Tourist_Camp,Тарлаг тур бааз,Tarlag Tour Camp,Увс,Uvs,Баруунтуруун,Baruunturuun,49.60241,95.10513,"86339919, 98150609",Tourism/Толбо гуанз.jpg,타를라그 투어 캠프,タルラグツアーキャンプ,塔拉格旅游营地,Туристический лагерь Тарлаг
658,1,Жуулчны бааз,Tourist_Camp,Найрсаг андууд ,Nairsag Anduud,Увс,Uvs,Зүүнговь,Zuungovi,50.02562,94.02362,,Tourism/Толбо нуур.jpg,나이르사그 안두드,ナイサグ・アンドゥード,奈尔萨格·安杜德,Наирсаг Андууд
659,6,Замын гуанз,Roadside_Diner,Можито эргийн бар,Mojito beach bar,Увс,Uvs,Улаангом,Ulaangom,50.11828,92.39086,94703225,Tourism/Толгойт өртөө.jpeg,모히토 비치 바,モヒートビーチバー,莫吉托海滩酒吧,пляжный бар «Мохито»
660,1,Жуулчны бааз,Tourist_Camp,Увс нуур,Uvs Lake,Увс,Uvs, Улаангом,Ulaangom,50.10463,92.35308,"99992952, 95952952",Tourism/Тоонот вилла.jpg,우브스 누르 투어리스트 캠프,ウヴス ヌール ツーリスト キャンプ,乌布苏努尔旅游营地,Туристическая база Увс-Нур
661,1,Жуулчны бааз,Tourist_Camp,Чандмань тур ,Chandmani Tour,Увс,Uvs,Улаангом,Ulaangom,49.92961,92.0542,"99188270, 99450966, 98198198",Tourism/Тоонот отог.jpg,찬드마니 럭스 투어 리조트,チャンドマニ ラックス ツアー リゾート,昌德玛尼豪华旅游度假村,Чандмани Люкс Тур Резорт
662,1,Жуулчны бааз,Tourist_Camp, Тээл парк,Teel Park,Увс,Uvs,Тариалан,Tarialan,49.90094,92.19866,"88275111, 99885111, 88990219",Tourism/Торгоны замын нууц.jpg,티엘파크 관광캠프,ティール パーク ツーリスト キャンプ,蒂尔公园旅游营地,Туристический лагерь Тил Парк
663,1,Жуулчны бааз,Tourist_Camp,Таван-Эрдэнэ гэр бааз,Tavan-Erdene Ger camp,Увс,Uvs,Улаангом ,Ulaangom,49.95981,92.0423,"99454527, 99446991, 96566616",Tourism/Торлогт.jpg,타반-에르데네 게르 캠프,タヴァン・エルデネ・ゲルキャンプ,塔万额尔登格尔营地,Герный лагерь Таван-Эрдене
664,1,Жуулчны бааз,Tourist_Camp,Улаан уул гэр бааз,Ulaan Uul Ger Camp,Увс,Uvs,Улаангом ,Ulaangom,49.94979,92.04086,99059166,Tourism/Тосонцэнгэл нисэх.jpg,울란 울 게르 캠프,ウラン・ウル・ゲル・キャンプ,乌兰乌尔蒙古包营地,Ulaan Uul Ger Camp
665,2,Амралтын газар,Resort,Ногоон төгөл амралт - сувилал ,Nogoon Tugul Resort,Увс,Uvs,Улаангом ,Ulaangom,49.96393,92.08275,80089848,Tourism/Три звезда.jpg,노군 투굴 리조트,ノグーン トゥグル リゾート,诺贡图古尔度假村,Курорт Ногун Тугул
666,1,Жуулчны бааз,Tourist_Camp, Ойрад хийц ,Oirad Khiits,Увс,Uvs,Улаангом ,Ulaangom,49.96354,92.08275,,Tourism/Триплор.jpg,오이라드 키츠,オイラド・キーツ,奥伊拉德·希茨,Ойрад Хиитс
667,1,Жуулчны бааз,Tourist_Camp,Дэлгэрмөрөн ресорт,Delgrer Murun Resort,Увс,Uvs,Улаангом ,Ulaangom,50.0093,92.0292,,Tourism/Туваандорж.jpg,델그레르 무룬 리조트,デルグレル・ムルン・リゾート,德尔格雷尔穆伦度假村,Курорт Дельгрер Мурун
668,1,Жуулчны бааз,Tourist_Camp,Чандмань люкс тур,Chandmani luxe tour,Увс,Uvs,Улаангом ,Ulaangom,50.02315,92.01595,,Tourism/Туж 89 амралт.jpg,찬드마니 럭스 투어,チャンドマニ ラグジュアリー ツアー,昌德玛尼豪华之旅,роскошный тур Чандмани
669,1,Жуулчны бааз,Tourist_Camp,Амар байгаль,Amar Baigal,Увс,Uvs,Улаангом ,Ulaangom,50.03085,92.01206,,Tourism/ТужЭко.jpg,아마르 바이갈,アマル・バイガル,阿马尔·拜加尔,Амар Байгал
670,1,Жуулчны бааз,Tourist_Camp,Оршин тогтнохуй жуулчны бааз,OT Tourist Camp,Увс,Uvs,Түргэн,Turgen,49.94425,91.27277,"99136772, 89006772",Tourism/Тужийн нарс 307.jpg,OT 관광 캠프,OTツーリストキャンプ,OT旅游营地,Туристический лагерь ОТ
671,1,Жуулчны бааз,Tourist_Camp,Сүлдэт цахир,Suldet Tsakhir,Увс,Uvs,Сагил,Sagil,50.08958,91.0451,"86691200, 89119045, 99719948",Tourism/Тулын тохой.jpg,술뎃 캠프,スルデットキャンプ,苏尔代营地,Лагерь Сулдет
672,1,Жуулчны бааз,Tourist_Camp,Үүрэг нуур тур бааз,Uureg lake Tour Camp,Увс,Uvs,Сагил,Sagil,50.20888,91.12888,"95405650, 99622409",Tourism/Тунгалаг тамир.png,우레그 호수 투어 캠프,ウーレグ湖ツアーキャンプ,乌列格湖旅游营地,Туристический лагерь на озере Уурег
673,1,Жуулчны бааз,Tourist_Camp,Үүргийн долгио,Uurgiin Dolgio,Увс,Uvs,Сагил,Sagil,50.20639,91.12896,"99803917, 99961167",Tourism/Тур база Край земли.jpg,우르긴 돌지오,ウルギン・ドルギオ,乌尔金·多尔吉奥,Уургиин Долгио
674,1,Жуулчны бааз,Tourist_Camp,Одонт Дэглий,Odont Deglii,Увс,Uvs,Түргэн ,Turgen,49.89161,91.35466,"89805166, 99004966",Tourism/Тур база Легенда Хубсугула.jpg,오돈트 델리,オドント・デッリ,奥登特·德格利,Одонт Деглий
675,1,Жуулчны бааз,Tourist_Camp,Нутгийн жим ,Nutgiin Jim,Увс,Uvs,Түргэн ,Turgen,49.93768,91.24889,"89910221, 99683701, 99450221",Tourism/Турто кэмп.jpg,넛진 짐,ナタギン・ジム,努特金·吉姆,Нутгин Джим
676,1,Жуулчны бааз,Tourist_Camp,Ундрал мөнх хайрхан ,Undral Munkh Khairkhan,Увс,Uvs,Тариалан,Tarialan,49.8094,91.94961,99454306,Tourism/Туул ривер сайд.jpg,安德拉尔·蒙克·海尔汗,ウンドラル・ムンク・カイルハン,安德拉尔·蒙克·海尔汗,Ундрал Мункх Хайрхан
677,1,Жуулчны бааз,Tourist_Camp,Байгаль эх,Baigal Ekh,Увс,Uvs,Тариалан,Tarialan,49.7786,91.86878,"99458787, 99456767",Tourism/Туулын байшин.jpg,바이갈 에크,バイガル・エフ,拜加尔·埃赫,Байгал Эх
678,2,Амралтын газар,Resort,Хархираа ,Kharkhiraa,Увс,Uvs,Улаангом,Ulaangom,49.92485,91.80668,88058666,Tourism/Тухлаг газар.jpg,카르키라,カルヒラ,卡尔基拉,Хархираа
679,5,Хүүхдийн зуслан,Children_Summer_Camp,Хархираа хүүхдийн зуслан ,Kharkhiraa Children's Camp,Увс,Uvs,Улаангом,Ulaangom,49.91953,91.78771,99452021,Tourism/Тухлаг шовгор.jpg,카르키라 어린이 캠프,カルヒラー子供キャンプ,卡尔基拉儿童营,Детский лагерь Хархираа
680,1,Жуулчны бааз,Tourist_Camp,Их нуур,Ikh Nuur,Увс,Uvs,Улаангом,Ulaangom,49.92411,91.80728,99255265,Tourism/Тухлах газар.jpg,이크 누르,イク・ヌール,伊赫·努尔,Их Нуур
681,1,Жуулчны бааз,Tourist_Camp,Их барилга Увс ХК Цүнхэг,Tsunkheg,Увс,Uvs,Түргэн,Turgen,50.04572,91.62787,"77888111, 99452858, 99298335",Tourism/Тэгри говь.jpg,춘케그,ツンケグ,淳克,Цунхег
682,1,Жуулчны бааз,Tourist_Camp,Гэр толгой,Ger Tolgoi,Увс,Uvs,Ховд,Khovd,49.4271,91.21142,,Tourism/Тэгри мед.jpg,게르 톨고이,ゲル・トルゴイ,格尔·托尔戈伊,Гер Толгой
683,2,Амралтын газар,Resort,Ногооны рашаан амралт сувилал,Nogoon Rashaan Resort,Увс,Uvs,Өмнөговь,Omnogovi,49.28526,91.59039,"96674369, 88674369",Tourism/Тэлмэн андууд.jpg,노군 라샨 리조트,ノグーン ラシャーン リゾート,诺贡拉沙安度假村,Nogoon Rashaan Resort
684,1,Жуулчны бааз,Tourist_Camp,Үүрэг нуур ,Uureg Lake,Увс,Uvs, Сагил,Sagil,50.08414,91.08054,99459070,Tourism/Тэлмэн тэрэлж.jpg,유레그 리조트,ウーレグ リゾート,乌雷格度假村,Курорт Уурег
685,7,Нисэх буудал,Airport,Дэглий цагаан нисэх буудал,Deglii Tsagaan Airport,Увс,Uvs,Түргэн,Turgen,50.06875,91.93346,70452873,Tourism/Тэлмүүн тэрэлж.jpg,Deglii Tsagaan 공항,デリイ ツァガーン空港,德格利查干机场,Аэропорт Дельи Цагаан
686,1,Жуулчны бааз,Tourist_Camp,Отоглох цэг,Camping Spot,Увс,Uvs,Малчин,Malchin,49.12815,93.80844,,Tourism/Тэнгэр ресорт.jpg,캠핑장,キャンプスポット,露营地,Место для кемпинга
687,8,Хилийн боомт,Border_Crossing,Боршоо хилийн Боомт,Borshoo Border Station,Увс,Uvs,Давст,Davst,50.69426,92.06544,,Tourism/Тэнгэрийн мөрөөдөл.jpg,보르슈 국경역,ボルショー国境駅,博尔舒边境站,Пограничная станция Боршоо
688,10,Шатахуун түгээх станц,Gas_Station,Перовис ШТС,Petrovis Gas Station,Увс,Uvs,Зүүнговь,Zuungovi,49.90151,93.80189,91223002,Tourism/Тэнгэрийн элч.jpg,페트로비스 주유소,ペトロヴィスガソリンスタンド,Petrovis加油站,Автозаправочная станция Петровис
689,10,Шатахуун түгээх станц,Gas_Station,Тэс петролеум ШТС,Tes Petroleum Cas Station,Увс,Uvs,Тариалан,Tarialan,49.97887,92.10441,70003003,Tourism/Тэнма.JPG,테스 석유 주유소,テス石油ガソリンスタンド,Tes石油加油站,Автозаправочная станция Тэс  Петролеум
690,9,Төмөр замын өртөө,Railway_Station,Багануур төмөр замын өртөө,Baganuur Railway Station,Улаанбаатар,Ulaanbaatar,Багануур,Baganuur,47.76069,108.37127,,Tourism/Тэнхлэг кэмп.jpg,바가누르 기차역,バガヌール駅,巴加努尔火车站,Железнодорожная станция Багануур
691,2,Амралтын газар,Resort,Агаарлая амралт,Agaarlaya Resort,Улаанбаатар,Ulaanbaatar,Хан-Уул,Khan-Uul,47.863401,106.898002,96360096,Tourism/Тэнүүн богд.jpg,아가라야 리조트,アガールラヤ リゾート,阿加拉雅度假村,Агаарлайя Резорт
692,1,Жуулчны бааз,Tourist_Camp,Чингисийн өргөө зочид буудал,Chingisiin Urgoo Hotel And Restaurant,Улаанбаатар,Ulaanbaatar,Хан-Уул,Khan-Uul,47.8641,106.904201,93221515,Tourism/Тэр их нуур.jpg,Chingisiin Urgoo 호텔 앤 레스토랑,チンギシイン ウルグー ホテル アンド レストラン,成吉思因乌尔古餐厅酒店,Отель и ресторан Чингисийн Ургоо
693,1,Жуулчны бааз,Tourist_Camp,Овооны энгэр жуулчны бааз,Ovoony Enger Tourist Camp,Улаанбаатар,Ulaanbaatar,Баянзүрх,Bayanzurkh,47.745939,107.002285,99083229,Tourism/Тэргэл саран.jpg,오부니 엥거 투어리스트 캠프,オヴォニー エンガー ツーリスト キャンプ,奥沃尼恩格尔旅游营地,Туристический лагерь Овооы Энгер
694,1,Жуулчны бааз,Tourist_Camp,Жуулчны бааз,Tourist Camp,Улаанбаатар,Ulaanbaatar,Баянзүрх,Bayanzurkh,47.879894,107.004764,,Tourism/Тэрх энх буудал.jpg,관광캠프,ツーリストキャンプ,旅游营地,Туристический лагерь
695,1,Жуулчны бааз,Tourist_Camp,Скай ресорт цогцолбор,Sky Resort Ski Complex,Улаанбаатар,Ulaanbaatar,Баянзүрх,Bayanzurkh,47.87816,107.04437,77000909,Tourism/Тэрх өргөө.jpg,스카이 리조트 스키장,スカイリゾートスキー場,天空度假村滑雪场,Горнолыжный комплекс Скай Резорт
696,2,Амралтын газар,Resort,Гүнж амралт,Gunj Resort,Улаанбаатар,Ulaanbaatar,Баянзүрх,Bayanzurkh,47.835342,107.11101,89033678,Tourism/Тэрэж стар ресорт.jpg,군지 리조트,グンジ リゾート,甘吉度假村,Гундж Резорт
697,2,Амралтын газар,Resort,Бумбат амралт,Bumbat Resort,Улаанбаатар,Ulaanbaatar,Баянзүрх,Bayanzurkh,47.828216,107.107422,98285252,Tourism/Тэрэлж Бумбан тур.jpg,붐뱃 리조트,ブンバット リゾート,班巴特度假村,Бумбат Резорт
698,2,Амралтын газар,Resort,Бумбат эко амралт,Bumbat Eco Resort,Улаанбаатар,Ulaanbaatar,Баянзүрх,Bayanzurkh,47.833184,107.110794,94996816,Tourism/Тэрэлж алтай.jpg,범밭 에코 리조트,ブンバット エコ リゾート,布姆巴特生态度假村,Бумбат Эко Резорт
699,1,Жуулчны бааз,Tourist_Camp,Жуулчны бааз,Tourist Camp,Улаанбаатар,Ulaanbaatar,Баянзүрх,Bayanzurkh,47.831391,107.117615,,Tourism/Тэрэлж гарден.jpg,관광캠프,ツーリストキャンプ,旅游营地,Туристический лагерь
700,2,Амралтын газар,Resort,Цэцээ гүн амралт,Tsetsee Gun Resort,Улаанбаатар,Ulaanbaatar,Баянзүрх,Bayanzurkh,47.786901,107.095626,99292394,Tourism/Тэрэлж гэр бүлийн спот.jpg,체체 건 리조트,ツェツェー ガン リゾート,采塞枪度假村,Цетзее Ган Резорт
701,2,Амралтын газар,Resort,Арван гэр амралт,10 Ger Resort,Улаанбаатар,Ulaanbaatar,Баянзүрх,Bayanzurkh,47.785241,107.108695,99047499,Tourism/Тэрэлж гэр бүлийн тур.jpg,10 게르 리조트,10 ゲル リゾート,10 格度假村,Курорт 10 Гер
702,2,Амралтын газар,Resort,Манлайн баясгалан амралт,Manlain Bayasgalan Resort,Улаанбаатар,Ulaanbaatar,Баянзүрх,Bayanzurkh,47.786027,107.113139,86519999,Tourism/Тэрэлж жимбий.jpg,만라인 바야스갈란 리조트,マンレイン バヤスガラン リゾート,曼兰巴亚斯加兰度假村,Манлаин Баясгалан Резорт
703,2,Амралтын газар,Resort,Тэнүүн богд амралт,Tenuun Bogd Resort,Улаанбаатар,Ulaanbaatar,Баянзүрх,Bayanzurkh,47.786076,107.114135,86692288,Tourism/Тэрэлж кэйр.jpg,테누운 복드 리조트,テヌウン ボグド リゾート,特努恩博格德度假村,Тенуун Богд Резорт
704,2,Амралтын газар,Resort,Мянганы төгөл цогцолбор,Myangany Tugul Tsogtsolbor,Улаанбаатар,Ulaanbaatar,Баянзүрх,Bayanzurkh,47.78494,107.11529,99882337,Tourism/Тэрэлж лайт хаус.jpg,미얀마 투굴 Tsogtsolbor,ミャンガニー トゥグル ツォグツォルボル,缅甸·图古尔·措特索尔博尔,Мьянгани Тугул Цогцолбор
705,2,Амралтын газар,Resort,Төр хуралдай амралт,Tur Khuraldai Resort,Улаанбаатар,Ulaanbaatar,Баянзүрх,Bayanzurkh,47.78603,107.11872,88114777,Tourism/Тэрэлж ланд.jpg,투르 쿠랄다이 리조트,トゥール クラルダイ リゾート,图尔呼拉尔代度假村,Курорт Тур Хуралдай
706,2,Амралтын газар,Resort,Төр хур амралт,Tur Khur Resort,Улаанбаатар,Ulaanbaatar,Баянзүрх,Bayanzurkh,47.78964,107.11628,99790344,Tourism/Тэрэлж лож.jpg,투르 커 리조트,トゥル クル リゾート,图尔库尔度假村,Тур Хур Резорт
707,1,Жуулчны бааз,Tourist_Camp,Жуулчны бааз,Tourist Camp,Улаанбаатар,Ulaanbaatar,Баянзүрх,Bayanzurkh,47.791422,107.120681,,Tourism/Тэрэлж люкс буудал.jpg,관광캠프,ツーリストキャンプ,旅游营地,Туристический лагерь
708,1,Жуулчны бааз,Tourist_Camp,Мандала блисс монгол кэмп,Mandala Bliss Mongolia,Улаанбаатар,Ulaanbaatar,Хан-Уул,Khan-Uul,47.73949,106.79717,89879933,Tourism/Тэрэлж маунтин.jpg,만다라 블리스 몽골리아,マンダラ ブリス モンゴル,曼陀罗极乐蒙古,Мандала Блисс Монголия
709,1,Жуулчны бааз,Tourist_Camp,Унага жуулчны бааз,Unaga Camp,Улаанбаатар,Ulaanbaatar,Хан-Уул,Khan-Uul,47.748275,106.790926,88189293,Tourism/Тэрэлж ресорт.jpg,우나가 캠프,ウナガキャンプ,乌纳加营地,Лагерь Унага
710,1,Жуулчны бааз,Tourist_Camp,Долоон бурхан гэр жуулчны бааз,Doloon Burkhan Ger Camp,Улаанбаатар,Ulaanbaatar,Хан-Уул,Khan-Uul,47.757426,106.790481,88775027,Tourism/Тэрэлж ривер сайд.jpg,돌룬 부르칸 게르 캠프,ドルーン ブルカン ゲル キャンプ,多隆布尔汗蒙古包营地,Лагерь Долун Бурхан Гер
711,1,Жуулчны бааз,Tourist_Camp,Мөнхтэнгэр-2 богд жуулчны бааз,Munkhtenger-2 Bogd Tourist Camp,Улаанбаатар,Ulaanbaatar,Хан-Уул,Khan-Uul,47.798363,106.802367,99198811,Tourism/Тэрэлж рок.jpg,Munkhtenger-2 Bogd 관광 캠프,ムンクテンゲル-2 ボグド ツーリスト キャンプ,Munkhtenger-2 博格德旅游营地,Туристическая база «Мунхтенгер-2 Богд»
712,1,Жуулчны бааз,Tourist_Camp,Чингис ордон ,Chinggis Palace,Улаанбаатар,Ulaanbaatar,Хан-Уул,Khan-Uul,47.808006,106.787023,88814995,Tourism/Тэрэлж роял кэмп.jpg,칭기즈궁,チンギス宮殿,成吉思汗宫,Дворец Чингиса
713,2,Амралтын газар,Resort,Эко ахмадын амралт,Eco Akhmadyn Amralt,Улаанбаатар,Ulaanbaatar,Хан-Уул,Khan-Uul,47.805154,106.795038,75092929,Tourism/Тэрэлж саран.jpg,에코 아크마딘 암랄트,エコ アフマディン アムラルト,生态·艾哈迈丁·阿姆拉尔特,Эко Ахмадын Амралт
714,2,Амралтын газар,Resort,Тайж зочид буудал амралтын газар,Taij Resort Hotel,Улаанбаатар,Ulaanbaatar,Хан-Уул,Khan-Uul,47.817021,106.81408,77777718,Tourism/Тэрэлж стар лож.jpg,타이지 리조트 호텔,タイジ リゾート ホテル,泰季度假村酒店,Тайдж Резорт Отель
715,1,Жуулчны бааз,Tourist_Camp,Чингисийн хүрээ цогцолбор,Chinggisiin Khuree Tsogtsolbor,Улаанбаатар,Ulaanbaatar,Хан-Уул,Khan-Uul,47.80936,106.81734,94281727,Tourism/Тэрэлж стар.jpg,칭기신 쿠리 초그솔보르,チンギシン・フリー・ツォグツォルボル,成吉思汗库里措措布,Чингисийн Хурээ Цогцолбор
716,2,Амралтын газар,Resort,Жаргалант амралтын газар,Jargalant Resort,Улаанбаатар,Ulaanbaatar,Хан-Уул,Khan-Uul,47.80783,106.83606,99540929,Tourism/Тэрэлж сувдан эрэг.jpg,자르갈란트 리조트,ジャルガラント リゾート,贾加兰特度假村,Джаргалант Резорт
717,2,Амралтын газар,Resort,Нүхт цогцолбор,Nukht Complex,Улаанбаатар,Ulaanbaatar,Хан-Уул,Khan-Uul,47.82559,106.85615,,Tourism/Тэрэлж түмэн.jpg,누크트 콤플렉스,ヌクトコンプレックス,努赫特综合体,Нухт Комплекс
718,2,Амралтын газар,Resort,Палмспрингс ресорт,Palmsprings Resort,Улаанбаатар,Ulaanbaatar,Хан-Уул,Khan-Uul,47.80574,106.84337,77015000,Tourism/Тэрэлж төгс.jpg,팜스프링스 리조트,パームスプリングス リゾート,棕榈泉度假村,Палмспрингс Резорт
719,2,Амралтын газар,Resort,Хишиг монгол амралт,Khishig Mongol Amralt,Улаанбаатар,Ulaanbaatar,Хан-Уул,Khan-Uul,47.77861,106.85172,86550818,Tourism/Тэрэлж хангай.jpg,키시그 몽골 암랄트,キシグ・モンゴル・アムラルト,希希格蒙古阿姆拉特,Хишиг Монгол Амралт
720,1,Жуулчны бааз,Tourist_Camp,Тоонот вилла кэмп,Toonot Villa,Улаанбаатар,Ulaanbaatar,Хан-Уул,Khan-Uul,47.79523,106.87957,88868878,Tourism/Тэрэлж хиллс.jpg,투놋 빌라,トゥーノット ヴィラ,图诺别墅,Вилла Тоонот
721,2,Амралтын газар,Resort,Граслэнд гэр бүлийн амралт,GrassLand Family Resort,Улаанбаатар,Ulaanbaatar,Налайх,Nalaikh,47.81867,107.3588,"89107008, 88705404, 70494888 ",Tourism/Тэрэлж чанар.jpg,그래스랜드 패밀리 리조트,グラスランドファミリーリゾート,格拉斯兰家庭度假村,Семейный курорт ГрассЛэнд
722,1,Жуулчны бааз,Tourist_Camp,Байгаль кэмп,Baigal Camp,Улаанбаатар,Ulaanbaatar,Налайх,Nalaikh,47.86564,107.42507,,Tourism/Тэрэлж шугуй.jpg,바이갈 캠프,バイガルキャンプ,拜加尔营地,Лагерь Байгал
723,1,Жуулчны бааз,Tourist_Camp,Мэлхий хад морь уналга,“Turtle Rock” Horse Riding Service,Улаанбаатар,Ulaanbaatar,Налайх,Nalaikh,47.89475,107.4336,88919294,Tourism/Тэрэлж ямаха.jpg,“터틀 록” 승마 서비스,「タートルロック」乗馬サービス,“龟岩”骑马服务,Конные прогулки «Turtle Rock»
724,1,Жуулчны бааз,Tourist_Camp,Хан тэрэлж жуулчны бааз,Khan Terelj Tourist Camp,Улаанбаатар,Ulaanbaatar,Налайх,Nalaikh,47.88972,107.42371,99264656,Tourism/Тэс Петролеум 3.jpeg,칸 테렐지 관광 캠프,カーン・テレルジ・ツーリスト・キャンプ,汗特雷尔吉旅游营地,Туристический лагерь Хан Терельдж
725,1,Жуулчны бааз,Tourist_Camp,Тэрэлж алтай ресорт,Terelj Altai Resort,Улаанбаатар,Ulaanbaatar,Налайх,Nalayh,47.81463,107.35485,"99862120, 88398181",Tourism/Тэс зоог.jpg,테렐지 알타이 리조트,テレルジ アルタイ リゾート,特日勒吉阿尔泰度假村,Терэлж Алтай Курорт
726,2,Амралтын газар,Resort,Горхи эко гэр бүлийн амралт,Gorkhi Eco Family Resort,Улаанбаатар,Ulaanbaatar,Налайх,Nalaikh,47.81913,107.36096,96629606,Tourism/Тэс петро.jpg,고르키 에코 패밀리 리조트,ゴルヒ エコ ファミリー リゾート,高尔基生态家庭度假村,Горхи Эко Семейный Резорт
727,1,Жуулчны бааз,Tourist_Camp,Глори ресорт монгол,Glory Resort Mongolia,Улаанбаатар,Ulaanbaatar,Налайх,Nalaikh,47.823613,107.366865,70702222,Tourism/Тэс петролеум ШТС.jpg,글로리 리조트 몽골리아,グローリー リゾート モンゴリア,蒙古荣耀度假村,Глори Резорт Монголия
728,2,Амралтын газар,Resort,Жигүүр гэр бүлийн амралт,Jiguur Family Resort,Улаанбаатар,Ulaanbaatar,Налайх,Nalaikh,47.83173,107.39625,88891810,Tourism/Тэс петролюм ШТС.jpg,지구르 패밀리 리조트,ジグール ファミリー リゾート,吉古尔家庭度假村,Семейный курорт Джигур
729,1,Жуулчны бааз,Tourist_Camp,Апаче эко кэмп,Apache Eco Camp,Улаанбаатар,Ulaanbaatar,Налайх,Nalaikh,47.84066,107.41146,89185068,Tourism/Тээл парк.jpg,아파치 에코캠프,アパッチ エコ キャンプ,阿帕奇生态营,Эко-лагерь Апач
730,1,Жуулчны бааз,Tourist_Camp,Заан тэрэлж ресорт,Zaan Terelj Resort,Улаанбаатар,Ulaanbaatar,Налайх,Nalaikh,47.88729,107.43702,80850525,Tourism/Тээлийн гуанз.jpg,잔 테렐지 리조트,ザーン テレルジ リゾート,赞特勒吉度假村,Заан Тэрэлж Резорт
731,1,Жуулчны бааз,Tourist_Camp,Ред рок ресорт,Red Rock Resort,Улаанбаатар,Ulaanbaatar,Налайх,Nalaikh,47.851715,107.403635,77000111,Tourism/Түвшин наран.jpg,레드록 리조트,レッド ロック リゾート,红岩度假村,Ред Рок Резорт
732,1,Жуулчны бааз,Tourist_Camp,Хөмөг тур ресорт,Khumug Tour Resort,Улаанбаатар,Ulaanbaatar,Налайх,Nalaikh,47.85256,107.41371,99796565,Tourism/Түмэн хаан.jpg,쿠묵 투어 리조트,クムグ ツアー リゾート,库姆格旅游度假村,Хумуг Тур Резорт
733,1,Жуулчны бааз,Tourist_Camp,Эх тэрэлж ресорт,Ekh Terelj Resort,Улаанбаатар,Ulaanbaatar,Налайх,Nalaikh,47.84862,107.40371,88010003,Tourism/Түмэн үндэс.jpg,에크 테렐지 리조트,エク テレルジ リゾート,埃克特日勒吉度假村,Эх Тэрэлж Резорт
734,1,Жуулчны бааз,Tourist_Camp,Тахь ресорт,Takhi Resort,Улаанбаатар,Ulaanbaatar,Налайх,Nalaikh,47.856758,107.418861,89876787,Tourism/Түнхэл вүүдс.jpg,타키 리조트,タキ リゾート,塔基度假村,Тахи Резорт
735,1,Жуулчны бааз,Tourist_Camp,Аянчин 4 улирлын лож,Ayanchin Four Seasons Lodge,Улаанбаатар,Ulaanbaatar,Налайх,Nalaikh,47.860633,107.401964,99094539,Tourism/Түнхэл гэст.jpg,아얀친 포시즌스 로지,アヤンチン フォー シーズンズ ロッジ,阿扬钦四季旅馆,Аянчин Four Seasons Лодж
736,1,Жуулчны бааз,Tourist_Camp,Фармхаус ритрит кэмп,Farmhouse Retreat,Улаанбаатар,Ulaanbaatar,Налайх,Nalaikh,47.86336,107.42196,94936939,Tourism/Түнхэл нойрмог.jpg,농가 휴양지,ファームハウス リトリート,农舍静修处,Фермерский дом Ретрит
737,1,Жуулчны бааз,Tourist_Camp,Тэрэлж хилс лож,Terelj Hills Lodge,Улаанбаатар,Ulaanbaatar,Налайх,Nalaikh,47.87261,107.43039,95060066,Tourism/Түнхэл ресорт.jpg,테렐지 힐스 로지,テレルジ ヒルズ ロッジ,特勒吉山旅馆,Тэрэлж Хиллс Лодж
738,1,Жуулчны бааз,Tourist_Camp,Миний монгол эко гэр буудал,My Mongolia Eco Ger Camp,Улаанбаатар,Ulaanbaatar,Налайх,Nalaikh,47.868124,107.390756,99054244,Tourism/Түнхэл таван.jpg,마이몽골 에코게르 캠프,私のモンゴルエコゲルキャンプ,我的蒙古生态蒙古包营,Мой экологический лагерь в Монголии
739,1,Жуулчны бааз,Tourist_Camp,Мажик рок жуулчны бааз,Magic Rock Tourist Camp,Улаанбаатар,Ulaanbaatar,Налайх,Nalaikh,47.86823,107.38223,99286781,Tourism/Түнхэл титэм.jpg,매직록 투어리스트 캠프,マジック ロック ツーリスト キャンプ,魔岩旅游营地,Туристический лагерь «Волшебная скала»
740,2,Амралтын газар,Resort,Жуулчин тэрэлж ресорт,Juulchin Terelj Resort,Улаанбаатар,Ulaanbaatar,Налайх,Nalaikh,47.87196,107.38731,94331212,Tourism/Түнхэл тур.jpg,줄친 테렐지 리조트,ジュルチン テレルジ リゾート,尤尔钦特勒吉度假村,Юулчин Тэрэлж Резорт
741,1,Жуулчны бааз,Tourist_Camp,Цэвэгмаа жуулчны бааз,Tsevegmaa Tourist Camp,Улаанбаатар,Ulaanbaatar,Налайх,Nalaikh,47.88517,107.39045,94955335,Tourism/Түнхэл хайрхан.jpg,체베그마 투어리스트 캠프,ツェベグマ ツーリスト キャンプ,采维格玛旅游营地,Туристический лагерь Цевегмаа
742,1,Жуулчны бааз,Tourist_Camp,Ривер вию хаус,River View House,Улаанбаатар,Ulaanbaatar,Налайх,Nalaikh,47.8284,107.31818,,Tourism/Түшиг ресорт.jpg,리버 뷰 하우스,リバービューハウス,河景楼,Дом с видом на реку
743,1,Жуулчны бааз,Tourist_Camp,Тэрэлж лож гэр кэмп,Terelj Lodge Ger Camp,Улаанбаатар,Ulaanbaatar,Налайх,Nalaikh,47.89252,107.41553,11344488,Tourism/Түшээ гүний сахарын рашаан.jpg,테렐지 로지,テレルジ ロッジ,特日勒吉旅馆,Тэрэлж Лодж
744,1,Жуулчны бааз,Tourist_Camp,Энержи хилсс ресорт,Energy Hills Resort,Улаанбаатар,Ulaanbaatar,Налайх,Nalaikh,47.89595,107.42033,"80297777, 8590 9090",Tourism/Төв беркиган.jpg,에너지힐스 리조트,エナジー ヒルズ リゾート,能量山度假村,Энерджи Хиллз Резорт
745,2,Жуулчны бааз,Tourist_Camp,Ресорт ворлд тэрэлж зочид буудал,Resort World Terelj Hotel,Улаанбаатар,Ulaanbaatar,Налайх,Nalaikh,47.910357,107.405636,89117333,Tourism/Төв боржигон.jpg,리조트 월드 테를지 호텔,リゾート ワールド テレルジ ホテル,特日勒吉世界度假村酒店,Отель Resort World Тэрэлж
746,1,Жуулчны бааз,Tourist_Camp,Домогт мэлхий хад кэмп,Domogt Melkhii Khad-Turtle Rock,Улаанбаатар,Ulaanbaatar,Налайх,Nalaikh,47.9092,107.42433,80205811,Tourism/Төграг гол гуанз.jpeg,도모그트 멜키 카드-거북바위,ドモグト メルキー カド タートル ロック,多莫特·梅尔基·卡德-海龟岩,Домогт Мельхий Хад-Черепаховая скала
747,1,Жуулчны бааз,Tourist_Camp,Тамир велнес жуулчны бааз,Tamir Wellness Tourist Camp,Улаанбаатар,Ulaanbaatar,Налайх,Nalaikh,47.85657,107.44145,99112044,Tourism/Төгрөг гол гуанз.jpeg,타미르 웰니스 투어리스트 캠프,タミール ウェルネス ツーリスト キャンプ,塔米尔健康旅游营,Оздоровительный туристический лагерь «Тамир»
748,1,Жуулчны бааз,Tourist_Camp,Тэрэлж люкс зочид буудал ба спа,Terelj Luxury  Hotel ,Улаанбаатар,Ulaanbaatar,Налайх,Nalaikh,47.98844,107.46211,99992233,Tourism/Төгс сөгнөгөр.jpg,테렐지 럭셔리 호텔,テレルジ ラグジュアリー ホテル,特勒吉豪华酒店,Тэрэлж Лакшери Отель
749,1,Жуулчны бааз,Tourist_Camp,Тэрэлж стар ресорт,Terelj Star Resort,Улаанбаатар,Ulaanbaatar,Налайх,Nalaikh,47.86329,107.44581,95883330,Tourism/Төгөл зоог.jpg,테렐지 스타 리조트,テレルジ スター リゾート,特日勒吉之星度假村,Терэлж Стар Резорт
750,1,Жуулчны бааз,Tourist_Camp,Биг скай лож тэрэлж,Big Sky Lodge Terelj,Улаанбаатар,Ulaanbaatar,Налайх,Nalaikh,47.88634,107.44251,72707231,Tourism/Төр хур.jpg,빅 스카이 로지 테렐지,ビッグ スカイ ロッジ テレルジ,特勒吉大天空旅馆,Биг Скай Лодж Тэрэлж
751,1,Жуулчны бааз,Tourist_Camp,Түмэн хаан жуулчны бааз,Tumen Khaan Tourist Camp,Улаанбаатар,Ulaanbaatar,Налайх,Nalaikh,47.98093,107.39263,99086928,Tourism/Төр хуралдай.jpg,투멘칸 투어리스트 캠프,トゥメン カーン ツーリスト キャンプ,图们汗旅游营,Туристическая база Тюмен Хаан
752,1,Жуулчны бааз,Tourist_Camp,Мираж жуулчны бааз,Mirage Tourist Camp,Улаанбаатар,Ulaanbaatar,Налайх,Nalaikh,47.89465,107.42579,99079760,Tourism/УБ2 буудал.jpg,미라지 투어리스트 캠프,ミラージュ ツーリスト キャンプ,海市蜃楼旅游营地,Туристический лагерь Мираж
753,1,Жуулчны бааз,Tourist_Camp,Рихобот тэрэлж кэмп,Rihoboth Terelj Camp,Улаанбаатар,Ulaanbaatar,Налайх,Nalaikh,47.987583,107.452722,98109885,Tourism/Увс нуур кэмп.jpg,리호보스 테렐지 캠프,リホボト テレルジ キャンプ,里霍博斯特勒吉营地,Лагерь Рихобот Тэрэлж
754,1,Жуулчны бааз,Tourist_Camp,Тэрэлж ямаха камп,Terelj Yamaha Camp,Улаанбаатар,Ulaanbaatar,Налайх,Nalaikh,47.98555,107.46542,98981020,Tourism/Улаагчийн хар нуур.jpg,테렐지 야마하 캠프,テレルジ・ヤマハ・キャンプ,特日勒吉雅马哈营地,Лагерь Тэрэлдж Ямаха
755,1,Жуулчны бааз,Tourist_Camp,Жуулчны бааз,Tourist Camp,Улаанбаатар,Ulaanbaatar,Налайх,Nalaikh,47.872284,107.397713,,Tourism/Улаагчийн хишиг.jpg,관광캠프,ツーリストキャンプ,旅游营地,Туристический лагерь
756,1,Жуулчны бааз,Tourist_Camp,Баялаг ресорт,Bayalag Resort,Улаанбаатар,Ulaanbaatar,Налайх,Nalaikh,47.864506,107.395697,99999092,Tourism/Улаан хадны хөвөө.jpg,바얄락 리조트,バヤラグ リゾート,巴亚拉格度假村,Курорт Баялаг
757,1,Жуулчны бааз,Tourist_Camp,Тэнгэр ресорт,Tenger Resort,Улаанбаатар,Ulaanbaatar,Налайх,Nalaikh,47.886661,107.404064,99082244,Tourism/Улаан чулуут амралт.jpg,텐게르 리조트,テンゲル リゾート,腾格尔度假村,Тенгер Резорт
758,1,Жуулчны бааз,Tourist_Camp,Тэрэлж бумбан тур,Terelj Bumban Tour,Улаанбаатар,Ulaanbaatar,Налайх,Nalaikh,47.887888,107.393127,88448844,Tourism/Улаанбаатар төмөр замын өртөө.jpg,테렐지 붐반 투어,テレルジ バンバン ツアー,特日勒吉本班之旅,Тэрэлж Бумбан Тур
759,1,Жуулчны бааз,Tourist_Camp,Байгалийн нууц жуулчны бааз,Nature Secret Tourist Camp,Улаанбаатар,Ulaanbaatar,Налайх,Nalaikh,47.887291,107.386062,99072749,Tourism/Улаанцутгалан.jpg,네이처 시크릿 리조트,ネイチャー シークレット リゾート,自然秘密度假村,Природный секретный курорт
760,1,Жуулчны бааз,Tourist_Camp,Жуулчны бааз,Tourist Camp,Улаанбаатар,Ulaanbaatar,Налайх,Nalaikh,47.890164,107.391556,,Tourism/Ультра грийн ресорт.jpg,관광캠프,ツーリストキャンプ,旅游营地,Туристический лагерь
761,1,Жуулчны бааз,Tourist_Camp,Жуулчны бааз,Tourist Camp,Улаанбаатар,Ulaanbaatar,Налайх,Nalaikh,47.894907,107.393942,,Tourism/Унага.jpg,관광캠프,ツーリストキャンプ,旅游营地,Туристический лагерь
762,1,Жуулчны бааз,Tourist_Camp,Жуулчны бааз,Tourist Camp,Улаанбаатар,Ulaanbaatar,Налайх,Nalaikh,47.892759,107.401326,,Tourism/Ундрам.jpg,관광캠프,ツーリストキャンプ,旅游营地,Туристический лагерь
763,1,Жуулчны бааз,Tourist_Camp,Намуун хөндий кэмп,Namuun Valley Camp,Улаанбаатар,Ulaanbaatar,Налайх,Nalaikh,47.90021,107.395366,91291109,Tourism/Уран террас.jpg,나무운밸리캠프,ナムウン バレー キャンプ,纳蒙谷营地,Лагерь долины Намуун
764,1,Жуулчны бааз,Tourist_Camp,Баянгол хүүхдийн зуслан,Bayangol Children 'S Camp,Улаанбаатар,Ulaanbaatar,Налайх,Nalaikh,47.863701,107.437026,94098608,Tourism/Ургамал сувилал.jpg,바양골어린이캠프,バヤンゴル子供キャンプ,巴彦高勒儿童营,Детский Лагерь Баянгол
765,1,Жуулчны бааз,Tourist_Camp,Жуулчны бааз,Tourist Camp,Улаанбаатар,Ulaanbaatar,Налайх,Nalaikh,47.858858,107.429603,,Tourism/Урин кэмп.jpg,관광캠프,ツーリストキャンプ,旅游营地,Туристический лагерь
766,1,Жуулчны бааз,Tourist_Camp,Тэрэлж чанар ресорт,Terelj Chanar Resort,Улаанбаатар,Ulaanbaatar,Налайх,Nalaikh,47.991721,107.470307,90228888,Tourism/Урса Мэйжор.jpg,테렐지 차나르 리조트,テレルジ チャナール リゾート,特勒吉查纳尔度假村,Терэлдж Чанар Резорт
767,1,Жуулчны бааз,Tourist_Camp,Үзэсгэлэнт тэрэлж горхи кэмп,Beatiful Gorkhi Terelj,Улаанбаатар,Ulaanbaatar,Налайх,Nalaikh,47.81531,107.35689,99108322,Tourism/Урт эрэг.jpg,아름다운 고르키 테렐지,美しいゴルヒ テレルジ,美丽的戈尔基·特日勒吉,Прекрасная Горхи Тэрэлж
768,1,Жуулчны бааз,Tourist_Camp,Үзэсгэлэнт горхи тэрэлж гэгээ бааз,Beatiful Gorkhi Terelj Gegee Base,Улаанбаатар,Ulaanbaatar,Налайх,Nalaikh,47.81497,107.35789,99113407,Tourism/Урьхан Борнуур.jpg,아름다운 고르키 테렐지 게지 베이스,美しいゴルヒ テレルジ ゲゲ ベース,美丽的戈尔基特勒吉格吉基地,Красивая база Горхи Тэрэлдж Геги
769,1,Жуулчны бааз,Tourist_Camp,Ар гурван сайхан кэмп,Ar Gurvan Saikhan,Улаанбаатар,Ulaanbaatar,Налайх,Nalaikh,47.98139,107.44174,88165055,Tourism/Урьхан Лүн.jpg,아르 구르반 사이칸,アル・グルバン・サイハン,阿尔·古尔万·赛汗,Ар Гурван Сайхан
770,1,Жуулчны бааз,Tourist_Camp,Хотула жуулчны бааз,Khotula Tourist Camp,Улаанбаатар,Ulaanbaatar,Налайх,Nalaikh,47.87194,107.38725,75001212,Tourism/Уулзвар.jpg,코툴라 관광 캠프,コトゥラ ツーリスト キャンプ,科图拉旅游营地,Туристическая база Хотула
771,1,Жуулчны бааз,Tourist_Camp,Их монгол ресорт,Ikh Mongol Resort,Улаанбаатар,Ulaanbaatar,Налайх,Nalaikh,,,,Tourism/Уурхайн дуу.jpg,익 몽고 리조트,イク モンゴル リゾート,伊克蒙古度假村,Их Монгол Резорт
772,1,Жуулчны бааз,Tourist_Camp,Мойлтын тохой кэмп,Moiltyn Tokhoi Camp,Улаанбаатар,Ulaanbaatar,Налайх,Nalaikh,47.81714,107.33412,70110027,Tourism/Уухайн дуу.jpg,모일틴 토호이 캠프,モイルティン トコイ キャンプ,Moiltyn Tokhoi 营地,Лагерь Моильтын Тохой
773,1,Жуулчны бааз,Tourist_Camp,Монде тур жуулчны бааз,Monde Tour Camp,Улаанбаатар,Ulaanbaatar,Налайх,Nalaikh,47.89411,107.431,89883900,Tourism/Фармхаус ритрийт.jpg,몽드 투어 캠프,モンド ツアー キャンプ,世界旅游营地,Монд Тур Лагерь
774,1,Жуулчны бааз,Tourist_Camp,Янгирт ресорт,Yangirt Resort,Улаанбаатар,Ulaanbaatar,Налайх,Nalaikh,47.9105,107.4072,,Tourism/Фармхаус.jpg,양기르트 리조트,ヤンギルト リゾート,扬吉尔特度假村,Янгирт Резорт
775,1,Жуулчны бааз,Tourist_Camp,Золо ресорт,Zolo Resort,Улаанбаатар,Ulaanbaatar,Налайх,Nalaikh,47.82167,107.56525,91999063,Tourism/Флэйминг клифс.jpg,졸로 리조트,ゾロ リゾート,佐洛度假村,Золо Резорт
776,1,Жуулчны бааз,Tourist_Camp,Мойлт хаус,Moilt House,Улаанбаатар,Ulaanbaatar,Налайх,Nalaikh,47.81383,107.3449,"95254084, 95747899",Tourism/Хаадын тамга.jpg,모일트 하우스,モイルトハウス,莫伊尔特之家,Мойлт дом
777,2,Амралтын газар,Resort,Ойн жимст амралт,Oin Jimst Camp,Улаанбаатар,Ulaanbaatar,Чингэлтэй,Chingeltei,48.01684,106.88621,99919702,Tourism/Хаадын хаан.jpg,오인 짐스트 캠프,オインジムストキャンプ,奥因吉姆斯特营地,Ойн Джимст Кэмп
778,2,Амралтын газар,Resort,Ойн жим амралт,Oin Jim Camp,Улаанбаатар,Ulaanbaatar,Чингэлтэй,Chingeltei,48.00916,106.89676,91197858,Tourism/Хаан бууз.jpg,오인짐 캠프,オインジムキャンプ,奥因·吉姆·坎普,Ойн Джим Кэмп
779,1,Жуулчны бааз,Tourist_Camp,Шадивлан ресорт,Shadivlan Resort,Улаанбаатар,Ulaanbaatar,Чингэлтэй,Chingeltei,48.02126,106.89221,"89108055, 94870077",Tourism/Хаан жимс.jpg,샤디블란 리조트,シャディブラン リゾート,沙迪夫兰度假村,Шадивлан Резорт
780,9,Төмөр замын өртөө,Railway_Station,Толгойт төмөр замын өртөө,Tolgoit Railway Station,Улаанбаатар,Ulaanbaatar,Сонгинохайрхан,Songinokhairkhan,47.90404,106.74417,,Tourism/Хаан нарс.jpg,톨고이 기차역,トルゴイ駅,托尔盖火车站,Железнодорожная станция Толгойт
781,3,Рашаан сувилал,Spa_Resort,Төгөл сувилал,Tugul Medical Center,Улаанбаатар,Ulaanbaatar,Сонгинохайрхан,Songinokhairkhan,48.01518,106.81945,77161188,Tourism/Хаан тэрэлж.jpg,투굴 메디컬 센터,トゥグル医療センター,图古尔医疗中心,Тугулский медицинский центр
782,2,Амралтын газар,Resort,Баян-уул амралт,Bayan-Uul Resort,Улаанбаатар,Ulaanbaatar,Сонгинохайрхан,Songinokhairkhan,48.03484,106.78783,80998968,Tourism/Хаан төгөл.jpg,바얀울 리조트,バヤンオール リゾート,巴彦乌尔度假村,Курорт Баян-Уул
783,5,Хүүхдийн зуслан,Children_Summer_Camp,Нарс хүүхдийн зуслан,Nars Children'S Camp,Улаанбаатар,Ulaanbaatar,Сонгинохайрхан,Songinokhairkhan,48.03738,106.79348,99096109,Tourism/Хаан өртөө.jpg,나스 어린이 캠프,ナールズ チルドレンズ キャンプ,纳尔斯儿童营,Детский Лагерь Нарс
784,1,Жуулчны бааз,Tourist_Camp,Цагаан чулуу зочид буудал,Tsagaan Chuluu Hotel,Улаанбаатар,Ulaanbaatar,Сонгинохайрхан,Songinokhairkhan,48.03783,106.81197,80199133,Tourism/Хавирга боомт.jpg,차간 출루 호텔,ツァガーン チュルー ホテル,查干楚鲁酒店,Отель Цагаан Чулуу
785,2,Амралтын газар,Resort,Inn 39 амралт,Inn 39 Resort,Улаанбаатар,Ulaanbaatar,Сонгинохайрхан,Songinokhairkhan,48.08137,106.82489,99099993,Tourism/Хавтгай мод.jpg,인 39 리조트,イン 39 リゾート,39号度假村,Инн 39 Резорт
786,2,Амралтын газар,Resort,Ойн булаг амралт,Oin Bulag Resort,Улаанбаатар,Ulaanbaatar,Сонгинохайрхан,Songinokhairkhan,48.12272,106.882,99856554,Tourism/Хадан хошуу.jpg,오인 불라그 리조트,オイン ブラグ リゾート,奥因布拉格度假村,Ойн Булаг Резорт
787,2,Амралтын газар,Resort,Санзай амралт,Sanzai Resort,Улаанбаатар,Ulaanbaatar,Сүхбаатар,Sukhbaatar,48.1356,106.89757,"88080815, 99519010",Tourism/Хадат гэр бүлийн хаус.jpg,산자이 리조트,サンザイリゾート,三哉度假村,Санзай Резорт
788,1,Жуулчны бааз,Tourist_Camp,Багабаян цогцолбор,Bagabayan Complex,Улаанбаатар,Ulaanbaatar,Сүхбаатар,Sukhbaatar,48.15155,106.88964,90995500,Tourism/Хайртхаан.png,바가바얀 콤플렉스,バガバヤン・コンプレックス,巴巴巴延综合体,Комплекс Багабаян
789,3,Рашаан сувилал,Spa_Resort,Гүнт сувилал,Gunt Sanatorium,Улаанбаатар,Ulaanbaatar,Чингэлтэй,Chingeltei,48.06242,106.88342,95193799,Tourism/Хайрхан жуулчны бааз.jpg,군트 요양원,ガント療養所,冈特疗养院,Санаторий Гунт
790,1,Жуулчны бааз,Tourist_Camp,Мөнхтөгс лож,Munkhtugs Lodge,Улаанбаатар,Ulaanbaatar,Чингэлтэй,Chingeltei,48.10327,106.85928,,Tourism/Хайрын билэг.jpg,뭉크터그스 로지,ムンクタグス ロッジ,蒙克图格斯旅馆,Мунхтугс Лодж
791,1,Жуулчны бааз,Tourist_Camp,Нарлаг тосгон,Sunny Village,Улаанбаатар,Ulaanbaatar,Сүхбаатар,Sukhbaatar,48.05199,107.00462,86050411,Tourism/Халиун мед.jpg,써니 빌리지,サニービレッジ,阳光村,Солнечная деревня
792,2,Амралтын газар,Resort,Хандгайт амралт,Khandgait Resort,Улаанбаатар,Ulaanbaatar,Сүхбаатар,Sukhbaatar,48.11628,106.91479,83151538,Tourism/Хамарын хийд хоолны газар.jpeg,칸드가이트 리조트,カンドゲイト リゾート,坎德盖特度假村,Хандгайт Резорт
793,1,Жуулчны бааз,Tourist_Camp,Санкт морьт кэмп,Sankt Morit,Улаанбаатар,Ulaanbaatar,Сүхбаатар,Sukhbaatar,48.082,106.93881,,Tourism/Хамгийн захын.jpg,장크트 모리트,サンクトモリット,圣莫里特,Санкт-Морит
794,2,Амралтын газар,Resort,Номун амралт,Nomun Resort,Улаанбаатар,Ulaanbaatar,Сүхбаатар,Sukhbaatar,48.05423,107.00347,86333399,Tourism/Хан Оргил.jpg,노문리조트,ノムン リゾート,诺蒙度假村,Номун Резорт
795,2,Амралтын газар,Resort,Сэлбэ амралт,Selbe Resort,Улаанбаатар,Ulaanbaatar,Сүхбаатар,Sukhbaatar,48.05854,107.00344,75751551,Tourism/Хан сөгнөгөр.jpg,셀베 리조트,セルベ リゾート,塞尔贝度假村,Сельбе Резорт
796,2,Амралтын газар,Resort,Говь делукс амралт,Gobi Deluxe Hotel And Resort,Улаанбаатар,Ulaanbaatar,Баянзүрх,Bayanzurkh,48.09514,107.23467,88090814,Tourism/Хан тур.jpg,고비 디럭스 호텔 앤 리조트,ゴビ デラックス ホテル アンド リゾート,戈壁豪华度假酒店,Гоби Делюкс Отель и Резорт
797,1,Жуулчны бааз,Tourist_Camp,Оршил ресорт,Orshil Resort,Улаанбаатар,Ulaanbaatar,Баянзүрх,Bayanzurkh,48.06564,107.23172,89038886,Tourism/Хан тэрэлж жуулчны бааз.jpg,오르실 암랄트,オルシル・アムラルト,奥希尔·阿姆拉尔特,Оршил Амралт
798,2,Амралтын газар,Resort,Лотус амралт,Lotus Resort,Улаанбаатар,Ulaanbaatar,Баянзүрх,Bayanzurkh,48.06155,107.22862,80722828,Tourism/Хан хужирт.jpg,로터스 리조트,ロータス リゾート,莲花度假村,Лотос Резорт
799,2,Амралтын газар,Resort,Тэнгэрийн мөрөөдөл амралт,Dream Sky Resort,Улаанбаатар,Ulaanbaatar,Баянзүрх,Bayanzurkh,48.05012,107.30659,70002185,Tourism/Хан хүннү.jpg,드림 스카이 리조트,ドリーム スカイ リゾート,梦幻天空度假村,Дрим Скай Резорт
800,3,Рашаан сувилал,Spa_Resort,Ургамал сувилал,Urgamal Medical Center,Улаанбаатар,Ulaanbaatar,Баянзүрх,Bayanzurkh,48.04929,107.29937,91019500,Tourism/Хан-Овоот.jpg,우르가말 메디컬 센터,ウルガマル医療センター,乌尔加马尔医疗中心,Ургамалский медицинский центр
801,2,Амралтын газар,Resort,Шижир амралт,Shijir Resort,Улаанбаатар,Ulaanbaatar,Баянзүрх,Bayanzurkh,48.0211,107.27401,,Tourism/Ханбогд гэр кэмп.jpg,시지르 리조트,シジル リゾート,诗吉尔度假村,Шиджир Резорт
802,1,Жуулчны бааз,Tourist_Camp,Монгол шилтгээн,Mongol Shiltgeen,Улаанбаатар,Ulaanbaatar,Баянзүрх,Bayanzurkh,47.92425,107.1414,11710154,Tourism/Ханбогд нисэх.jpg,몽골 쉴트긴,モンゴルシルトギーン,蒙古什尔特金,Монгольский Шилтгин
803,1,Жуулчны бааз,Tourist_Camp,Ривер поинт лож,River Point Lodge,Улаанбаатар,Ulaanbaatar,Баянзүрх,Bayanzurkh,47.92677,107.16141,96025071,Tourism/Ханбогд.jpg,리버 포인트 로지,リバー ポイント ロッジ,河点旅馆,Ривер Пойнт Лодж
804,2,Амралтын газар,Resort,Арцат мод амралт,Artsat Mod Resort,Улаанбаатар,Ulaanbaatar,Баянзүрх,Bayanzurkh,47.92637,107.16357,89983029,Tourism/Хангай ресорт.jpg,아트샛 모드 리조트,アーサット モッド リゾート,阿尔萨特莫德度假村,Арсат Мод Резорт
805,1,Жуулчны бааз,Tourist_Camp,Туул ривер сайд лож,Tuul Riverside Lodge,Улаанбаатар,Ulaanbaatar,Баянзүрх,Bayanzurkh,47.88575,107.23761,77119370,Tourism/Хангайн болор.jpg,툴 리버사이드 로지,トゥール リバーサイド ロッジ,图尔河滨旅馆,Туул Риверсайд Лодж
806,2,Амралтын газар,Resort,Нархан амралт,Narkhan Resort,Улаанбаатар,Ulaanbaatar,Налайх,Nalaikh,47.83389,107.53693,99019421,Tourism/Хангайн хишиг амралт.jpg,나르칸 리조트,ナルカン リゾート,纳尔坎度假村,Нархан Резорт
807,2,Амралтын газар,Resort,Алтан хөндий цогцолбор,Altan Khundii Complex,Улаанбаатар,Ulaanbaatar,Налайх,Nalaikh,47.80457,107.53745,72728283,Tourism/Хангал саам сувилал.jpg,알탄 쿤디 콤플렉스,アルタン クンディ コンプレックス,阿尔坦昆迪复合体,Комплекс Алтан Хундии
808,1,Жуулчны бааз,Tourist_Camp,Ультра грийн ресорт,Ultra Green Resort,Улаанбаатар,Ulaanbaatar,Налайх,Nalaikh,47.79899,107.52434,99128204,Tourism/Хангалуун зоог.jpg,울트라 그린 리조트,ウルトラ グリーン リゾート,超绿色度假村,Ультра Грин Резорт
809,1,Жуулчны бааз,Tourist_Camp,Ундрам ресорт,Undram Resort,Улаанбаатар,Ulaanbaatar,Налайх,Nalaikh,47.79692,107.52744,95979296,Tourism/Хандгайт амралт.jpg,운드람 리조트,ウンドラム リゾート,温德拉姆度假村,Ундрам Резорт
810,2,Амралтын газар,Resort,Амралтын газар,Resort,Улаанбаатар,Ulaanbaatar,Налайх,Nalaikh,47.80116,107.5368,,Tourism/Хантайшир амралтын газар.jpg,의지,リゾート,采取,Прибегнуть
811,2,Амралтын газар,Resort,Кавалло клуб монгол,Cavallo Club Mongolia,Улаанбаатар,Ulaanbaatar,Налайх,Nalaikh,47.80213,107.54013,80706034,Tourism/Хануй Наранбулаг.jpg,카발로 클럽 몽골리아,カバロクラブモンゴル,蒙古卡瓦洛俱乐部,Кавалло Клуб Монголия
812,1,Жуулчны бааз,Tourist_Camp,Гүүд ресорт,Good Resort,Улаанбаатар,Ulaanbaatar,Налайх,Nalaikh,47.83415,107.39879,77283838,Tourism/Хануй рашаан.jpg,좋은 리조트,グッドリゾート,不错的度假村,Хороший курорт
813,2,Амралтын газар,Resort,Найман шарга амралт,Naiman Sharga Amraltyn Gazar,Улаанбаатар,Ulaanbaatar,Баянзүрх,Bayanzurkh,47.81664,107.28927,88077608,Tourism/Ханхар уул.jpg,나이만 샤르가 암랄틴 가자르,ナイマン シャルガ アムラティン ガザール,奈曼·沙尔加·阿姆拉尔廷·加扎尔,Найман Шарга Амралтын Газар
814,2,Амралтын газар,Resort,Дөл амралт,Dul Resort,Улаанбаатар,Ulaanbaatar,Баянзүрх,Bayanzurkh,47.81434,107.29364,88047426,Tourism/Хапинес лож.jpg,둘리조트,ダル リゾート,杜尔度假村,Дул Резорт
815,2,Амралтын газар,Resort,Хос ангир амралт,Khos Angir Resort,Улаанбаатар,Ulaanbaatar,Баянзүрх,Bayanzurkh,47.81784,107.29076,83115599,Tourism/Хаппи зон.jpg,코스 앙기르 리조트,コス アンギル リゾート,科斯安吉尔度假村,Хос Ангир Резорт
816,2,Амралтын газар,Resort,Их ам амралт,Ikh Am Resort,Улаанбаатар,Ulaanbaatar,Налайх,Nalaikh,47.81916,107.30061,99089336,Tourism/Хаппи номадик.jpg,익암 리조트,イクアム リゾート,伊克阿姆度假村,Их Ам Резорт
817,2,Амралтын газар,Resort,Мойлтын хүрхрээ амралт,Moiltyn Khurkhree Resort,Улаанбаатар,Ulaanbaatar,Налайх,Nalaikh,47.8191,107.3503,88676600,Tourism/Хар тэрмэстэй.jpg,모일틴 커크리 리조트,モイルティン クルクリー リゾート,莫伊尔廷库克里度假村,Моилтин Хурхри Резорт
818,2,Амралтын газар,Resort,Аав мод амралт,Aav Mod Resort,Улаанбаатар,Ulaanbaatar,Налайх,Nalaikh,47.81423,107.34718,99124560,Tourism/Хар усны рашаан.jpg,아브 모드 리조트,アーヴ モッド リゾート,阿夫莫德度假村,Аав Мод Резорт
819,2,Амралтын газар,Resort,Их хуралдай амралт,Ikh Khuraldai Resort,Улаанбаатар,Ulaanbaatar,Налайх,Nalaikh,47.81479,107.35117,99109499,Tourism/Харгал виста.jpg,이크 쿠랄다이 리조트,イク クラルダイ リゾート,伊克呼拉尔代度假村,Курорт Их Хуралдай
820,2,Амралтын газар,Resort,"Баянгол зочид буудал, амралт",Bayangol Hotel &Resort,Улаанбаатар,Ulaanbaatar,Налайх,Nalaikh,47.82688,107.53698,75332255,Tourism/Хариг трэйд.png,바양골 호텔&리조트,バヤンゴル ホテル & リゾート,巴彦高勒酒店度假村,Баянгол Отель & Резорт
821,2,Амралтын газар,Resort,Хаан жимс амралт,Khaan Jims Resort,Улаанбаатар,Ulaanbaatar,Налайх,Nalaikh,47.83349,107.52466,95304070,Tourism/Хас өргөө.jpg,칸 짐스 리조트,カーン ジムズ リゾート,可汗吉姆斯度假村,Хаан Джимс Резорт
822,1,Жуулчны бааз,Tourist_Camp,Хүннү кэмп,Khunnu Camp,Улаанбаатар,Ulaanbaatar,Налайх,Nalaikh,47.83436,107.55246,70006989,Tourism/Хасар зоогийн газар.jpg,쿤누 캠프,クヌヌキャンプ,昆努营地,Лагерь Хунну
823,2,Амралтын газар,Resort,"Тэгри мэд амралт, сувилал",Tegri Med Resort,Улаанбаатар,Ulaanbaatar,Налайх,Nalaikh,47.82684,107.53903,77773335,Tourism/Хатан зоог.jpg,테그리 메드 리조트,テグリ メッド リゾート,特格里梅德度假村,Тегри Мед Резорт
824,7,Нисэх буудал,Airport,Налайх нисэх буудал,Nalaikh Airport,Улаанбаатар,Ulaanbaatar,Налайх,Nalaikh,47.74488,107.37417,,Tourism/Хатан өгий.jpg,날라이크 공항,ナライク空港,纳莱赫机场,Аэропорт Налайх
825,1,Жуулчны бааз,Tourist_Camp,Элдэнэ жуулчны бааз,Eldene Tourist Camp,Улаанбаатар,Ulaanbaatar,Налайх,Nalaikh,47.72099,107.45766,89991816,Tourism/Хатгал кэмп.jpeg,엘데네 투어리스트 캠프,エルデネ ツーリスト キャンプ,埃尔登旅游营地,Туристический лагерь Элден
826,2,Амралтын газар,Resort,Грийн краун ресорт,Gree Crown Resort,Улаанбаатар,Ulaanbaatar,Налайх,Nalaikh,47.85318,107.41056,77753030,Tourism/Хатгал нисэх буудал.jpeg,그리 크라운 리조트,グリー クラウン リゾート,格力皇冠度假酒店,Гри Краун Резорт
827,1,Жуулчны бааз,Tourist_Camp,Эко тэрэлж,Eco Terelj,Улаанбаатар,Ulaanbaatar,Налайх,Nalaikh,47.84959,107.4143,80020375,Tourism/Хаш хан.jpg,에코 테렐지,エコ テレルジ,生态特勒吉,Эко Тэрэлж
828,2,Амралтын газар,Resort,Тэрэлж ресорт,Terelj Resort,Улаанбаатар,Ulaanbaatar,Налайх,Nalaikh,47.8485,107.41579,"89108005, 95578008",Tourism/Херо гэр бүл.jpg,테렐지 리조트,テレルジ リゾート,特日勒吉度假村,Курорт Тэрэлж
829,1,Жуулчны бааз,Tourist_Camp,Грийн тэрэлж,Green Terelj,Улаанбаатар,Ulaanbaatar,Налайх,Nalaikh,47.86038,107.41551,99094428,Tourism/Хийморь.jpg,그린 테렐지,グリーン・テレルジ,绿色特勒吉,Зеленый Тэрэлж
830,1,Жуулчны бааз,Tourist_Camp,Сондор хад ресорт,Sondor Khad Resort,Улаанбаатар,Ulaanbaatar,Налайх,Nalaikh,47.86177,107.41777,99102325,Tourism/Хирвэстэг.jpg,손도르 카드 리조트,ソンドール カド リゾート,松多尔卡德度假村,Сондор Кхад Резорт
831,1,Жуулчны бааз,Tourist_Camp,Нархан жуулчны бааз,Narkhan Tourist Camp,Улаанбаатар,Ulaanbaatar,Налайх,Nalaikh,47.86283,107.42993,88119540,Tourism/Хишиг монгол.jpg,나르칸 투어리스트 캠프,ナルカン ツーリスト キャンプ,纳坎旅游营地,Туристическая база Нархан
832,1,Жуулчны бааз,Tourist_Camp,Бенибана ресорт,Benibana Resort,Улаанбаатар,Ulaanbaatar,Налайх,Nalaikh,47.86308,107.43473,89117005,Tourism/Ховд Буянт.jpg,베니바나 리조트,ベニバナリゾート,贝尼巴纳度假村,Бенибана Резорт
833,2,Амралтын газар,Resort,Хэрэмхэн амралт,Kheremkhen Resort,Улаанбаатар,Ulaanbaatar,Налайх,Nalaikh,47.86537,107.43849,98096080,Tourism/Ховд нисэх буудал.jpg,케렘켄 리조트,ケレムケン リゾート,克瑞姆肯度假村,Курорт Херемхен
834,1,Жуулчны бааз,Tourist_Camp,Тэрэлж лайт хаус ресорт,Terelj Lighthouse Resort,Улаанбаатар,Ulaanbaatar,Налайх,Nalaikh,47.86454,107.43988,88300300,Tourism/Хожуулын гол кэмп.jpg,테렐지 라이트하우스 리조트,テレルジ ライトハウス リゾート,特勒吉灯塔度假村,Терэлж Маяк Резорт
835,1,Жуулчны бааз,Tourist_Camp,Батхаан амралт,Batkhaan Camp,Улаанбаатар,Ulaanbaatar,Налайх,Nalaikh,47.87165,107.42701,77401297,Tourism/Хожуулын гол.jpg,바트칸 캠프,バトカーンキャンプ,巴特坎营地,Лагерь Батхаан
836,1,Жуулчны бааз,Tourist_Camp,Тэрэлж маунтин лож,Terelj Mountain Lodge,Улаанбаатар,Ulaanbaatar,Налайх,Nalaikh,47.87299,107.42154,80808300,Tourism/Хойд хөвсгөл.jpg,테렐지 마운틴 로지,テレルジ マウンテン ロッジ,特日勒吉山旅馆,Тэрэлж Маунтин Лодж
837,2,Амралтын газар,Resort,Гэр бүлийн амралт,Family Resort,Улаанбаатар,Ulaanbaatar,Налайх,Nalaikh,47.87288,107.41267,,Tourism/Холбоо нуур.jpg,패밀리 리조트,ファミリーリゾート,家庭度假村,Семейный курорт
838,1,Жуулчны бааз,Tourist_Camp,Алунгоо лож,Alungoo Lodge,Улаанбаатар,Ulaanbaatar,Налайх,Nalaikh,47.87739,107.43021,99138704,Tourism/Хонгор морьт.jpg,알룽구 로지,アルングー ロッジ,阿伦古旅馆,Алунгу Лодж
839,1,Жуулчны бааз,Tourist_Camp,Гуру жуулны бааз,Guru Tourist Camp,Улаанбаатар,Ulaanbaatar,Налайх,Nalaikh,47.88116,107.42839,99096714,Tourism/Хонд рашаан.jpg,구루 투어리스트 캠프,グルツーリストキャンプ,古鲁旅游营,Туристический лагерь Гуру
840,1,Жуулчны бааз,Tourist_Camp,Тэрэлж гэр бүлийн спот Монгол,"Terelj Family Spot, Mongolia",Улаанбаатар,Ulaanbaatar,Налайх,Nalaikh,47.88288,107.4432,91919699,Tourism/Хорго кэмп.jpg,몽골 테렐지 가족 여행지,テレルジ ラミリー スポット モンゴル,テレルジファミリースポット モンゴル,"Семейное пятно Терельж, Монголия"
841,1,Жуулчны бааз,Tourist_Camp,Амар тэрэлж,Amar Terelj ,Улаанбаатар,Ulaanbaatar,Налайх,Nalaikh,47.8803,107.43766,"80120306, 80049993",Tourism/Хорго уул буудал.jpg,아마르 테렐지,アマール・テレルジ,阿马尔·特雷吉,Амар Терель
842,1,Жуулчны бааз,Tourist_Camp,Од тэрэлж кэмп,Od Terelj Camp,Улаанбаатар,Ulaanbaatar,Налайх,Nalaikh,47.87617,107.43833,89894289,Tourism/Хорьдол ээж.jpg,오드 테렐지 캠프,オッド テレルジ キャンプ,奥德特勒吉营地,Лагерь Од Тэрэлж
843,1,Жуулчны бааз,Tourist_Camp,Тэрэлж риверсайд ресорт,Terelj Riverside Resort,Улаанбаатар,Ulaanbaatar,Налайх,Nalaikh,47.87552,107.43826,95883330,Tourism/Хос ангир амралт.jpg,테렐지 리버사이드 리조트,テレルジ リバーサイド リゾート,特勒吉河滨度假村,Терэлж Риверсайд Резорт
844,2,Амралтын газар,Resort,Тэрэлж хангай амралт,Terelj Khangai Amralt,Улаанбаатар,Ulaanbaatar,Налайх,Nalaikh,47.88085,107.44661,99165145,Tourism/Хос хэрэм.jpeg,테렐지 칸가이 암랄트,テレルジ ハンガイ アムラルト,特勒吉·坎盖·阿姆拉特,Тэрэлдж Хангай Амралт
845,1,Жуулчны бааз,Tourist_Camp,Стар тур кэмп,Star Tourist Camp,Улаанбаатар,Ulaanbaatar,Налайх,Nalaikh,47.88119,107.44989,95955973,Tourism/Хот айл гэр буудал.jpg,스타관광캠프,スターツーリストキャンプ,星级旅游营,Звездный туристический лагерь
846,1,Жуулчны бааз,Tourist_Camp,Ээжийн гэр кэмп,Mommi's Yurt Camp,Улаанбаатар,Ulaanbaatar,Налайх,Nalaikh,47.8865,107.45358,91019000,Tourism/Хотула.jpg,엄마의 유르트 캠프,ママのユルトキャンプ,妈妈的蒙古包营地,Юрточный лагерь «Мамочка»
847,5,Хүүхдийн зуслан,Children_Summer_Camp,Өгөөмөр заан хүүхдийн зуслан,Uguumur Zaan Chilren's Camp,Улаанбаатар,Ulaanbaatar,Налайх,Nalaikh,47.89111,107.46711,91910192,Tourism/Хоёр загал.jpg,우구무르 잔 칠렌스 캠프,ウグムル ザーン チルレンズ キャンプ,乌古穆尔扎安儿童营,Детский лагерь Угуумур Заан
848,2,Амралтын газар,Resort,Бяцхан аялал гэр бүлийн амралт,Byatskhan Ayalal Family Resort,Улаанбаатар,Ulaanbaatar,Налайх,Nalaikh,47.87486,107.46148,88010006,Tourism/Хужирт СПА.jpg,비야츠칸 아얄랄 패밀리 리조트,ビャツカン アヤラル ファミリー リゾート,拜茨坎阿亚拉尔家庭度假村,Семейный курорт Бяцхан Аялал
849,1,Жуулчны бааз,Tourist_Camp,Отгон тайж,Otgon Taij,Улаанбаатар,Ulaanbaatar,Налайх,Nalaikh,47.87591,107.46253,90161415,Tourism/Хулст.jpg,오트곤 타이즈,オットゴン・タイジ,奥特贡·泰吉,Отгон Тайдж
850,2,Амралтын газар,Resort,Амралтын газар,Amraltyn Gazar,Улаанбаатар,Ulaanbaatar,Налайх,Nalaikh,47.87601,107.46387,,Tourism/Хун нуур.jpg,암랄틴 가자르,アムラルティン ガザール,阿姆拉尔廷·加扎尔,Амралтын Газар
851,1,Жуулчны бааз,Tourist_Camp,Бирга ресорт,Birga Resott,Улаанбаатар,Ulaanbaatar,Налайх,Nalaikh,47.87863,107.46482,88668866,Tourism/Хунгийн эрэг.jpg,비르가 리조트,ビルガ リゾット,比尔加雷索特,Бирга Резотт
852,1,Жуулчны бааз,Tourist_Camp,Бүүвэйт кэмп,Buuveit Camp,Улаанбаатар,Ulaanbaatar,Налайх,Nalaikh,47.87694,107.47043,99753575,Tourism/Хусан төгөл.jpg,부베이트 캠프,ブーベイトキャンプ,布韦特营地,Лагерь Буувейт
853,1,Жуулчны бааз,Tourist_Camp,Ану ресорт,Anu Resort,Улаанбаатар,Ulaanbaatar,Налайх,Nalaikh,47.87369,107.47223,91995252,Tourism/Хуст хужирт.jpg,아누 리조트,アヌ リゾート,阿努度假村,Ану Резорт
854,1,Жуулчны бааз,Tourist_Camp,Булагтай кэмп экстрим монгол,Bulagtai Camp Extreme Mongolia,Улаанбаатар,Ulaanbaatar,Налайх,Nalaikh,47.87133,107.46095,99053277,Tourism/Хустын рашаан гэр кэмп.jpg,Bulagtai 캠프 익스트림 몽골리아,ブラグタイ キャンプ エクストリーム モンゴリア,布拉格泰营地 极端蒙古,Лагерь Булагтай Экстрим Монголия
855,1,Жуулчны бааз,Tourist_Camp,Арьябал бурханы бясалгалын төв,Aryapala Temple Meditation Center,Улаанбаатар,Ulaanbaatar,Налайх,Nalaikh,47.9356,107.42749,99115961,Tourism/Хусхан.jpg,아리아팔라 사원 명상 센터,アーヤパラ寺院瞑想センター,阿亚帕拉寺冥想中心,Центр медитации храма Арьяпала
856,2,Амралтын газар,Resort,Заан түмэт амралт,Zaan Tumet Resort,Улаанбаатар,Ulaanbaatar,Налайх,Nalaikh,47.92651,107.41579,88182441,Tourism/Хутаг өндөр.jpg,잔 투멧 리조트,ザーン トゥメット リゾート,赞图美特度假村,Заан Тумет Резорт
857,1,Жуулчны бааз,Tourist_Camp,Гэрэлт аялгуу ресорт,Gerelt Ayalguu Resort,Улаанбаатар,Ulaanbaatar,Налайх,Nalaikh,47.92688,107.43095,89002084,Tourism/Хутагт уул.jpg,게렐트 아얄구 리조트,ゲレルト アヤルグー リゾート,盖勒尔特阿亚尔古度假村,Герелт Аялгуу Резорт
858,1,Жуулчны бааз,Tourist_Camp,Хүслэн кэмп,Khuslen Camp,Улаанбаатар,Ulaanbaatar,Налайх,Nalaikh,47.92416,107.42997,80160100,Tourism/Хутагтын өргөө.jpg,쿠슬렌 캠프,クスレンキャンプ,库斯伦营地,Лагерь Хуслен
859,1,Жуулчны бааз,Tourist_Camp,Мөнгөт цохио,Mungut Tsokhio,Улаанбаатар,Ulaanbaatar,Налайх,Nalaikh,47.92338,107.42751,89110045,Tourism/Хуучин гүүр.jpg,문구트 초키오,ムングット・ツォキオ,蒙古特索克奥,Мунгут Цохио
860,2,Амралтын газар,Resort,Янгирт амралт,Yangirt Camp,Улаанбаатар,Ulaanbaatar,Налайх,Nalaikh,47.92119,107.42857,95958434,Tourism/Хэлло Түнхэл.jpg,양기르트 캠프,ヤンギルトキャンプ,扬吉尔特营地,Лагерь Янгирт
861,1,Жуулчны бааз,Tourist_Camp,Тэлмэн тэрэлж,Telmen Terelj,Улаанбаатар,Ulaanbaatar,Налайх,Nalaikh,47.92191,107.42056,88038688,Tourism/Хэрэмхэн.jpg,텔멘 테렐지,テルメン テレルジ,泰尔门·特日勒吉,Тельмен Тэрэлж
862,5,Хүүхдийн зуслан,Children_Summer_Camp,Жавхлант хүүхдийн зуслан,Javkhlant Children's Camp,Улаанбаатар,Ulaanbaatar,Налайх,Nalaikh,47.91865,107.41505,95903070,Tourism/Хэцүү хад.jpg,자브클란트 어린이 캠프,ジャブクラント子供キャンプ,贾夫赫兰特儿童营,Детский лагерь Джавхлант
863,2,Амралтын газар,Resort,Гурван тоорой амралт,Gurvan Tooroi Resort,Улаанбаатар,Ulaanbaatar,Налайх,Nalaikh,47.91851,107.41257,99797110,Tourism/Хээр талын.jpg,구르반 투로이 리조트,ガーバン トロイ リゾート,古文图罗伊度假村,Гурван Торой Резорт
864,5,Хүүхдийн зуслан,Children_Summer_Camp,Нарлаг хүүхдийн зуслан,Narlag Children's Camp,Улаанбаатар,Ulaanbaatar,Налайх,Nalaikh,47.91181,107.41606,88075133,Tourism/Хяргас гэр бүлийн.jpg,날라그 어린이 캠프,ナーラグ子供キャンプ,纳尔拉格儿童营,Детский лагерь Нарлаг
865,1,Жуулчны бааз,Tourist_Camp,Мөнгөн хад,Mungun Khad,Улаанбаатар,Ulaanbaatar,Налайх,Nalaikh,47.90837,107.41704,89244389,Tourism/Хяргас нуур бааз.jpg,문군 카드,ムングン・カド,蒙贡卡德,Мунгун Хад
866,1,Жуулчны бааз,Tourist_Camp,Хөөрхөн Намууны кэмп,Khuurkhun Namuun's Camp,Улаанбаатар,Ulaanbaatar,Налайх,Nalaikh,47.90709,107.41532,88969133,Tourism/Хяргас хөх бух.jpg,쿠르쿤 나무운의 캠프,クルクン・ナムウンのキャンプ,Khuurkhun Namuun 营地,Лагерь Хуурхуна Намууна
867,1,Жуулчны бааз,Tourist_Camp,Урин кэмп,Urin Camp,Улаанбаатар,Ulaanbaatar,Налайх,Nalaikh,47.90414,107.41931,99103062,Tourism/Хүдэр.jpg,유린캠프,ウリンキャンプ,乌林营地,Урин Кэмп
868,1,Жуулчны бааз,Tourist_Camp,Тэрэлж гарден,Terelj Garden,Улаанбаатар,Ulaanbaatar,Налайх,Nalaikh,47.90432,107.42092,99944030,Tourism/Хүй долоон худаг.jpg,테렐지 정원,テレルジ ガーデン,特日勒吉花园,Сад Тэрэлж
869,1,Жуулчны бааз,Tourist_Camp,Скай лайн,Sky line ,Улаанбаатар,Ulaanbaatar,Налайх,Nalaikh,47.90204,107.42137,85866612,Tourism/Хүмүн кэмп.jpg,스카이라인,スカイライン,天空线,Линия неба
870,1,Жуулчны бааз,Tourist_Camp,Грийн лож Монгол,Green Lodge Mongolia,Улаанбаатар,Ulaanbaatar,Налайх,Nalaikh,47.90253,107.42049,86103878,Tourism/Хүн одод ресорт.jpg,그린 로지 몽골리아,グリーン ロッジ モンゴリア,蒙古绿色旅馆,Грин Лодж Монголия
871,1,Жуулчны бааз,Tourist_Camp,Их уул,Ikh Uul,Улаанбаатар,Ulaanbaatar,Налайх,Nalaikh,47.88515,107.39257,89692597,Tourism/Хүн одод.jpg,이크 울,イク・ウル,伊赫乌尔,Их Уул
872,1,Жуулчны бааз,Tourist_Camp,Баянхад стар лож,Bayankhad Star Lodge,Улаанбаатар,Ulaanbaatar,Налайх,Nalaikh,47.88019,107.39142,99029035,Tourism/Хүннү кэмп.jpg,바얀카드 스타 로지,バヤンカッド スター ロッジ,巴彦卡德星级旅馆,Баянхад Стар Лодж
873,1,Жуулчны бааз,Tourist_Camp,Империал маунт ресорт,Imperial Mount Resort ,Улаанбаатар,Ulaanbaatar,Налайх,Nalaikh,47.87953,107.39721,72883399,Tourism/Хүннү отог.jpeg,임페리얼 마운트 리조트,インペリアル マウント リゾート,帝国山度假村,Империал Маунт Резорт
874,1,Жуулчны бааз,Tourist_Camp,Скай лэнд ресорт,Sky Land Resort,Улаанбаатар,Ulaanbaatar,Налайх,Nalaikh,47.88335,107.40556,88940131,Tourism/Хүннү хөдөө арал.jpg,스카이랜드 리조트,スカイ ランド リゾート,天空之地度假村,Скай Лэнд Резорт
875,1,Жуулчны бааз,Tourist_Camp,Гранд ресорт кэмп,Grand Resort Camp,Улаанбаатар,Ulaanbaatar,Налайх,Nalaikh,47.88514,107.41261,99012147,Tourism/Хүнхэр амралт.jpg,그랜드 리조트 캠프,グランド リゾート キャンプ,豪华度假村营地,Гранд Резорт Кэмп
876,1,Жуулчны бааз,Tourist_Camp,Тэрэлж ланд ,Terelj Land,Улаанбаатар,Ulaanbaatar,Налайх,Nalaikh,47.86504,107.37295,99061390,Tourism/Хүрхрээ тур.jpg,테렐지 랜드,テレルジ ランド,特日勒吉地,Тэрэлж Лэнд
877,1,Жуулчны бааз,Tourist_Camp,Тэрэлж роял кэмп,Terelj Royal camp,Улаанбаатар,Ulaanbaatar,Налайх,Nalaikh,47.88392,107.38494,99271525,Tourism/Хүрхрээн цуурай.jpg,테렐지 로얄 캠프,テレルジ ロイヤル キャンプ,特勒吉皇家营地,Королевский лагерь Тэрэлж
878,1,Жуулчны бааз,Tourist_Camp,Арга билиг ресорт,Arga Bilig Resort,Улаанбаатар,Ulaanbaatar,Налайх,Nalaikh,47.86861,107.39648,80509040,Tourism/Хүрэмт зоог.jpeg,아르가 빌리그 리조트,アルガ ビリグ リゾート,阿尔加比利格度假村,Арга Билиг Резорт
879,1,Жуулчны бааз,Tourist_Camp,Мөнхжин жуулчны бааз,My Mongolia Eco Ger Camp,Улаанбаатар,Ulaanbaatar,Налайх,Nalaikh,47.86689,107.39095,99054244,Tourism/Хүрэн тал кэмп.jpg,마이몽골 에코게르 캠프,私のモンゴルエコゲルキャンプ,我的蒙古生态蒙古包营,Мой экологический лагерь в Монголии
880,1,Жуулчны бааз,Tourist_Camp,Тэрэлж төгс ресорт,Terelj Tugs Resort,Улаанбаатар,Ulaanbaatar,Налайх,Nalaikh,47.86692,107.39313,80916433,Tourism/Хүрэн шугуй.jpg,테를지 터그스 리조트,テレルジ タグス リゾート,特日勒吉拖轮度假村,Терэлж Тугс Резорт
881,1,Жуулчны бааз,Tourist_Camp,Грийн скай ресорт,Green Sky Resort,Улаанбаатар,Ulaanbaatar,Налайх,Nalaikh,47.86779,107.4013,72727440,Tourism/Хүслэн кэмп.jpg,그린 스카이 리조트,グリーン スカイ リゾート,绿色天空度假村,Грин Скай Резорт
882,1,Жуулчны бааз,Tourist_Camp,Энхээ морь уналгын төв,Enkhee Horse riding center,Улаанбаатар,Ulaanbaatar,Налайх,Nalaikh,47.8649,107.39947,91112330,Tourism/Хөвсгөл Баян-Улаан.jpg,엔키승마센터,エンキー乗馬センター,恩希骑马中心,Центр верховой езды Энхи
883,1,Жуулчны бааз,Tourist_Camp,Гацуурхан 0817,Gatsuurkhan 0817,Улаанбаатар,Ulaanbaatar,Баянзүрх,Bayanzukh,48.06117,107.21967,88014884,Tourism/Хөвсгөл Эрдэнэ.jpg,가츠우르칸 0817,ガツウルカン 0817,加苏尔汗 0817,Гацуурхан 0817
884,1,Жуулчны бааз,Tourist_Camp,Оршил ресорт,Orshil Resort,Улаанбаатар,Ulaanbaatar,Баянзүрх,Bayanzukh,48.05735,107.23648,86063266,Tourism/Хөвсгөл далай ресорт.jpg,오르실 리조트,オーシル リゾート,奥希尔度假村,Курорт Оршил
885,2,Амралтын газар,Resort,Баянбогд амралт,Bayanbogd Resort,Улаанбаатар,Ulaanbaatar,Баянзүрх,Bayanzukh,48.03733,107.23351,99172745,Tourism/Хөвсгөл далай.jpg,바얀복드 리조트,バヤンボグド リゾート,巴彦博格德度假村,Баянбогд Резорт
886,2,Амралтын газар,Resort,Наран өргөө амралт,Naran Urguu Resort ,Улаанбаатар,Ulaanbaatar,Баянзүрх,Bayanzukh,48.03646,107.23967,"80553434, 96313434",Tourism/Хөвсгөл сант.jpeg,나란 우르구 리조트,ナラン ウルグウ リゾート,纳兰乌尔古度假村,Наран Ургуу Резорт
887,1,Жуулчны бааз,Tourist_Camp,Ган хадат ресорт,Gan Khadat Resort ,Улаанбаатар,Ulaanbaatar,Налайх,Nalaikh,47.98055,107.43661,72278866,Tourism/Хөвсгөл сор.jpg,간 카다트 리조트,ガン カダット リゾート,甘卡达度假村,Ган Хадат Резорт
888,1,Жуулчны бааз,Tourist_Camp,Нарлаг тэрэлж,Narlag Terelj,Улаанбаатар,Ulaanbaatar,Налайх,Nalaikh,47.98423,107.43459,94941443,Tourism/Хөвсгөл эко тур.jpg,날라그 테렐지,ナルラグ・テレルジ,纳拉格·特勒吉,Нарлаг Тэрэлж
889,1,Жуулчны бааз,Tourist_Camp,Юртопиа тэрэлж,Yurtopia Terelj,Улаанбаатар,Ulaanbaatar,Налайх,Nalaikh,47.98481,107.4291,,Tourism/Хөгнө хан.jpg,유르토피아 테렐지,ユルトピア テレルジ,尤托皮亚·特勒吉,Юртопия Тэрэлж
890,1,Жуулчны бааз,Tourist_Camp,Монгол морин аялалын  төв,Mongolian Horse riding center,Улаанбаатар,Ulaanbaatar,Налайх,Nalaikh,47.9775,107.46363,89988356,Tourism/Хөмөг тур.jpg,몽골승마센터,モンゴル乗馬センター,蒙古骑马中心,Монгольский центр верховой езды
891,1,Жуулчны бааз,Tourist_Camp,Монгол морин аялалын клуб,Mongolian Horse Riding Club,Улаанбаатар,Ulaanbaatar,Налайх,Nalaikh,47.97687,107.46451,95594644,Tourism/Хөнөг гэр буудал.jpg,몽골 승마 클럽,モンゴル乗馬クラブ,蒙古骑马俱乐部,Монгольский клуб верховой езды
892,1,Жуулчны бааз,Tourist_Camp,Шугуйт морин аялалын бааз,Shuguit Horseback riding and holiday camp,Улаанбаатар,Ulaanbaatar,Налайх,Nalaikh,47.97962,107.46783,88602272,Tourism/Хөрс ШТС.jpeg,Shuguit 승마 및 휴가 캠프,シュギット乗馬とホリデーキャンプ,舒吉特骑马和度假营,Шугуит Конный лагерь и лагерь отдыха
893,2,Амралтын газар,Resort,Түшиг амралт,Tushig Resort,Улаанбаатар,Ulaanbaatar,Налайх,Nalaikh,47.98134,107.46751,80208924,Tourism/Хөсөг жуулчны бааз.jpg,투시그 리조트,トゥシグ リゾート,图西格度假村,Курорт Тушиг
894,2,Амралтын газар,Resort,Дэлгэрэх амралт,Delgerekh Resort,Улаанбаатар,Ulaanbaatar,Налайх,Nalaikh,47.98206,107.46913,88018831,Tourism/Хөх далай.jpg,델게레크 리조트,デルゲレク リゾート,德尔格勒克度假村,Курорт Дельгерех
895,2,Амралтын газар,Resort,Хаан тэрэлж амралт,Khaan Terelj Resort,Улаанбаатар,Ulaanbaatar,Налайх,Nalaikh,47.98333,107.46906,99264656,Tourism/Хөх морьт.jpg,칸 테렐지 리조트,カーン テレルジ リゾート,可汗特勒吉度假村,Хаан Тэрэлж Резорт
896,2,Амралтын газар,Resort,Тэрэлж шугуй амралт,Terelj Shugui Resort,Улаанбаатар,Ulaanbaatar,Налайх,Nalaikh,47.98096,107.47066,91500007,Tourism/Хөх нуур зоогийн газар.jpeg,테렐지 슈구이 리조트,テレルジ シュギ リゾート,特日勒吉舒吉度假村,Терэлж Шуги Резорт
897,2,Амралтын газар,Resort,Мөнх тэрэлж амралт,Munkh Terelj Resort,Улаанбаатар,Ulaanbaatar,Налайх,Nalaikh,47.98065,107.47228,88052444,Tourism/Хөх сувд.jpg,뭉크 테렐지 리조트,ムンク テレルジ リゾート,蒙克特勒吉度假村,Мунк Тэрэлж Резорт
898,2,Амралтын газар,Resort,Баясгалант амралт,Bayasgalant Resort,Улаанбаатар,Ulaanbaatar,Налайх,Nalaikh,47.97886,107.4702,85111705,Tourism/Хөх тайж.jpg,바야스갈란트 리조트,バヤスガラント リゾート,巴亚斯加兰特度假村,Курорт Баясгалант
899,1,Жуулчны бааз,Tourist_Camp,Дөрвөн Эрдэнэ Хуяг,Durvun Erdene Khuyag,Улаанбаатар,Ulaanbaatar,Налайх,Nalaikh,47.97798,107.47275,99000483,Tourism/Хөх тэнгэр эко.jpg,Durvun Erdene Khuyag,ドゥルブン・エルデネ・クヤグ,杜尔文·额尔德尼·库亚格,Дурван Эрдэнэ Хуяг
900,1,Жуулчны бааз,Tourist_Camp,Монголжин тур,Mongoljin Tour,Улаанбаатар,Ulaanbaatar,Налайх,Nalaikh,47.9776,107.47533,86602019,Tourism/Хөх хандгай.jpg,몽골진투어,モンゴルジンツアー,蒙古金之旅,Монголджин Тур
901,1,Жуулчны бааз,Tourist_Camp,Дөлгөөн тэрэлж ресорт,Dulguun Terelj Resort,Улаанбаатар,Ulaanbaatar,Налайх,Nalaikh,47.98052,107.47896,99084003,Tourism/Хөхөө тур.jpg,둘구운 테렐지 리조트,ドゥルグン テレルジ リゾート,杜尔古恩特勒吉度假村,Дулгуун Тэрэлж Резорт
902,1,Жуулчны бааз,Tourist_Camp,Тэрэлж түмэн тур,Terelj Tumen Tour,Улаанбаатар,Ulaanbaatar,Налайх,Nalaikh,47.97846,107.47834,88074575,Tourism/Цаа буга маллагч.jpg,테렐지 투멘 투어,テレルジ トゥメン ツアー,特日勒吉图们之旅,Тэрэлж Тюмень Тур
903,2,Амралтын газар,Resort,Тэрэлж жимбий амралт,Terelj Jimbii Resort,Улаанбаатар,Ulaanbaatar,Налайх,Nalaikh,47.97666,107.47824,99220088,Tourism/Цаа буга.jpg,테렐지 짐비 리조트,テレルジ ジンビイ リゾート,特日勒吉金比度假村,Терэлж Джимби Резорт
904,2,Амралтын газар,Resort,Тэрэлж сувдан эрэг амралт,Terelj Pearl Harbor Resort,Улаанбаатар,Ulaanbaatar,Налайх,Nalaikh,47.9774,107.48046,91911331,Tourism/Цаа бугын хөтөч.jpg,테렐지 펄 하버 리조트,テレルジ パール ハーバー リゾート,特勒吉珍珠港度假村,Терэлж Перл Харбор Резорт
905,1,Жуулчны бааз,Tourist_Camp,Гоо тэрэлж кэмп,Goo Terelj Camp,Улаанбаатар,Ulaanbaatar,Налайх,Nalaikh,47.97506,107.47975,95959884,Tourism/Цагаан булаг.jpg,구 테렐지 캠프,グー テレルジ キャンプ,古特勒吉营地,Лагерь Гу Тэрэлж
906,2,Амралтын газар,Resort,Бадрах тэрэлж амралт,Badrakh Terelj Resort,Улаанбаатар,Ulaanbaatar,Налайх,Nalaikh,47.97436,107.48116,80082378,Tourism/Цагаан овгор.jpg,바드라크 테렐지 리조트,バドラク テレルジ リゾート,巴德拉克特勒吉度假村,Бадрах Тэрэлж Резорт
907,1,Жуулчны бааз,Tourist_Camp,Тэрэлж гэр бүлийн тур,Terelj family stay tour,Улаанбаатар,Ulaanbaatar,Налайх,Nalaikh,47.97409,107.48562,99259921,Tourism/Цагаан суварга.jpg,테렐지 가족 숙박 투어,テレルジ家族滞在ツアー,特日勒吉家庭住宿之旅,Семейный тур в Тэрэле
908,1,Жуулчны бааз,Tourist_Camp,Тенма явган аялалын бааз,Tenma Hiking Camp,Улаанбаатар,Ulaanbaatar,Налайх,Nalaikh,47.97472,107.49057,99065060,Tourism/Цагаан толгойн рашаан.jpg,텐마 하이킹 캠프,天満ハイキングキャンプ,天满登山营地,Походный лагерь Тенма
909,1,Жуулчны бааз,Tourist_Camp,Тэлмүүн тэрэлж кэмп,Telmuun Terelj Camp,Улаанбаатар,Ulaanbaatar,Налайх,Nalaikh,47.97271,107.48362,99081803,Tourism/Цагаан уул.jpg,텔무운 테렐지 캠프,テルムウン テレルジ キャンプ,特尔穆恩特勒吉营地,Лагерь Тельмуун Тэрэлж
910,1,Жуулчны бааз,Tourist_Camp,Бөртэ ресорт тэрэлж,Burte Resort Terelj,Улаанбаатар,Ulaanbaatar,Налайх,Nalaikh,47.97062,107.4661,88887337,Tourism/Цагаан чулуу.png,부르테 리조트 테렐지,ブルテ リゾート テレルジ,特勒吉布尔特度假村,Бурте Резорт Тэрэлж
911,1,Жуулчны бааз,Tourist_Camp,Сакура тэрэлж,Sakura Terelj,Улаанбаатар,Ulaanbaatar,Налайх,Nalaikh,47.98588,107.4608,99808046,Tourism/Цагаан шонхор.jpg,사쿠라 테렐지,サクラ・テレルジ,樱花特日勒吉,Сакура Тэрэлж
912,1,Жуулчны бааз,Tourist_Camp,Ивээл тур,Iveel Tour,Улаанбаатар,Ulaanbaatar,Налайх,Nalaikh,47.98771,107.45454,88116572,Tourism/Цагаан өргөө.jpg,아이빌 투어,イヴィールツアー,伊维尔之旅,Ивел Тур
913,1,Жуулчны бааз,Tourist_Camp,УБ2 зочид буудал,UB2 Hotel,Улаанбаатар,Ulaanbaatar,Налайх,Nalaikh,47.98748,107.46405,99082251,Tourism/Цагаан өргөө1.jpg,UB2 호텔,UB2 ホテル,UB2酒店,УБ2 Отель
914,1,Жуулчны бааз,Tourist_Camp,Вансэмбэрүү кэмп,Vansemberuu camp,Улаанбаатар,Ulaanbaatar,Налайх,Nalaikh,47.97872,107.46716,89119068,Tourism/Цагааннуур.jpg,반셈베루 캠프,ヴァンセンベルーキャンプ,范森贝鲁营地,Лагерь Вансемберуу
915,1,Жуулчны бааз,Tourist_Camp,Содон тэрэлж,Sodon Terelj,Улаанбаатар,Ulaanbaatar,Налайх,Nalaikh,47.97701,107.47088,95955187,Tourism/Цайдам жуулчны бааз.jpg,소돈 테렐지,ソドン・テレルジ,索顿·特勒吉,Содон Тэрэлж
916,2,Амралтын газар,Resort,Үнэг тэрэлж амралт,Uneg Terelj Resort,Улаанбаатар,Ulaanbaatar,Налайх,Nalaikh,47.98055,107.47418,95117215,Tourism/Цачиртын гүүр урд амралт.jpg,우네그 테렐지 리조트,ウネグ テレルジ リゾート,乌内格特日勒吉度假村,Унег Тэрэлж Резорт
917,1,Жуулчны бааз,Tourist_Camp,Говь тэрэлж,Govi Terelj ,Улаанбаатар,Ulaanbaatar,Налайх,Nalaikh,47.9785,107.47374,88308488,Tourism/Цирка.jpg,고비 테렐지 리조트,ゴビ テレルジ リゾート,戈维特勒吉度假村,Гови Тэрэлж Резорт
918,2,Амралтын газар,Resort,Саруул амралт,Saruul Resort,Улаанбаатар,Ulaanbaatar,Налайх,Nalaikh,47.97719,107.47569,88031364,Tourism/Цолмон зоог.jpeg,사루울 리조트,サルール リゾート,萨鲁尔度假村,Саруул Резорт
919,1,Жуулчны бааз,Tourist_Camp,Тэрэлж саран ресорт,Terelj Saran Resort,Улаанбаатар,Ulaanbaatar,Налайх,Nalaikh,47.97536,107.47243,86070953,Tourism/Цоохор нуга.jpg,테렐지 사란 리조트,テレルジ サラン リゾート,特日勒吉萨兰度假村,Терэлж Саран Резорт
920,2,Амралтын газар,Resort,Түмэн үндэс амралт,Tumen Undes Resort,Улаанбаатар,Ulaanbaatar,Налайх,Nalaikh,47.98022,107.43993,99997783,Tourism/Цэвэгмаа.jpg,투멘 운데스 리조트,トゥメン ウンデス リゾート,图们温德斯度假村,Курорт Тюмень Ундес
921,1,Жуулчны бааз,Tourist_Camp,Тэрэлж рок хавен,Terelj Rock Haven,Улаанбаатар,Ulaanbaatar,Налайх,Nalaikh,47.88734,107.41028,94231858,Tourism/Цэвэрхэн Ховд.jpg,테렐지 록 헤이븐,テレルジ ロック ヘブン,特日勒吉岩石避风港,Терэлж Рок-Хейвен
922,1,Жуулчны бааз,Tourist_Camp,Ко тэрэлж ресорт,Ko Terelj Resort,Улаанбаатар,Ulaanbaatar,Налайх,Nalaikh,47.88973,107.41056,89905555,Tourism/Цэлмэг тэрэлж.jpg,코 테렐지 리조트,テレルジ島 リゾート,特日勒吉岛度假村,Ко Тэрэлж Резорт
923,1,Жуулчны бааз,Tourist_Camp,Блү спот тэрэлж ресорт,Blue Spot Terelj Resort,Улаанбаатар,Ulaanbaatar,Налайх,Nalaikh,47.89101,107.41566,"99299581, 86754747",Tourism/Цэнгэг үүр.jpg,블루 스팟 테렐지 리조트,ブルースポットテレルジリゾート,蓝点特雷尔吉度假村,Блю Спот Тэрэлж Резорт
924,1,Жуулчны бааз,Tourist_Camp,Тэрэлж стар лож,Terelj Star Lodge,Улаанбаатар,Ulaanbaatar,Налайх,Nalaikh,47.89292,107.4248,95883334,Tourism/Цэнхэр рашаан.jpg,테렐지 스타 로지,テレルジ スター ロッジ,特日勒吉之星旅馆,Тэрэлж Стар Лодж
925,1,Жуулчны бааз,Tourist_Camp,Кэмпли Монгол,Camply Mongolia,Улаанбаатар,Ulaanbaatar,Налайх,Nalaikh,47.89209,107.43189,99045810,Tourism/Цэрэн гүүд.jpeg,캄플리 몽골리아,キャンプリー・モンゴル,坎普利蒙古,Кэмпли Монголия
926,1,Жуулчны бааз,Tourist_Camp,Хапинес лож,Happiness Lodge,Улаанбаатар,Ulaanbaatar,Налайх,Nalaikh,47.89004,107.43316,,Tourism/Цэцэ гүн.jpg,해피니스 로지,ハピネス ロッジ,幸福小屋,Счастье Лодж
927,1,Жуулчны бааз,Tourist_Camp,САЦ ресорт,SATS Resort,Улаанбаатар,Ulaanbaatar,Налайх,Nalaikh,47.90634,107.44785,86333939,Tourism/Цэцэгт нуга.jpg,새츠 리조트,SATS リゾート,SATS度假村,САТС Резорт
928,1,Жуулчны бааз,Tourist_Camp,Чингис хаан гольфын талбай,Chinggis Khaan Golf Country,Улаанбаатар,Ulaanbaatar,Налайх,Nalaikh,47.86887,107.4364,99097197,Tourism/Чамин тэрэлж.jpg,칭기즈칸 골프 컨트리,チンギスハーン ゴルフ カントリー,成吉思汗高尔夫乡村,Чингисхан Гольф-Кантри
929,1,Жуулчны бааз,Tourist_Camp,Чингис хаан гольфын клуб,Chinggis Khaan country club,Улаанбаатар,Ulaanbaatar,Налайх,Nalaikh,47.87361,107.44169,99097197,Tourism/Чандмань булаг.jpg,칭기즈칸 컨트리클럽,チンギスハーンカントリークラブ,成吉思汗乡村俱乐部,Загородный клуб Чингисхана
930,1,Жуулчны бааз,Tourist_Camp,Гурван сайхан ресорт,Gurvan Saikhan Resort,Улаанбаатар,Ulaanbaatar,Налайх,Nalaikh,47.86074,107.43248,86017728,Tourism/Чандмань люкс.jpg,구르반 사이칸 리조트,グルバン サイカン リゾート,古文赛坎度假村,Гурван Сайхан Резорт
931,1,Жуулчны бааз,Tourist_Camp,Премум болор ресорт тэрэлж,Premium Bolor Resort Terelj,Улаанбаатар,Ulaanbaatar,Налайх,Nalaikh,47.85691,107.43626,"70278888, 95008868",Tourism/Чандмань тур.jpg,프리미엄 볼로르 리조트 테렐지,プレミアム ボロル リゾート テレルジ,特雷尔吉高级博洛尔度假村,Премиум Болор Резорт Терельдж
932,1,Жуулчны бааз,Tourist_Camp,Сүлд ресорт,Suld Resort,Улаанбаатар,Ulaanbaatar,Налайх,Nalaikh,47.85435,107.43768,85750235,Tourism/Ченжийн тохой.jpg,술드 리조트,スルド リゾート,苏尔德度假村,Курорт Сульд
933,1,Жуулчны бааз,Tourist_Camp,Чин кэмп,Chin Camp,Улаанбаатар,Ulaanbaatar,Налайх,Nalaikh,47.85673,107.42307,99997547,Tourism/Чин чандмань.jpg,친캠프,チンキャンプ,钦营,Чин Кэмп
934,1,Жуулчны бааз,Tourist_Camp,Чин чандмань гэр кэмп,Chin Chandmani Ger Camp,Улаанбаатар,Ulaanbaatar,Налайх,Nalaikh,47.85574,107.42357,99997547,Tourism/Чин.jpg,친 찬드마니 게르 캠프,チン・チャンドマニ・ゲル・キャンプ,Chin Chandmani Ger 营,Лагерь Чин Чандмани Гер
935,1,Жуулчны бааз,Tourist_Camp,Жуулчны бааз,Tourist Camp,Улаанбаатар,Ulaanbaatar,Налайх,Nalaikh,47.85321,107.41966,,Tourism/Чингис 21 амралт.jpg,관광캠프,ツーリストキャンプ,旅游营地,Туристический лагерь
936,1,Жуулчны бааз,Tourist_Camp,Хаадын тамга ,Khaadyn Tamga,Улаанбаатар,Ulaanbaatar,Налайх,Nalaikh,47.84222,107.40937,80004006,Tourism/Чингис гольф.jpg,카딘 탐가,カーディン・タムガ,卡丁·塔姆加,Хаадын Тамга
937,1,Жуулчны бааз,Tourist_Camp,Тэрэлж бриж ресорт,Terelj Bridge Resort,Улаанбаатар,Ulaanbaatar,Налайх,Nalaikh,47.82637,107.33194,95957321,Tourism/Чингис ордон.jpg,테렐지 브리지 리조트,テレルジ ブリッジ リゾート,特日勒吉桥度假村,Терэлж Бридж Резорт
938,1,Жуулчны бааз,Tourist_Camp,Уулзвар тэрэлж,Uulzbar Terelj,Улаанбаатар,Ulaanbaatar,Налайх,Nalaikh,47.82568,107.33204,94047345,Tourism/Чингис тоонот.jpg,울즈바르 테렐지,ウルツバー・テレルジ,乌尔兹巴尔·特勒吉,Уулзбар Терель
939,2,Амралтын газар,Resort,Тэрэлж кэйр сувилал,Terelj Care,Улаанбаатар,Ulaanbaatar,Налайх,Nalaikh,47.82493,107.33438,72201304,Tourism/Чингис хаан нисэх буудал.jpg,테렐지 케어,テレルジ・ケア,特勒吉护理,Тэрэл Уэр
940,2,Амралтын газар,Resort, Хос хэрэм амралт,Khos Kherem Resort,Улаанбаатар,Ulaanbaatar,Налайх,Nalaikh,47.82555,107.33839,98112325,Tourism/Чингис хааны музей.jpg,코스 케렘 리조트,コス ケレム リゾート,科斯卡里姆度假村,Хос Херем Резорт
941,1,Жуулчны бааз,Tourist_Camp,Чингис хааны лааны тосон баримлын музей,Chinggis Khaan Wax Museum,Улаанбаатар,Ulaanbaatar,Налайх,Nalaikh,47.81655,107.33009,93455050,Tourism/Чингисиин хүрээ.jpg,칭기즈칸 밀랍인형 박물관,チンギスハーン蝋人形館,成吉思汗蜡像馆,Музей восковых фигур Чингисхана
942,2,Амралтын газар,Resort,Өнөр амралт,Unur Resort,Улаанбаатар,Ulaanbaatar,Налайх,Nalaikh,47.8206,107.36555,,Tourism/Чингисийн 3 нуур.jpg,우누르 리조트,ウヌール リゾート,乌努尔度假村,Унур Резорт
943,2,Амралтын газар,Resort,Биндэр амралт,Binder Amralt,Улаанбаатар,Ulaanbaatar,Налайх,Nalaikh,47.81193,107.37831,95356479,Tourism/Чингисийн отог.jpg,바인더 암랄트,バインダー・アムラルト,宾德·阿姆拉尔特,Биндер Амралт
944,1,Жуулчны бааз,Tourist_Camp,Мон тэнгэр лож,Mon Tenger Lodge,Улаанбаатар,Ulaanbaatar,Налайх,Nalaikh,47.81289,107.38686,95070399,Tourism/Чингисийн хүр.jpg,몬 텡게르 로지,モン テンゲル ロッジ,蒙腾格尔旅馆,Мон Тенгер Лодж
945,1,Жуулчны бааз,Tourist_Camp,Бунд хорол тур,Bundkhorol Tour,Улаанбаатар,Ulaanbaatar,Налайх,Nalaikh,47.814,107.38722,,Tourism/Чингисийн хүрээ.jpg,분드호롤 투어,バンドホロルツアー,邦克霍罗之旅,Бундхорол Тур
946,1,Жуулчны бааз,Tourist_Camp,Галуут кэмп,Galuut Camp,Улаанбаатар,Ulaanbaatar,Налайх,Nalaikh,47.812,107.39308,98336603,Tourism/Чингисийн өлгий.jpg,갈루트 캠프,ガルートキャンプ,加鲁特营地,Галуутский лагерь
947,1,Жуулчны бааз,Tourist_Camp,Байтаг богд,Baitag Bogd,Улаанбаатар,Ulaanbaatar,Налайх,Nalaikh,47.81336,107.39923,99057665,Tourism/Чингисийн өргөө.jpg,바이탁 보그드,バイタグ沼地,拜塔格·博格德,Байтаг Богд
948,1,Жуулчны бааз,Tourist_Camp,Интермед Эдэльвэйс,Intermed Edelweiss Resort,Улаанбаатар,Ulaanbaatar,Налайх,Nalaikh,47.81117,107.41382,77663311,Tourism/Чингисийн өртөө.jpg,인터메드 에델바이스 리조트,インターメッド エーデルワイス リゾート,中雪绒花度假村,Интермед Эдельвейс Резорт
949,1,Жуулчны бааз,Tourist_Camp,Чингисийн хүр,Chingisiin Khur,Улаанбаатар,Ulaanbaatar,Налайх,Nalaikh,47.8179,107.41902,96607966,Tourism/Чойбалсан нисэх буудал.jpg,징기신 쿠르,チンギシイン・クール,成吉思汗库尔,Чингисийн Хур
950,1,Жуулчны бааз,Tourist_Camp,Цэлмэг тэрэлж,Tselmeg Terelj,Улаанбаатар,Ulaanbaatar,Налайх,Nalaikh,47.82228,107.40118,99889544,Tourism/Чойр өртөө.jpg,첼메그 테렐지,ツェルメグ・テレルジ,采尔梅格·特日勒吉,Целмег Тэрэлж
951,1,Жуулчны бааз,Tourist_Camp,Тулгаагийн кэмп,Tulgaa’s Camp,Улаанбаатар,Ulaanbaatar,Налайх,Nalaikh,47.82261,107.39969,,Tourism/Чулуут ам лож.png,툴가 캠프,トゥルガーのキャンプ,图尔盖营地,Лагерь Тулгаа
952,1,Жуулчны бааз,Tourist_Camp,Сан жуулчин , San Juulchin,Улаанбаатар,Ulaanbaatar,Налайх,Nalaikh,47.93004,107.44431,86993021,Tourism/Чух нуур кэмп.jpg,산줄친,サン・ジュルチン,圣尤尔钦,Сан-Жульчин
953,2,Амралтын газар,Resort,Бухын хонхор амралт,Bukhyn Khonkhor Resort,Улаанбаатар,Ulaanbaatar,Налайх,Nalaikh,47.92586,107.44907,89128158,Tourism/Чух шувуу судлал.jpg,북힌 콘코르 리조트,ブキン コーンコール リゾート,布钦孔科尔度假村,Бухин Хонхор Санаторий
954,1,Жуулчны бааз,Tourist_Camp,Тэнгэрийн элч кэмп,Heaven Envoy Tourist Camp,Улаанбаатар,Ulaanbaatar,Налайх,Nalaikh,47.91329,107.44578,91027373,Tourism/Шадивлан амралт.jpg,천국사절 관광캠프,天使ツーリストキャンプ,天使旅游营,Туристический лагерь Небесного посланника
955,1,Жуулчны бааз,Tourist_Camp,Хаадын хаан морьт цэцэрлэгт хүрээлэн,King of kings The Horse Park,Улаанбаатар,Ulaanbaatar,Налайх,Nalaikh,47.81636,107.38472,76073809,Tourism/Шандын унага.jpg,킹 오브 킹스 더 호스 파크,キング・オブ・キングズ ザ・ホース・パーク,万王之王马匹公园,Король королей Конный парк
956,1,Жуулчны бааз,Tourist_Camp,Скай номад ресорт,Sky nomad resort,Улаанбаатар,Ulaanbaatar,Налайх,Nalaikh,47.79803,107.52009,99047499,Tourism/Шарга тур.jpg,스카이 노마드 리조트,スカイノマドリゾート,天空游牧度假村,Курорт Скай Номад
957,1,Жуулчны бааз,Tourist_Camp,Чамин тэрэлж ,Camin Terelj,Улаанбаатар,Ulaanbaatar,Налайх,Nalaikh,47.98149,107.46984,88204119,Tourism/Шаргалжуут.jpg,차민 테렐지,チャミン・テレルジ,查明·特雷尔吉,Чамин Терельдж
958,2,Амралтын газар,Resort,Гандан туул амралт,Gandan Tuul Resort,Улаанбаатар,|Ulaanbaatar,Налайх,Nalaikh,47.79832,107.41008,88114385,Tourism/Шарын гол.jpg,간다 툴 리조트,ガンダン トゥール リゾート,甘丹图尔度假村,Курорт Гандан Туул
959,1,Жуулчны бааз,Tourist_Camp,Чингис 21 уулын ресорт,Chinggis-21 Mountain resort,Улаанбаатар,|Ulaanbaatar,Налайх,Nalaikh,47.83618,107.43956,"95006114, 99037777",Tourism/Шивээт манхан.jpg,칭기스-21 산악 리조트,チンギス21山リゾート,成吉思汗21山度假村,Горный курорт Чингис-21
960,1,Жуулчны бааз,Tourist_Camp,Од ресорт,Od Resort,Улаанбаатар,Ulaanbaatar,Налайх,Nalaikh,47.81575,107.5013,99003695,Tourism/Шилийн богд.jpg,오드 리조트,オドリゾート,奥德度假村,Од Лагерь
961,9,Төмөр замын өртөө,Railway_Station,Амгалан төмөр замын өртөө,Amgalan Railway Station,Улаанбаатар,Ulaanbaatar,Баянзүрх,Bayanzukh,47.90197,107.01148,,Tourism/Шилийн булаг.jpg,암갈란 기차역,アムガラン駅,阿姆加兰火车站,Железнодорожная станция Амгалан
962,1,Жуулчны бааз,Tourist_Camp,Галактикийн хүүхдийн зуслан,Galaxy Children's Camp,Улаанбаатар,Ulaanbaatar,Баянзүрх,Bayanzurkh,47.9747,107.13552,99026644,Tourism/Шинэ Монгол.jpg,갤럭시 어린이 캠프,ギャラクシーこどもキャンプ,银河儿童营,Детский лагерь Галактика
963,2,Амралтын газар,Resort,Жойфул амралт,Joyful Resort,Улаанбаатар,Ulaanbaatar,Баянзүрх,Bayanzurkh,47.96901,107.13483,99191911,Tourism/Шинэ амуу.jpg,조이풀 리조트,ジョイフルリゾート,欢乐度假村,Радостный курорт
964,1,Жуулчны бааз,Tourist_Camp,Табимонгол морин аялалын төв,Tabimongolia Horse Riding Center,Улаанбаатар,Ulaanbaatar,Баянзүрх,Bayanzurkh,47.97007,107.14352,80079249,Tourism/Шинэ сөгнөгөр.jpg,타비몽골리아 승마센터,タビモンゴル乗馬センター,塔比蒙古利亚骑马中心,Центр верховой езды Табимонголия
965,1,Жуулчны бааз,Tourist_Camp,Аравт байшин түрээс,Aravt House Rent,Улаанбаатар,Ulaanbaatar,Баянзүрх,Bayanzurkh,47.93649,107.14291,77577077,Tourism/Шовгор кэмп.jpg,아라브트 하우스 렌트,アラヴトの家の家賃,阿拉维特房屋出租,Аравт Хаус Аренда
966,1,Жуулчны бааз,Tourist_Camp,Гачуурт грийн хаус,Gachuurt Green House,Улаанбаатар,Ulaanbaatar,Баянзүрх,Bayanzurkh,47.91676,107.13484,88186655,Tourism/Шонхор зуслан.jpg,가츄르트 그린 하우스,ガチュルト グリーン ハウス,加楚尔特温室,Гачуурт Грин Хаус
967,1,Жуулчны бааз,Tourist_Camp,Альфа Аврора Авиация ХХК Нисдэг тэрэгний буудал,Alpha Aurora Aviation LLC Heliport,Улаанбаатар,Ulaanbaatar,Баянзүрх,Bayanzurkh,47.91499,107.13111,94946820,Tourism/Шугуйт морь унах.jpg,알파 오로라 항공 LLC 헬기장,アルファ オーロラ アビエーション LLC ヘリポート,阿尔法极光航空有限责任公司直升机场,ООО «Альфа Аврора Авиэйшн» Вертодром
968,2,Амралтын газар,Resort,Шинэ Монгол амралт,New Mongolia Resort,Улаанбаатар,Ulaanbaatar,Баянзүрх,Bayanzurkh,47.91691,107.13931,98018822,Tourism/Шуихлай ШТС.jpg,뉴몽골 리조트,ニュー モンゴリア リゾート,新蒙古度假村,Курорт Новая Монголия
969,2,Амралтын газар,Resort,Далд Засал Сэргээн Засах Сувилал,Hidden Repair and Rehabilitation Sanatorium,Улаанбаатар,Ulaanbaatar,Баянзүрх,Bayanzurkh,47.94508,107.16576,99205600,Tourism/Шунхар ресорт.jpg,숨겨진 수리 및 재활 요양소,隠れた修理更生療養所,隐蔽修复康复疗养院,Скрытый ремонтно-реабилитационный санаторий
970,1,Жуулчны бааз,Tourist_Camp,Одой морь ба морь унуулах үйлчилгээ,Pony and horse riding services,Улаанбаатар,Ulaanbaatar,Баянзүрх,Bayanzurkh,47.95918,107.16518,99125003,Tourism/Шунхлай ШТС.jpg,조랑말 및 승마 서비스,ポニーと乗馬サービス,小马和骑马服务,Услуги катания на пони и лошадях
971,1,Жуулчны бааз,Tourist_Camp,Хөх тайж,Khukh Taij,Улаанбаатар,Ulaanbaatar,Баянзүрх,Bayanzurkh,47.97826,107.17534,99999250,Tourism/Шүтээн амралт.jpg,쿠크 타이즈,クク・タイジ,库克泰吉,Хух Тайдж
972,2,Амралтын газар,Resort,Гачуурт амралт,Gachuurt Resort,Улаанбаатар,Ulaanbaatar,Баянзүрх,Bayanzurkh,47.98552,107.18434,,Tourism/Шүтээн ресорт.jpg,가츄르트 리조트,ガチュルト リゾート,加楚尔特度假村,Курорт Гачуурт
973,1,Жуулчны бааз,Tourist_Camp,Гачуурт зочид буудал,Gachuurt Guest House,Улаанбаатар,Ulaanbaatar,Баянзүрх,Bayanzurkh,47.9882,107.18862,88280810,Tourism/ЭМЖЖ.jpg,가츄르트 게스트하우스,ガチュルト ゲスト ハウス,加楚尔特旅馆,Гостевой дом Гачуурт
974,2,Амралтын газар,Resort,Амралт Ээжүүд,Mother Resort,Улаанбаатар,Ulaanbaatar,Батсүмбэр,Batsumber,48.35168,106.84102,,Tourism/Эг тур.jpg,마더 리조트,マザーリゾート,母亲度假村,Мать-курорт
975,1,Жуулчны бааз,Tourist_Camp,Будда ресорт,Budda Resort,Улаанбаатар,Ulaanbaatar,Батсүмбэр,Batsumber,48.33378,106.892,97110318,Tourism/Эгэл Монгол.jpg,부다 리조트,ブッダ リゾート,布达度假村,Будда Резорт
976,1,Жуулчны бааз,Tourist_Camp,Туулын байшин түрээс,Tuul’s rent home,Улаанбаатар,Ulaanbaatar,Сонгинохайрхан,Songinokhairkhan,48.09161,106.81243,80554530,Tourism/Эден тур.jpg,투울의 임대 주택,トゥールの賃貸住宅,图尔租住的房子,"Дом, который снимает Туул"
977,1,Жуулчны бааз,Tourist_Camp,Хусан төгөл байшин түрээс,Birch Grove Rental House ,Улаанбаатар,Ulaanbaatar,Сонгинохайрхан,Songinokhairkhan,48.08408,106.79754,99054564,Tourism/Эдэл вэйс.jpg,버치 그로브 임대 주택,バーチグローブレンタルハウス,桦树林出租房,Березовая роща Дом сдается в аренду
978,2,Амралтын газар,Resort,Жаргалтай гэр бүл амралт сувилал,"""Happy Family"" Resort",Улаанбаатар,Ulaanbaatar,Сонгинохайрхан,Songinokhairkhan,48.08577,106.76642,99100024,Tourism/Эко амралт.jpg,해피 패밀리 리조트,「ハッピーファミリー」リゾート,“幸福家庭”度假村,"Курорт ""Счастливая семья"""
979,1,Жуулчны бааз,Tourist_Camp,Хаппи зон байшин түрээс,Happy Zone House Rent,Улаанбаатар,Ulaanbaatar,Сонгинохайрхан,Songinokhairkhan,48.0864,106.75636,99926301,Tourism/Эко ахмад.jpg,해피존 하우스 임대,ハッピーゾーンハウス賃貸,快乐区房屋出租,"Аренда дома в ""Зоне счастья"""
980,1,Жуулчны бааз,Tourist_Camp,Монки хөдөлгөөнт отог,Monkey mobile camp,Улаанбаатар,Ulaanbaatar,Сонгинохайрхан,Songinokhairkhan,48.08391,106.74025,88899037,Tourism/Эко байгаль.jpg,몽키 모바일 캠프,モンキーモバイルキャンプ,猴子移动营地,Мобильный лагерь обезьян
981,1,Жуулчны бааз,Tourist_Camp,Ар гүнт,Ar gunt,Улаанбаатар,Ulaanbaatar,Сонгинохайрхан,Songinokhairkhan,48.09223,106.74622,78185242,Tourism/Эко гэр амралт.jpg,아르 군트,アル・ガント,枪,Ар Гунт
982,1,Жуулчны бааз,Tourist_Camp,SHD ресорт,SHD Resort,Улаанбаатар,Ulaanbaatar,Сонгинохайрхан,Songinokhairkhan,48.09557,106.70172,9907 0601,Tourism/Эко гэр буудал.jpg,SHD 리조트,SHDリゾート,SHD度假村,SHD Резорт
983,1,Жуулчны бааз,Tourist_Camp,Хоёр хүний ​​зуслангийн байшин,Twin Entrance Cottage,Улаанбаатар,Ulaanbaatar,Сонгинохайрхан,Songinokhairkhan,48.09033,106.70742,90077793,Tourism/Эко монгол.jpg,트윈 엔트런스 코티지,ツインエントランスコテージ,双入口小屋,Коттедж с двумя входами
984,1,Жуулчны бааз,Tourist_Camp,Булгаагийн байшин түрээс,Bulgaa’s House Rent,Улаанбаатар,Ulaanbaatar,Сонгинохайрхан,Songinokhairkhan,48.09555,106.73655,99242058,Tourism/Эко паувэр.jpg,불가의 집 임대료,ブルガアの家賃,布尔加的房子租金,Аренда дома Булгаа
985,2,Амралтын газар,Resort,Сүүн амралт,Suun Resort,Улаанбаатар,Ulaanbaatar,Сонгинохайрхан,Songinokhairkhan,48.19604,106.52579,"98997697, 94947697",Tourism/Эко тур гэр кэмп.jpg,순 리조트,スーンリゾート,苏恩度假村,Суун Резорт
986,2,Амралтын газар,Resort,Гацуурхан амралт,Gatsuurkhan Resort,Улаанбаатар,Ulaanbaatar,Сонгинохайрхан,Songinokhairkhan,47.99729,106.86359,90902323,Tourism/Эко тэрэлж.jpg,가추르칸 리조트,ガトゥールハン リゾート,加特苏尔汗度假村,Курорт Гацуурхан
987,2,Амралтын газар,Resort,Цагаан өргөө амралт,Tsagaan Urguu Amralt,Улаанбаатар,Ulaanbaatar,Сонгинохайрхан,Songinokhairkhan,48.09261,106.79378,99112171,Tourism/Элдэнэ кэмп.jpg,차강 우르구 리조트,ツァガーン ウルグー リゾート,察干乌尔古度假村,Цагаан Ургуу Резорт
988,1,Жуулчны бааз,Tourist_Camp,Саран Өргөө,Saran Urguu Resort,Улаанбаатар,Ulaanbaatar,Сонгинохайрхан,Songinokhairkhan,48.09031,106.78428,99865985,Tourism/Элит Эко1.jpeg,사란 우르구 리조트,サランウルグウリゾート,萨兰乌尔古度假村,Саран Ургуу Резорт
989,1,Жуулчны бааз,Tourist_Camp,Бэби скай ресорт,Baby Sky Resort,Улаанбаатар,Ulaanbaatar,Сонгинохайрхан,Songinokhairkhan,48.13509,106.41818,80405252,Tourism/Элс ус эко.jpg,베이비 스카이 리조트,ベイビー スカイ リゾート,宝贝天空度假村,Бэби Скай Резорт
990,1,Жуулчны бааз,Tourist_Camp,Бодонч ресорт,Bodonch Resort,Улаанбаатар,Ulaanbaatar,Сонгинохайрхан,Songinokhairkhan,48.10196,106.45856,99087823,Tourism/Элст булаг.jpg,보돈치 리조트,ボドンチ リゾート,博东奇度假村,Бодонч Резорт
991,1,Жуулчны бааз,Tourist_Camp,Шовгор кэмп,Shovgor Camp,Улаанбаатар,Ulaanbaatar,Баянзүрх,Bayanzurkh,47.8968,107.21074,,Tourism/Элстэй гэр.jpg,쇼브고르 캠프,ショブゴールキャンプ,绍夫戈尔营地,Лагерь Шовгор
992,1,Жуулчны бааз,Tourist_Camp,Арт Манд Тэрэлж лож,Art Mand Terelj Lodge,Улаанбаатар,Ulaanbaatar,Налайх,Nalaikh,47.83701,107.3217,80115866,Tourism/Эмээгийн гэр.jpg,아트 맨드 테렐지 로지,アート マンド テレルジ ロッジ,艺术曼德特勒吉旅馆,Арт Манд Тэрэлж Лодж
993,1,Жуулчны бааз,Tourist_Camp,Амантай ба Мира байшин,Amantay&Mira house,Улаанбаатар,Ulaanbaatar,Налайх,Nalaikh,47.83581,107.32417,,Tourism/Энержи гэст хаус.jpg,아만타이&미라 하우스,アマンテイ&ミラハウス,阿缦岱&米拉之家,Дом Амантай и Мира
994,1,Жуулчны бааз,Tourist_Camp,Блү вивид ресорт,The Blue Vivid Resort,Улаанбаатар,Ulaanbaatar,Налайх,Nalaikh,47.83442,107.33084,,Tourism/Энержи хилс.jpg,더 블루 비비드 리조트,ザ ブルー ビビッド リゾート,蓝色生动度假村,Блю Вивид Резорт
995,2,Амралтын газар,Resort,Тод Тэрэлж амралт,Tod Terelj Resort,Улаанбаатар,Ulaanbaatar,Налайх,Nalaikh,47.83128,107.33575,88943907,Tourism/Энержи-галтай саам.jpg,토드 테렐지 리조트,トッド テレルジ リゾート,托德特勒吉度假村,Тод Терель Резорт
996,1,Жуулчны бааз,Tourist_Camp,Тоонот отог Yurt Homes,Тоонот отог Yurt Homes,Улаанбаатар,Ulaanbaatar,Налайх,Nalaikh,47.88444,107.4405,99178497,Tourism/Энхтуяа бөө.jpg,토노트 오톡 유르트 홈즈,ユルト ホームズ,蒙古包之家,Тоонот отог Дома-юрты
997,2,Амралтын газар,Resort,Найрамдал гэр амралт,Friendship Ger Camp,Улаанбаатар,Ulaanbaatar,Налайх,Nalaikh,47.88648,107.45564,,Tourism/Энэко.jpg,우정 게르 캠프,フレンドシップゲルキャンプ,友谊蒙古包营,Лагерь Дружбы Гер
998,2,Амралтын газар,Resort,Горхи тэрэлж амралт,Gorkhi Terelj Resort,Улаанбаатар,Ulaanbaatar,Налайх,Nalaikh,47.88772,107.45562,,Tourism/Эрдэнэс 2.jpg,고르키 테렐지 리조트,ゴルヒ テレルジ リゾート,高尔基特勒吉度假村,Курорт Горхи Тэрэлж
999,1,Жуулчны бааз,Tourist_Camp,Эмээгийн гэр,Grandma's Ger,Улаанбаатар,Ulaanbaatar,Налайх,Nalaikh,47.88632,107.45494,80584567,Tourism/Эрдэнэс2 зочид буудал.jpg,할머니의 게르,おばあちゃんのゲル,奶奶的蒙古包,Бабушкин Гер
1000,2,Амралтын газар,Resort,Өгөөмөр гэр амралт,Uguumur Ger Resort,Улаанбаатар,Ulaanbaatar,Налайх,Nalaikh,47.88647,107.45564,95352307,Tourism/Эрдэнэсант замын гуанз.jpg,우구무르 게르 리조트,ウグムル ゲル リゾート,乌古穆尔格尔度假村,Угуумур Гер Резорт
1001,1,Жуулчны бааз,Tourist_Camp,Эрхэс ресорт,Erkhes Resort,Улаанбаатар,Ulaanbaatar,Налайх,Nalaikh,47.8376,107.40046,88078570,Tourism/Эрдэнэт.jpg,에르케스 리조트,エルケス リゾート,埃尔克什度假村,Эрхес Резорт
1002,1,Жуулчны бааз,Tourist_Camp,Тэрэлж ирээдүй,Terelj Ireedui,Улаанбаатар,Ulaanbaatar,Налайх,Nalaikh,47.91003,107.41344,,Tourism/Эртний далай.jpg,테렐지 이리두이,テレルジ・イレドゥイ,特勒吉·伊瑞杜伊,Терэлж Иридуи
1003,7,Нисэх буудал,Airport,Скай Фрэндс нисэх буудал,Sky Friends aerodrome,Улаанбаатар,Ulaanbaatar,Налайх,Nalaikh,47.77477,107.43788,89005373,Tourism/Эрхэс.jpg,스카이프렌즈 비행장,スカイフレンズ飛行場,天空之友机场,Аэродром Скай Френдс
1004,1,Жуулчны бааз,Tourist_Camp,Элстэй гэр лож,Elstei Ger Lodge,Улаанбаатар,Ulaanbaatar,Налайх,Nalaikh,47.76101,107.49715,,Tourism/Эрээн нуур амралт.jpg,엘스테이 게르 로지,エルスタイ ゲル ロッジ,艾尔施泰格旅馆,Элстей Гер Лодж
1005,1,Жуулчны бааз,Tourist_Camp,Акок,Акок,Улаанбаатар,Ulaanbaatar,Налайх,Nalaikh,47.77071,107.51172,,Tourism/Эх жанхай.jpg,아콕,Акок,阿科克,Акок
1006,1,Жуулчны бааз,Tourist_Camp,Морь трек Монгол,HorseTrekMongolia,Улаанбаатар,Ulaanbaatar,Налайх,Nalaikh,47.97293,107.54607,80993436,Tourism/Эх тэрэлж.jpg,말여행몽골,ホーストレックモンゴル,骑马跋涉蒙古,ЛошадьТрек Монголия
1007,1,Жуулчны бааз,Tourist_Camp,Гачуурт амралт булагтай,Gachuurt Resort Bulagtai,Улаанбаатар,Ulaanbaatar,Баянзүрх,Bayanzurkh,47.99205,107.16166,86921029,Tourism/Эх үрсийн.jpg,가츄르트 리조트 불라그타이,ガチュルト リゾート ブラグタイ,布拉格泰加楚尔特度假村,Гачуурт Резорт Булагтай
1008,1,Жуулчны бааз,Tourist_Camp,Хадат фамили хаус,Khadat Family House,Улаанбаатар,Ulaanbaatar,Сүхбаатар,Sukhbaatar,48.02435,107.00829,89011515,Tourism/Ээж гэр буудал.jpg,카닷 가족 주택,カダット家の家,卡达特家族宅邸,Дом семьи Хадат
1009,9,Төмөр замын өртөө,Railway_Station,Улаанбаатар төмөр замын өртөө,Ulaanbaatar Railway Station,Улаанбаатар,Ulaanbaatar,Баянгол,Bayangol,47.90857,106.88391,,Tourism/Ээж хайрхан амралт.jpg,울란바토르 기차역,ウランバートル駅,乌兰巴托火车站,Железнодорожный вокзал Улан-Батора
1010,1,Жуулчны бааз,Tourist_Camp,Гурван Сэнхэр кэмп,Gurvan Senkher Camp Khovd,Ховд,Khovd,Манхан,Mankhan,47.35912,91.96226,88479377,Tourism/Юми хоолны газар.jpeg,구르반 센케르 캠프 호브드,グルヴァン・センケル・キャンプ・ホブド,科布德古尔万森赫尔营地,Лагерь Гурван Сенхер Ховд
1011,2,Амралтын газар,Resort,Ченжийн тохой амралт,Chenjiin Tokhoi Resort,Ховд,Khovd,Жаргалант,Jargalant,48.05093,91.66736,99438280,Tourism/Юмт бааз.jpg,첸지인 토호이 리조트,チェンジン トコイ リゾート,辰吉因东海度假村,Курорт Ченжин Тохой
1012,1,Жуулчны бааз,Tourist_Camp,Эко амралт,Eco Resort,Ховд,Khovd,Жаргалант,Jargalant,48.03664,91.63236,,Tourism/Юртопиа Тэрэлж.jpg,에코리조트,エコリゾート,生态度假村,Эко-курорт
1013,1,Жуулчны бааз,Tourist_Camp,Мөнгөн уул жуулчны бааз,Mungun Uul Tourist Camp,Ховд,Khovd,Жаргалант,Jargalant,47.94078,91.58018,99432120,Tourism/Ямаха кэмп.jpg,문군울 관광캠프,ムングン ウル ツーリスト キャンプ,蒙贡乌尔旅游营地,Туристическая база Мунгун Уул
1014,2,Амралтын газар,Resort,Булган хишиг амралт,Bulgan Khishig Resort,Ховд,Khovd,Булган,Bulgan,46.08814,91.53379,,Tourism/Янгир рашаан сувилал.jpg,불간 키시그 리조트,ボルガン キシグ リゾート,布尔干希希格度假村,Курорт Булган Хишиг
1015,7,Нисэх буудал,Airport,Булган сум нисэх буудал,Bulgan Sum Airport,Ховд,Khovd,Булган,Bulgan,46.10227,91.58128,,Tourism/Янгирт амралт.jpg,불간숨 공항,ボルガン スム空港,布尔干苏姆机场,Аэропорт Булган Сум
1016,7,Нисэх буудал,Airport,Ховд нисэх буудал,Khovd Airport,Ховд,Khovd,Жаргалант,Jargalant,47.96385,91.62527,70432414,Tourism/Янгирт хайрхан.jpg,호브드 공항,ホブド空港,科布多机场,Аэропорт Ховд
1017,2,Амралтын газар,Resort,Цэвэрхэн Ховд амралт,Tseverkhen Khovd resort,Ховд,Khovd,Жаргалант,Jargalant,47.97908,91.60178,,Tourism/Янжка.jpg,체베르켄 코브드 리조트,ツェヴェルケン ホブド リゾート,策维尔肯科布多度假村,Цеверхен Ховд курорт
1018,1,Жуулчны бааз,Tourist_Camp,Ховд буянт гарден,Khovd Buyant Garden,Ховд,Khovd,Жаргалант,Jargalant,47.97437,91.59734,99433345,Tourism/Янзтай зоогийн газар.jpg,호브드 보얀트 가든,ホブド ブヤント ガーデン,科布多布扬特花园,Ховд Буянт Гарден
1019,8,Хилийн боомт,Border_Crossing,Ярант хилийн боомт,Yarant Border Station,Ховд,Khovd,Булган,Bulgan,46.14185,90.99575,,Tourism/Янзтай шовгор.jpg,야란트 국경 검문소,ヤラント国境駅,亚兰特边境站,Пограничный пункт Ярант
1020,6,Замын гуанз,Roadside_Diner,Төгрөг гол замын гуанз,Tugrug Gol Road Canteen,Ховд,Khovd,Манхан,Mankhan,47.48692,92.19323,,Tourism/Яргайт отог.jpg,투그루그 골 로드 구내식당,トゥグルグ・ゴル・ロード・キャンティーン,图格鲁格戈尔路食堂,Столовая на дороге Тугрик Гол
1021,10,Шатахуун түгээх станц,Gas_Station,Тэс петролеум ШТС,Tes Petroleum Cas Station,Ховд,Khovd,Булган,Bulgan,46.09755,91.55514,,Tourism/дуут нар.jpg,테스 석유 주유소,テス石油ガソリンスタンド,Tes石油加油站,Автозаправочная станция Тэс  Петролеум
1022,10,Шатахуун түгээх станц,Gas_Station,Хөрс ШТС,Khurs Gas Station,Ховд,Khovd,Булган,Bulgan,46.09688,91.5534,,Tourism/инглиш сторм.jpg,쿠르스 주유소,クールス・ガソリンスタンド,库尔斯加油站,Автозаправочная станция Кхурс
1023,1,Жуулчны бааз,Tourist_Camp,Эх жанхай жуулчны бааз,Ekh Jankhai Tourist Camp,Хөвсгал,Khuvsgul,Алаг-Эрдэнэ,Alag-Erdene,50.587683,100.170302,99671892,Tourism/нарлаг Түнхэл.jpg,에크 잔카이,エク・ジャンカイ,埃克·詹凯,Эх Джанхай
1024,1,Жуулчны бааз,Tourist_Camp,Энержи гэст хаус,Energy Guest House & Restaurant,Хөвсгал,Khuvsgul,Алаг-Эрдэнэ,Alag-Erdene,50.442159,100.163818,80148870,Tourism/сөгнөгөр амралт.jpg,에너지 게스트하우스 & 레스토랑,エナジー ゲスト ハウス & レストラン,能源旅馆及餐厅,Гостевой дом и ресторан Energy
1025,1,Жуулчны бааз,Tourist_Camp,Цагаан овгор жуулчны бааз,Tsagaan Ovgor Tourist Camp,Хөвсгөл,Khuvsgul,Баянзүрх,Bayanzurkh,50.12483,98.87629,99001322,Tourism/сөгнөгөр байшин түрээс.jpg,차강 오브고르 투어리스트 캠프,ツァガーン オヴゴール ツーリスト キャンプ,查干奥夫戈尔旅游营地,Туристическая база Цагаан Овгор
1026,1,Жуулчны бааз,Tourist_Camp,Баян сант хайрхан жуулчны бааз,Bayan Sant Khairkhan Tourist Camp,Хөвсгөл,Khuvsgul,Баянзүрх,Bayanzurkh,50.12458,98.87836,89674088,Tourism/сөгнөгөр тоонот.jpg,바얀 산트 카이르칸 투어리스트 캠프,バヤン サン カリカン ツーリスト キャンプ,巴彦圣凯尔汗旅游营地,Туристический лагерь Баян Сант Хайрхан
1027,1,Жуулчны бааз,Tourist_Camp,Бл гэст хаус,Bl Guesthouse,Хөвсгөл,Khuvsgul,Алаг-Эрдэнэ,Alag-Erdene,50.456442,100.161512,99963994,Tourism/сөгнөгөр элбэг гэр.jpg,Bl 게스트하우스,BL ゲストハウス,BL宾馆,Гостевой дом Бл
1028,1,Жуулчны бааз,Tourist_Camp,Хатгал кэмп,Khatgal Camp,Хөвсгөл,Khuvsgul,Алаг-Эрдэнэ,Alag-Erdene,50.46472,100.17324,98110130,Tourism/тэрэлж бриж.jpg,카트갈 캠프,カトガルキャンプ,卡塔加尔营地,Хатгал Лагерь
1029,1,Жуулчны бааз,Tourist_Camp,Леона ресорт,Leona Resort,Хөвсгөл,Khuvsgul,Алаг-Эрдэнэ,Alag-Erdene,50.47901,100.16529,80708799,Tourism/хадаг тур.jpg,레오나 리조트,レオナ リゾート,利昂娜度假村,Леона Резорт
1030,1,Жуулчны бааз,Tourist_Camp,Хөвсгөл далай жуулчны бааз,Khubsugul Dalai Tourist Camp,Хөвсгөл,Khuvsgul,Алаг-Эрдэнэ,Alag-Erdene,50.48931,100.16062,98114408,Tourism/Үзэсгэлэнт горхи тэрэлж гэгээ.jpg,쿳수굴 달라이 투어리스트 캠프,フブスグル ダ​​ライ ツーリスト キャンプ,库苏古尔达赖旅游营地,Туристический лагерь Хубсугул Далай
1031,1,Жуулчны бааз,Tourist_Camp,Дөл жуулчны бааз,Dul Tourist Camp,Хөвсгөл,Khuvsgul,Алаг-Эрдэнэ,Alag-Erdene,50.492755,100.160327,94460990,Tourism/Үзэсгэлэнт горхи тэрэлж.jpg,둘 관광캠프,ダル ツーリスト キャンプ,杜尔旅游营地,Туристический лагерь Дул
1032,1,Жуулчны бааз,Tourist_Camp,Хөвсгөл далай ресорт,Khubsugul Dalai Resort,Хөвсгөл,Khuvsgul,Алаг-Эрдэнэ,Alag-Erdene,50.493878,100.160749,,Tourism/Үндэсний морин.jpg,쿠브수굴 달라이 리조트,フブスグル ダ​​ライ リゾート,库苏古达赖度假村,Хубсугул Далай Резорт
1033,1,Жуулчны бааз,Tourist_Camp,Хөвсгөл эко  тур жуулчны бааз,Khubsugul Eco Tour Tourist Camp,Хөвсгөл,Khuvsgul,Алаг-Эрдэнэ,Alag-Erdene,50.495886,100.160838,99082552,Tourism/үнэг тэрэлж.jpg,쿳수굴 에코투어 관광캠프,クブスグル エコ ツアー ツーリスト キャンプ,库苏古尔生态旅游营地,Туристическая база Хубсугул Эко Тур
1034,1,Жуулчны бааз,Tourist_Camp,Ашихай ресорт,Ashihai Resort,Хөвсгөл,Khuvsgul,Алаг-Эрдэнэ,Alag-Erdene,50.498336,100.164531,70005459,Tourism/үүрэг ресорт.jpg,아시하이 리조트,芦海リゾート,阿什海度假村,Ашихай Резорт
1035,1,Жуулчны бааз,Tourist_Camp,Нуурын эргийн явган аялалын бүс,Lake Shore Trail Hiking Area,Хөвсгөл,Khuvsgul,Алаг-Эрдэнэ,Alag-Erdene,50.512161,100.149621,,Tourism/ӨЭЖҮН.jpg,레이크 쇼어 트레일 하이킹 지역,レイク ショア トレイル ハイキング エリア,湖岸步道远足区,Пешеходная зона по береговой тропе у озера
1036,1,Жуулчны бааз,Tourist_Camp,Хөвсгөл сор ресорт,Khubsugul Sor Resort,Хөвсгөл,Khuvsgul,Алаг-Эрдэнэ,Alag-Erdene,50.572185,100.158079,97000050,Tourism/Өвөр Жанчивлан.jpg,쿠브수굴 소르 리조트,クブスグル ソル リゾート,库苏古索尔度假村,Хубсугул Сор Резорт
1037,1,Жуулчны бааз,Tourist_Camp,Эг тур жуулчны бааз,Egtour Camp,Хөвсгөл,Khuvsgul,Алаг-Эрдэнэ,Alag-Erdene,50.573729,100.159828,99816669,Tourism/Өгий далай.jpg,엑투어 캠프,エグツアーキャンプ,埃格图营地,Лагерь Эгтур
1038,1,Жуулчны бааз,Tourist_Camp,Хүн одод жуулчны бааз,Khun Odod Tourist Camp,Хөвсгөл,Khuvsgul,Алаг-Эрдэнэ,Alag-Erdene,50.578995,100.15875,88114321,Tourism/Өгий кэмп.jpg,쿤 오도 투어리스트 캠프,クン オドッド ツーリスト キャンプ,坤奥多旅游营地,Туристический лагерь Кхун Одод
1039,1,Жуулчны бааз,Tourist_Camp,Грэйт си ресорт,Great Sea Resort,Хөвсгөл,Khuvsgul,Алаг-Эрдэнэ,Alag-Erdene,50.579716,100.164696,99108268,Tourism/Өгий нуур усан парк.jpg,그레이트 씨 리조트,グレート シー リゾート,大海度假村,Большой морской курорт
1040,1,Жуулчны бааз,Tourist_Camp,Байгалийн хаалга ресорт,Nature Door Resort,Хөвсгөл,Khuvsgul,Алаг-Эрдэнэ,Alag-Erdene,50.582658,100.166292,88678953,Tourism/Өгий хишиг.jpg,네이처 도어 리조트,ネイチャー ドア リゾート,自然之门度假村,Курорт Природа Дор
1041,1,Жуулчны бааз,Tourist_Camp,Далай ээж ресорт,Dalai Eej Resort,Хөвсгөл,Khuvsgul,Алаг-Эрдэнэ,Alag-Erdene,50.583782,100.16529,98613850,Tourism/Өглөгчийн хэрэм эко.jpg,달라이 에이즈 리조트,ダライ イージ リゾート,达赖伊吉度假村,Далай Идж Резорт
1042,1,Жуулчны бааз,Tourist_Camp,Гэрэлт жанхай жуулчны бааз,Gerelt Jankhai Tourist Camp,Хөвсгөл,Khuvsgul,Алаг-Эрдэнэ,Alag-Erdene,50.58509,100.16833,88434428,Tourism/Өгөөмөр гэр.jpg,게렐트 잔카이 투어리스트 캠프,ゲレルト ジャンカイ ツーリスト キャンプ,盖勒尔特扬凯旅游营地,Туристический лагерь Герелт Джанхай
1043,1,Жуулчны бааз,Tourist_Camp,Ахмад жуулчны бааз,Captain Tourist Camp,Хөвсгөл,Khuvsgul,Алаг-Эрдэнэ,Alag-Erdene,50.58916,100.17098,90003030,Tourism/Өгөөмөр заан хүүхдийн.jpg,캡틴 투어리스트 캠프,キャプテン ツーリスト キャンプ,船长旅游营,Капитан Туристический Лагерь
1044,1,Жуулчны бааз,Tourist_Camp,Тайга жуулчны бааз,Taiga Tourist Camp,Хөвсгөл,Khuvsgul,Алаг-Эрдэнэ,Alag-Erdene,50.589627,100.169459,,Tourism/Өлгий нисэх буудал.jpg,타이가 관광 캠프,タイガツーリストキャンプ,针叶林旅游营地,Туристическая база «Тайга»
1045,1,Жуулчны бааз,Tourist_Camp,Далай тур жуулчны бааз,Dalai Tour Tourist Camp,Хөвсгөл,Khuvsgul,Алаг-Эрдэнэ,Alag-Erdene,50.591703,100.17839,88118548,Tourism/Өлзийт мөрөн кэмп.jpg,달라이 투어 관광캠프,ダライ ツアー ツーリスト キャンプ,达赖之旅旅游营,Туристический лагерь Далай-Тур
1046,1,Жуулчны бааз,Tourist_Camp,Олимп жуулчны бааз,Olymp Camp,Хөвсгөл,Khuvsgul,Алаг-Эрдэнэ,Alag-Erdene,50.593665,100.185003,99909429,Tourism/Өмнөговь нисэх.jpg,올림픽 캠프,オリンプキャンプ,奥林匹克营,Олимпийский лагерь
1047,1,Жуулчны бааз,Tourist_Camp,Баян далай жуулчны бааз,Bayan Dalai Camp,Хөвсгөл,Khuvsgul,Алаг-Эрдэнэ,Alag-Erdene,50.59659,100.19081,99036059,Tourism/Өндрийн ар.jpg,바얀 달라이 캠프,バヤン ダライ キャンプ,巴彦达赖营地,Лагерь Баян Далай
1048,6,Замын гуанз,Roadside_Diner,Хунгийн эрэг кофе шоп,Swan Beach Cofee Shop,Хөвсгөл,Khuvsgul,Алаг-Эрдэнэ,Alag-Erdene,50.59829,100.19489,99092434,Tourism/Өндөрхаан нисэх буудал.jpg,스완비치 커피숍,スワン ビーチ コーヒー ショップ,天鹅海滩咖啡厅,Кафе «Лебединый пляж»
1049,1,Жуулчны бааз,Tourist_Camp,Эко хүч жуулчны бааз,Eco Power Guesthouse,Хөвсгөл,Khuvsgul,Алаг-Эрдэнэ,Alag-Erdene,50.6022,100.19628,,Tourism/Өндөрхаан.jpg,에코 파워 게스트하우스,エコ パワー ゲストハウス,生态电力旅馆,Эко Пауэр Гостевой Дом
1050,1,Жуулчны бааз,Tourist_Camp,Мишээл жуулчны бааз,Misheel Camp,Хөвсгөл,Khuvsgul,Алаг-Эрдэнэ,Alag-Erdene,50.60403,100.1966,99981422,Tourism/Өндөрширээт голын эрэг.jpg,미실 캠프,ミシェルキャンプ,米希尔·坎普,Мишил Кэмп
1051,1,Жуулчны бааз,Tourist_Camp,Бишрэлт жуулчны бааз,Bishrelt Toirist Camp,Хөвсгөл,Khuvsgul,Алаг-Эрдэнэ,Alag-Erdene,50.61092,100.20013,99084069,Tourism/Өнөр амралт.jpg,비슈렐트 토이리스트 캠프,ビシュレルト・トワリスト・キャンプ,比什雷尔特游客营地,Бишрелтский туристический лагерь
1052,1,Жуулчны бааз,Tourist_Camp,Баян буурал жуулчны бааз,Bayan Buural Camp,Хөвсгөл,Khuvsgul,Алаг-Эрдэнэ,Alag-Erdene,50.61716,100.20061,99386999,Tourism/Өргөө жуулчин.png,바얀 부랄 캠프,バヤン ブーラル キャンプ,巴彦布拉尔营,Баян Буурал Лагерь
1053,1,Жуулчны бааз,Tourist_Camp,Хөвсгөл хийморь жуулчны бааз,Khubsugul Khiimori Camp,Хөвсгөл,Khuvsgul,Алаг-Эрдэнэ,Alag-Erdene,50.61839,100.19748,88887744,Tourism/Өргөө лож.jpg,쿠브수굴 키이모리 캠프,フブスグル ヒイモリ キャンプ,库苏古尔基莫里营地,Лагерь Хубсугул Хиимори
1054,1,Жуулчны бааз,Tourist_Camp,Цагаан шонхор ресорт,Tsagaan Shonkhor Resort,Хөвсгөл,Khuvsgul,Алаг-Эрдэнэ,Alag-Erdene,50.620131,100.198432,99222014,Tourism/Өргөө.jpg,차가안 숀코르 리조트,ツァガーン ションコール リゾート,查干松克度假村,Цагаан Шонхор Резорт
1055,1,Жуулчны бааз,Tourist_Camp,2к ресорт - хөвсгөл,2K Resort- Khuvsugul,Хөвсгөл,Khuvsgul,Алаг-Эрдэнэ,Alag-Erdene,50.624752,100.197825,89038499,Tourism/Өртөө 240.1.jpg,2K 리조트- 쿠브수굴,2K リゾート - フブスグル,2K 度假村 - 库苏古尔,2K Resort- Хувсугул
1056,1,Жуулчны бааз,Tourist_Camp,Маргад ресорт,Margad Resort,Хөвсгөл,Khuvsgul,Алаг-Эрдэнэ,Alag-Erdene,50.628244,100.196483,88013740,Tourism/Өртөө 240.jpg,마가드 리조트,マルガド リゾート,玛加德度假村,Маргад Резорт
1057,1,Жуулчны бааз,Tourist_Camp,Лэйк форест лож,Lake Forest Lodge,Хөвсгөл,Khuvsgul,Алаг-Эрдэнэ,Alag-Erdene,50.48402,100.16012,95011166,Tourism/Өртөө ноёны өргөө.jpg,레이크 포레스트 로지,レイク フォレスト ロッジ,森林湖旅馆,Лейк Форест Лодж
1058,1,Жуулчны бааз,Tourist_Camp,Ар царам жуулчны бааз,Ar Tsaram Tour Camp,Хөвсгөл,Khuvsgul,Алаг-Эрдэнэ,Alag-Erdene,50.583348,100.164791,88025745,Tourism/Өртөө толгой.jpg,아르 차람 투어 캠프,アル ツァラム ツアー キャンプ,Ar Tsaram 旅游营地,Туристический лагерь Ар Царам
1059,1,Жуулчны бааз,Tourist_Camp,Вүүдланд ресорт,Woodland Resort,Хөвсгөл,Khuvsgul,Алаг-Эрдэнэ,Alag-Erdene,50.584768,100.168247,,Tourism/Өсөх өгий.jpg,우드랜드 리조트,ウッドランド リゾート,林地度假村,Вудленд Резорт
1060,1,Жуулчны бааз,Tourist_Camp,Эх гэгээн ундарга,Ekh Gegeen Undarga,Хөвсгөл,Khuvsgul,Алаг-Эрдэнэ,Alag-Erdene,50.5899,100.17277,,Tourism/өөш манхан сувилал.jpg,에크 게긴 운다르가,エク・ゲジーン・ウンダルガ,埃赫·格根·温达加,Эх Гегеен Ундарга
1061,1,Жуулчны бааз,Tourist_Camp,Натурес доор - Монгол тур,Nature's Door - Mongolia Tours,Хөвсгөл,Khuvsgul,Алаг-Эрдэнэ,Alag-Erdene,50.592431,100.181864,99080416,,자연의 문 - 몽골 투어,ネイチャーズ ドア - モンゴルツアー,自然之门 - 蒙古旅游,Дверь природы - Туры в Монголию
1062,2,Амралтын газар,Resort,Дэлгэр амралтын газар,Delger Gest House,Хөвсгөл,Khuvsgul,Алаг-Эрдэнэ,Alag-Erdene,50.596159,100.190166,80196898,,델거 게스트 하우스,デルガー ゲスト ハウス,德尔格招待所,Гест Хаус Делгер
1063,1,Жуулчны бааз,Tourist_Camp,Грийн ворлд кэмп,Green World Camp,Хөвсгөл,Khuvsgul,Алаг-Эрдэнэ,Alag-Erdene,50.59825,100.19331,96964296,,그린월드캠프,グリーンワールドキャンプ,绿世界营,Лагерь Зеленый Мир
1064,1,Жуулчны бааз,Tourist_Camp,Багт бошт кэмп,Bagt Bosht Camp,Хөвсгөл,Khuvsgul,Алаг-Эрдэнэ,Alag-Erdene,50.6179,100.19976,98382022,,바그트 보쉬 캠프,バグト・ボシュト・キャンプ,巴格特博什特营地,Лагерь Багт Бошт
1065,1,Жуулчны бааз,Tourist_Camp,Хөх сувд,Blue Pearl,Хөвсгөл,Khuvsgul,Алаг-Эрдэнэ,Alag-Erdene,50.630078,100.193797,99188223,,블루 펄,ブルーパール,蓝珍珠,Голубая жемчужина
1066,1,Жуулчны бааз,Tourist_Camp,Отоглох цэг,Camping Spot,Хөвсгөл,Khuvsgul,Алаг-Эрдэнэ,Alag-Erdene,50.637952,100.195937,,,캠핑장,キャンプスポット,露营地,Место для кемпинга
1067,1,Жуулчны бааз,Tourist_Camp,Наран зангилаа лож,The Sun Knot Lodge,Хөвсгөл,Khuvsgul,Алаг-Эрдэнэ,Alag-Erdene,50.64069,100.196125,99995371,,더 썬 노트 로지,ザ サン ノット ロッジ,太阳结旅馆,Сан Узел Лодж
1068,1,Жуулчны бааз,Tourist_Camp,Баян-улаан жуулчны бааз,Bayan-Ulaan Tourist Camp,Хөвсгөл,Khuvsgul,Алаг-Эрдэнэ,Alag-Erdene,50.64224,100.197997,88113283,,바얀-울란 관광캠프,バヤン ウラン ツーリスト キャンプ,巴彦乌兰旅游营,Туристический лагерь Баян-Улан
1069,1,Жуулчны бааз,Tourist_Camp,Хөвсгөл баян-улаан,Khubsugul Bayan-Ulaan,Хөвсгөл,Khuvsgul,Алаг-Эрдэнэ,Alag-Erdene,50.642693,100.200418,88113283,,쿠브수굴 바얀-울란,フブスグル・バヤン・ウラン,库苏古尔·巴彦乌兰,Хубсугул Баян-Улан
1070,1,Жуулчны бааз,Tourist_Camp,Эрдэнэс-2,Erdenes-2,Хөвсгөл,Khuvsgul,Алаг-Эрдэнэ,Alag-Erdene,50.646015,100.205045,88375008,,에르데네스-2,エルデネス-2,额尔德内斯-2,Эрдэнес-2
1071,1,Жуулчны бааз,Tourist_Camp,"Эрдэнэс-2 зочид буудал, дэлгүүр",Erdenes-2 Hotel And Shop,Хөвсгөл,Khuvsgul,Алаг-Эрдэнэ,Alag-Erdene,50.646827,100.204935,99960979,,에르데네스-2 호텔 앤 샵,エルデネス-2 ホテル アンド ショップ,额尔德内斯 2 号酒店及商店,Отель и магазин Эрдэнес-2
1072,1,Жуулчны бааз,Tourist_Camp,Хордил ээж,Khordil Eej,Хөвсгөл,Khuvsgul,Алаг-Эрдэнэ,Alag-Erdene,50.647307,100.204186,88942081,,코르딜 에이지,コーディル・イージ,科迪尔·埃吉,Хордил Идж
1073,1,Жуулчны бааз,Tourist_Camp,Хоймор эко тур,Khoimor Eco Tour,Хөвсгөл,Khuvsgul,Алаг-Эрдэнэ,Alag-Erdene,50.649585,100.206745,99383080,,코이모르 에코 투어,コイモール エコ ツアー,科伊莫尔生态之旅,Хоймор Эко Тур
1074,1,Жуулчны бааз,Tourist_Camp,Гранд тур хөвсгөл,Grand Tour Khubsugul,Хөвсгөл,Khuvsgul,Алаг-Эрдэнэ,Alag-Erdene,50.651117,100.208381,99734300,,그랜드 투어 쿳수굴,グランド ツアー クブスグル,库苏古尔大游,Гранд Тур Хубсугул
1075,1,Жуулчны бааз,Tourist_Camp,Азуре жуулчны бааз,Azure Tourist Camp,Хөвсгөл,Khuvsgul,Алаг-Эрдэнэ,Alag-Erdene,50.650743,100.210592,99384455,,아주르 투어리스트 캠프,アズールツーリストキャンプ,蔚蓝旅游营地,Лазурный туристический лагерь
1076,1,Жуулчны бааз,Tourist_Camp,Далайн чимэг жуулчны бааз,Dalain Chimeg Tourist Camp,Хөвсгөл,Khuvsgul,Алаг-Эрдэнэ,Alag-Erdene,50.651556,100.218673,94232620,,달라인 치메그 투어리스트 캠프,ダレイン チメグ ツーリスト キャンプ,达兰奇梅格旅游营地,Туристический лагерь Далайн Чимег
1077,1,Жуулчны бааз,Tourist_Camp,Энхтуяа бөөгийн отог,Enkhtuya Shaman Camp,Хөвсгөл,Khuvsgul,Алаг-Эрдэнэ,Alag-Erdene,50.65066,100.22424,98388784,,엔크투야 샤먼 캠프,エンクトゥヤ シャーマン キャンプ,恩赫图亚萨满营地,Лагерь шаманов Энхтуя
1078,1,Жуулчны бааз,Tourist_Camp,Мишээл 55 ресорт,Misheel 55 Resort,Хөвсгөл,Khuvsgul,Алаг-Эрдэнэ,Alag-Erdene,50.65094,100.229948,96691399,,미쉴 55 리조트,ミシェル 55 リゾート,米希尔 55 号度假村,Мишель 55 Резорт
1079,1,Жуулчны бааз,Tourist_Camp,Далайн гялбаа,Ocean Sparkle,Хөвсгөл,Khuvsgul,Алаг-Эрдэнэ,Alag-Erdene,50.650735,100.238314,99991439,,오션 스파클,オーシャンスパークル,海洋闪耀,Океанская Искорка
1080,1,Жуулчны бааз,Tourist_Camp,Дабл  лэйк,Double Lake,Хөвсгөл,Khuvsgul,Алаг-Эрдэнэ,Alag-Erdene,50.650227,100.245894,88011152,,더블 레이크,ダブルレイク,双湖,Двойное озеро
1081,1,Жуулчны бааз,Tourist_Camp,Тойлогт жуулчны бааз,Toilogt Tourist Camp,Хөвсгөл,Khuvsgul,Алаг-Эрдэнэ,Alag-Erdene,50.655048,100.253464,99058406,,토일로그 투어리스트 캠프,トイログト ツーリスト キャンプ,图伊洛特旅游营地,Туристический лагерь Тойлогт
1082,1,Жуулчны бааз,Tourist_Camp,Арт 88 ресорт,Art 88 Resort,Хөвсгөл,Khuvsgul,Алаг-Эрдэнэ,Alag-Erdene,50.67832,100.23906,88598888,,아트 88 리조트,アート 88 リゾート,艺术 88 度假村,Арт 88 Резорт
1083,1,Жуулчны бааз,Tourist_Camp,Сакура ресорт,Sakura Resort,Хөвсгөл,Khuvsgul,Алаг-Эрдэнэ,Alag-Erdene,50.68048,100.24238,,,사쿠라 리조트,サクラリゾート,樱花度假村,Сакура Резорт
1084,1,Жуулчны бааз,Tourist_Camp,Хөх хандгай ресорт,Blue Moose Resort,Хөвсгөл,Khuvsgul,Алаг-Эрдэнэ,Alag-Erdene,50.68004,100.24116,88106747,,블루 무스 리조트,ブルー ムース リゾート,蓝驼鹿度假村,Блю Муз Резорт
1085,1,Жуулчны бааз,Tourist_Camp,Хирвэстэг жуулчны бааз,Camp Hirvesteg,Хөвсгөл,Khuvsgul,Алаг-Эрдэнэ,Alag-Erdene,50.68204,100.2426,99127820,,캠프 히르베스테그,キャンプ・ヒルヴェステグ,希尔维斯特格营地,Лагерь Хирвестег
1086,1,Жуулчны бааз,Tourist_Camp,Хөвсгөл эрдэнэ ресорт,Khubsugul Erdene Resort,Хөвсгөл,Khuvsgul,Алаг-Эрдэнэ,Alag-Erdene,50.6855,100.24291,88462002,,쿠브수굴 에르데네 리조트,フブスグル エルデネ リゾート,库苏古额尔德尼度假村,Курорт Хубсугул Эрдэнэ
1087,2,Амралтын газар,Resort,Онцгой амаралт,Ontsgoi Amralt,Хөвсгөл,Khuvsgul,Алаг-Эрдэнэ,Alag-Erdene,50.68925,100.24016,,,온츠고이 암랄트,オンツゴイ・アムラルト,翁茨戈伊·阿姆拉尔特,Онцгой Амралт
1088,2,Амралтын газар,Resort,Холбоо нуур амралт,Kholboo Nuur,Хөвсгөл,Khuvsgul,Алаг-Эрдэнэ,Alag-Erdene,50.71147,100.24791,98287906,,콜부 누르,コルブー・ヌール,科尔布努尔,Холбу Нуур
1089,1,Жуулчны бааз,Tourist_Camp,Хөвсгөл онголог тур,Khubsugul Ongolog Tour,Хөвсгөл,Khuvsgul,Алаг-Эрдэнэ,Alag-Erdene,50.72297,100.24736,99858212,,Khubsugul Ongolog 투어,クブスグル オンゴログ ツアー,库布苏古尔翁戈洛之旅,Хубсугул Онголог Тур
1090,1,Жуулчны бааз,Tourist_Camp,Гурван-эрдэнэ жуулчны бааз,Gurvan-Erdene Tourist Camp,Хөвсгөл,Khuvsgul,Алаг-Эрдэнэ,Alag-Erdene,50.7268,100.24512,98111312,,구르반-에르덴 투어리스트 캠프,グルバン エルデネ ツーリスト キャンプ,古尔万埃尔登旅游营地,Туристический лагерь Гурван-Эрдэне
1091,1,Жуулчны бааз,Tourist_Camp,Тайга лож хөвсгөл,Taiga Lodge Khubsugul,Хөвсгөл,Khuvsgul,Алаг-Эрдэнэ,Alag-Erdene,50.74336,100.2432,80027218,,타이가 로지 쿠브수굴,タイガ ロッジ クブスグル,库苏古尔泰加小屋,Тайга Лодж Хубсугул
1092,1,Жуулчны бааз,Tourist_Camp,Их тайга,Ikh Taiga Camp,Хөвсгөл,Khuvsgul,Алаг-Эрдэнэ,Alag-Erdene,50.48028,100.16182,86020957,,익 타이가 캠프,イク タイガ キャンプ,Ikh 针叶林营地,Лагерь Их Тайга
1093,3,Рашаан сувилал,Spa_Resort,Хар усны рашаан,Khar Usny Rashaan,Хөвсгөл,Khuvsgul,Ренчинлхүмбэ,Renchinlhumbe,50.93518,100.24701,,,카르 우스니 라샨,カール・ウスニー・ラシャーン,哈尔·乌斯尼·拉沙安,Хар Усны Рашаан
1094,1,Жуулчны бааз,Tourist_Camp,Жуулчны бааз,Resort,Хөвсгөл,Khuvsgul,Ренчинлхүмбэ,Renchinlhumbe,50.987512,100.279534,,,의지,リゾート,采取,Прибегнуть
1095,1,Жуулчны бааз,Tourist_Camp,Долоон уул жуулчны бааз,Doloon-Uul Tourist Camp,Хөвсгөл,Khuvsgul,Ханх,Khankh,51.62133,100.53131,88539618,,돌룬울 관광캠프,ドルーン オール ツーリスト キャンプ,多隆乌尔旅游营地,Туристическая база Долон-Уул
1096,1,Жуулчны бааз,Tourist_Camp,Оргил 3491 кэмп,Orgil 3491 Camp,Хөвсгөл,Khuvsgul,Ханх,Khankh,51.52272,100.63163,99947731,,오르길 3491 캠프,オルギル 3491 キャンプ,奥吉尔 3491 营地,Лагерь Оргил 3491
1097,1,Жуулчны бааз,Tourist_Camp,Гэстхауз у баярхүү,Gesthouse U Bayarkhuu,Хөвсгөл,Khuvsgul,Ханх,Khankh,51.51555,100.64886,88380069,,게스트하우스 U 바야르후,ゲストハウス ウ バヤルクー,U巴亚克胡旅馆,Гестхаус У Баярхуу
1098,1,Жуулчны бааз,Tourist_Camp,Турбаза край земли кэмп,Turbaza Kray Zemli,Хөвсгөл,Khuvsgul,Ханх,Khankh,51.51232,100.64928,79025601025,,투르바자 크레이 젬리,トゥルバザ・クレイ・ゼムリ,图尔巴扎·克雷·泽姆利,Турбаза Край Земли
1099,1,Жуулчны бааз,Tourist_Camp,Барбарис жуулчны бааз,Barbaris Tourist Camp,Хөвсгөл,Khuvsgul,Ханх,Khankh,51.50455,100.65919,88504004,,바르바리스 투어리스트 캠프,バルバリス ツーリスト キャンプ,巴巴里斯旅游营地,Туристический лагерь Барбарис
1100,1,Жуулчны бааз,Tourist_Camp,Турбаза легенда хубсугула,Turbaza Legenda Khubsugula,Хөвсгөл,Khuvsgul,Ханх,Khankh,51.50209,100.66103,99369358,,투르바자 레전다 쿠브수굴라,トゥルバザ レジェンダ クブスグラ,图尔巴扎传奇库布苏古拉,Турбаза Легенда Хубсугула
1101,1,Жуулчны бааз,Tourist_Camp,Мишээл гостевой дом,Misheel Gostevoi Dom,Хөвсгөл,Khuvsgul,Ханх,Khankh,51.50111,100.66428,99378539,,미실 고스테보이 돔,ミシェル・ゴステヴォイ・ドム,米歇尔·戈斯特沃伊·多姆,Мишель Гостевой Дом
1102,1,Жуулчны бааз,Tourist_Camp,Есөн булаг жуулчны бааз,Esen Bulag Tourist Camp,Хөвсгөл,Khuvsgul,Ханх,Khankh,51.49983,100.6697,88389900,,에센 불라그 투어리스트 캠프,エセン ブラグ ツーリスト キャンプ,也先布拉格旅游营地,Туристический лагерь Эсен Булаг
1103,1,Жуулчны бааз,Tourist_Camp,Жемчуг тур база,Jemchug Tur Baza,Хөвсгөл,Khuvsgul,Ханх,Khankh,51.4983,100.67117,,,젬추그 투르 바자,ジェムチュグ・トゥル・バザ,杰姆楚格·图尔·巴扎,Жемчуг Тур База
1104,1,Жуулчны бааз,Tourist_Camp,Долоон уул гэр буудал,Doloon Uul Ger Camp,Хөвсгөл,Khuvsgul,Ханх,Khankh,51.49947,100.67582,88539618,,돌룬 울 게르 캠프,ドルーン ウル ゲル キャンプ,多隆乌尔格尔营地,Лагерь Долун Уул Гер
1105,1,Жуулчны бааз,Tourist_Camp,Союз тур кэмп,Soyuz Tur,Хөвсгөл,Khuvsgul,Ханх,Khankh,51.49431,100.67106,89292616,,소유즈 투르,ソユーズ・トゥール,联盟图,Союз Тур
1106,1,Жуулчны бааз,Tourist_Camp,Богатое озера тур базаа,Bogatoe Ozera Tur Baza,Хөвсгөл,Khuvsgul,Ханх,Khankh,51.49512,100.671,88386841,,보가토에 오제라 투르 바자,ボガトー オゼラ トゥル バザ,博加托·奥泽拉·图尔巴扎,Богатое Озера Тур База
1107,1,Жуулчны бааз,Tourist_Camp,Радость монголия кэмп,Radost Mongolia,Хөвсгөл,Khuvsgul,Ханх,Khankh,51.49246,100.67086,95558499,,라도스트 몽골리아,ラドストモンゴル,拉多斯特蒙古,Радост Монголия
1108,1,Жуулчны бааз,Tourist_Camp,Долоон уул кэмп,Doloon Uul Camp,Хөвсгөл,Khuvsgul,Ханх,Khankh,51.4907,100.67122,88386633,,돌룬 울 캠프,ドルーン ウル キャンプ,多隆乌尔营地,Лагерь Долун Уул
1109,2,Амралтын газар,Resort,Байгаль амралт,Baigali Resort,Хөвсгөл,Khuvsgul,Ханх,Khankh,51.48682,100.6732,,,바이갈리 리조트,バイガリ リゾート,白加利度假村,Курорт Байгали
1110,1,Жуулчны бааз,Tourist_Camp,Хадан хошуу кэмп,Khadan Khoshuu Camp,Хөвсгөл,Khuvsgul,Ханх,Khankh,51.48656,100.681403,99881551,,카단 코슈 캠프,カダン・ホシュウ・キャンプ,卡丹科舒营地,Лагерь Хадан Хошуу
1111,1,Жуулчны бааз,Tourist_Camp,СССР наша тур база,Sssr Nasha Turbaza,Хөвсгөл,Khuvsgul,Ханх,Khankh,51.48495,100.67558,88707915,,Sssr 나샤 투르바자,Ssr ナーシャ・トゥルバザ,苏维埃社会主义共和国联盟纳沙·图尔巴扎,Ссср Наша Турбаза
1112,1,Жуулчны бааз,Tourist_Camp,СССС тур база,Sssr Tur Baza,Хөвсгөл,Khuvsgul,Ханх,Khankh,51.48551,100.67502,80079056,,Sssr 투르 바자,Ssrトゥール・バザ,苏维埃社会主义共和国图尔巴扎,Ссср Тур База
1113,1,Жуулчны бааз,Tourist_Camp,Охота тур,Ohota Tur,Хөвсгөл,Khuvsgul,Ханх,Khankh,51.48384,100.67778,88382721,,오호타 투르,オホタトゥール,奥塔图尔,Охота Тур
1114,1,Жуулчны бааз,Tourist_Camp,Мөнгөн эрэг тур,Mungun Ereg Tur,Хөвсгөл,Khuvsgul,Ханх,Khankh,51.48317,100.68164,,,문군 에렉 투르,ムングン・エレグ・トゥール,蒙贡·埃雷格·图尔,Мунгун Эрег Тур
1115,1,Жуулчны бааз,Tourist_Camp,Баян турт жуулчны бааз,Bayan Turt Tourist Camp,Хөвсгөл,Khuvsgul,Ханх,Khankh,51.47431,100.69591,,,바얀 투르트 투어리스트 캠프,バヤン トゥルト ツーリスト キャンプ,巴彦图尔特旅游营地,Туристическая база Баян Турт
1116,1,Жуулчны бааз,Tourist_Camp,Хойд хөвсгөл жуулчны бааз,North Khubsugul Tourist Camp,Хөвсгөл,Khuvsgul,Ханх,Khankh,51.45901,100.69996,99102828,,노스 쿳수굴 투어리스트 캠프,北フブスグル ツーリスト キャンプ,北库苏古尔旅游营地,Туристическая база Северный Хубсугул
1117,1,Жуулчны бааз,Tourist_Camp,Агата ресорт вилла,Agartha Resort Villa,Хөвсгөл,Khuvsgul,Ханх,Khankh,51.092452,100.717365,99112087,,아가르타 리조트 빌라,アガルタ リゾート ヴィラ,阿加莎度假村别墅,Агарта Резорт Вилла
1118,1,Жуулчны бааз,Tourist_Camp,Солонго турбаза,Solongo Tur Baza,Хөвсгөл,Khuvsgul,Ханх,Khankh,51.47069,100.69432,,,솔롱고 투르 바자,ソロンゴ トゥル バザ,索隆戈图尔巴扎,Солонго Тур База
1119,1,Жуулчны бааз,Tourist_Camp,Лэйк вию,Lake View,Хөвсгөл,Khuvsgul,Ханх,Khankh,51.47975,100.68321,,,레이크뷰,レイクビュー,湖景,вид на озеро
1120,1,Жуулчны бааз,Tourist_Camp,Тур база,Tur Baza,Хөвсгөл,Khuvsgul,Ханх,Khankh,51.48811,100.6718,,,투르 바자,トゥル・バザ,图尔巴扎,Тур База
1121,1,Жуулчны бааз,Tourist_Camp,Блэк рок ресорт,Black Rock Resort,Хөвсгөл,Khuvsgul,Чандмань-Өндөр,Chandmani-Undur,50.55338,100.429,77109191,,블랙 록 리조트,ブラックロックリゾート,黑岩度假村,Курорт Блэк Рок
1122,1,Жуулчны бааз,Tourist_Camp,Алагцар кэмп,Alagtsar Tourist Camp,Хөвсгөл,Khuvsgul,Чандмань-Өндөр,Chandmani-Undur,50.536137,100.39529,80904895,,알라그차르 관광 캠프,アラグツァル ツーリスト キャンプ,阿拉格萨尔旅游营地,"Лагерь Алагцар, ООО «Номиинский»"
1123,1,Жуулчны бааз,Tourist_Camp,Эдэлвэйс жуулчны бааз,Edel Wiess Tourist Camp,Хөвсгөл,Khuvsgul,Чандмань-Өндөр,Chandmani-Undur,50.52549,100.40215,88016444,,에델비스 투어리스트 캠프,エーデル ヴィース ツーリスト キャンプ,埃德尔威斯旅游营地,Туристический лагерь Эдель Висс
1124,1,Жуулчны бааз,Tourist_Camp,Эртний далай ресорт,Ancient Ocean Resort,Хөвсгөл,Khuvsgul,Чандмань-Өндөр,Chandmani-Undur,50.521995,100.397646,70120202,,에인션트 오션 리조트,エンシェント オーシャン リゾート,古老海洋度假村,Древний океанский курорт
1125,1,Жуулчны бааз,Tourist_Camp,Хөвсгөл ар давхар пэнинсула эко камп,Khuvsugul Ar Davhar Peninsula Eco Camp,Хөвсгөл,Khuvsgul,Алаг-Эрдэнэ,Alag-Erdene,50.535143,100.201911,95864008,,후브스굴 아르 다브하르 반도 에코 캠프,フブスグル・アル・ダヴハル半島エコキャンプ,库苏古尔阿尔达瓦尔半岛生态营地,Эко-лагерь на полуострове Хувсугул Ар Давхар
1126,1,Жуулчны бааз,Tourist_Camp,Дэлтэй цэнхэр кэмп,Deltei Tsenkher Camping,Хөвсгөл,Khuvsgul,Алаг-Эрдэнэ,Alag-Erdene,50.469721,100.204195,99628200,,델테이 첸케르 캠핑,デルテイ ツェンケル キャンプ,德尔泰岑克露营地,Кемпинг Делтей Ценхер
1127,1,Жуулчны бааз,Tourist_Camp,Роки шүрэн арал,Rocky Coral Island,Хөвсгөл,Khuvsgul,Алаг-Эрдэнэ,Alag-Erdene,50.46818,100.18773,,,록키 산호섬,ロッキーコーラル島,洛基珊瑚岛,Скалистый Коралловый остров
1128,1,Жуулчны бааз,Tourist_Camp,Алунгоо жуулчны бааз,Alungoo Tourist Camp,Хөвсгөл,Khuvsgul,Алаг-Эрдэнэ,Alag-Erdene,50.463099,100.198912,99031981,,알룽구 투어리스트 캠프,アルングー ツーリスト キャンプ,阿伦古旅游营地,Туристический лагерь Алунгу
1129,1,Жуулчны бааз,Tourist_Camp,Далай ээж ресорт,Dalai Eej Resort,Хөвсгөл,Khuvsgul,Алаг-Эрдэнэ,Alag-Erdene,50.48474,100.18932,95005595,,달라이 에이즈 리조트,ダライ イージ リゾート,达赖伊吉度假村,Далай Идж Резорт
1130,7,Нисэх буудал,Airport,Мөрөн нисэх буудал,Murun Airport,Хөвсгөл,Khuvsgul,Мөрөн,Murun,49.66445,100.09597,,,무룬 공항,ムルン空港,木润机场,Мурун аэропорт
1131,1,Жуулчны бааз,Tourist_Camp,“Жемчуг” тур база,Jemchug Tur Baza,Хөвсгөл,Khuvsgul,Мөрөн,Murun,49.66204,100.10018,,,젬추그 투르 바자,ジェムチュグ・トゥル・バザ,杰姆楚格·图尔·巴扎,Жемчуг Тур База
1132,7,Нисэх буудал,Airport,Хатгал нисэх буудал,Khatgal Airport,Хөвсгөл,Khuvsgul,Хатгал,Khatgal,50.44431,100.13637,,,카트갈 공항,カトガル空港,卡特加尔机场,Хатгал аэропорт
1133,1,Жуулчны бааз,Tourist_Camp,Ханх Хөвсгөл,Khankh Khubsugul,Хөвсгөл,Khuvsgul,Ханх,Khankh,51.51557,100.64739,,,칸크 쿠브수굴,ハンク・フブスグル,坎赫·库苏古尔,Ханх Хубсугул
1134,1,Жуулчны бааз,Tourist_Camp,Сүүлчийн хил хязгаарын буудал,The Last Frontier Lodge,Хөвсгөл,Khuvsgul,Ханх,Khankh,51.513,100.64899,,,더 라스트 프론티어 로지,ザ ラスト フロンティア ロッジ,最后的边疆旅馆,Лодж «Последний рубеж»
1135,1,Жуулчны бааз,Tourist_Camp,Зеркало гор,Zerkalo Gor,Хөвсгөл,Khuvsgul,Ханх,Khankh,51.51181,100.65118,88389749,,제르칼로 고르,ゼルカロ・ゴル,泽卡洛·戈尔,Зеркало Гор
1136,1,Жуулчны бааз,Tourist_Camp,Номина тур,Nomina Tour,Хөвсгөл,Khuvsgul,Ханх,Khankh,51.51345,100.65314,88507080,,노미나 투어,ノミナツアー,诺米娜巡演,Номина Тур
1137,1,Жуулчны бааз,Tourist_Camp,Надежда тур,Nadejda Tour,Хөвсгөл,Khuvsgul,Ханх,Khankh,51.51166,100.65356,88970354,,나데이다 투어,ナデイダツアー,纳德伊达之旅,Надежда Тур
1138,1,Жуулчны бааз,Tourist_Camp,Гостевой дом Синий медведь,Gostevoy Dom Siniy Medved,Хөвсгөл,Khuvsgul,Ханх,Khankh,51.51207,100.65512,88507822,,고스테보이 돔 시니 메드베드,ゴステヴォイ ドム シニー メドベド,戈斯特沃·多姆·西尼·梅德韦德,Гостевой Дом Синий Медведь
1139,1,Жуулчны бааз,Tourist_Camp,Гурван-од тур,Three Star Tour,Хөвсгөл,Khuvsgul,Ханх,Khankh,51.51106,100.65495,,,3성 투어,スリースターツアー,三星级之旅,Трехзвездочный тур
1140,1,Жуулчны бааз,Tourist_Camp,Три Звезда,Three Star ,Хөвсгөл,Khuvsgul,Ханх,Khankh,51.51099,100.65519,88309421,,3성,スリースター,三星级,Три звезды
1141,1,Жуулчны бааз,Tourist_Camp,Мон-сиб аян,Mon Sib Ayan,Хөвсгөл,Khuvsgul,Ханх,Khankh,51.51018,100.65613,,,몬 십 아얀,モン・シブ・アヤン,蒙·西布·阿延,Мон Сиб Аян
1142,1,Жуулчны бааз,Tourist_Camp,Хөх тэнгэр тур ,Blue Sky Tour,Хөвсгөл,Khuvsgul,Ханх,Khankh,51.5036,100.65929,,,블루 스카이 투어,ブルースカイツアー,蓝天之旅,Голубое небо тур
1143,1,Жуулчны бааз,Tourist_Camp,Скай ресорт,Sky Resort,Хөвсгөл,Khuvsgul,Ханх,Khankh,51.49222,100.6709,,,스카이 리조트,スカイリゾート,天空度假村,Скай Резорт
1144,1,Жуулчны бааз,Tourist_Camp,Цагаан гэр тур,Belyi Dom tour ,Хөвсгөл,Khuvsgul,Ханх,Khankh,51.48471,100.67654,,,벨리돔 투어,ベルイ大聖堂ツアー,别雷大教堂之旅,Экскурсия по Белому Дому
1145,1,Жуулчны бааз,Tourist_Camp,Неллигийн зочны байшин ба аялал,Nelly's Guest House and Tours,Хөвсгөл,Khuvsgul,Ханх,Khankh,50.45944,100.15532,99979831,,넬리스 게스트 하우스 앤 투어,ネリーズ ゲスト ハウス アンド ツアーズ,耐莉旅馆和旅游,Гостевой дом Нелли и туры
1146,2,Амралтын газар,Resort,Murun лож  амралт,Murun lodge resort,Хөвсгөл,Khuvsgul,Ханх,Khankh,50.46614,100.15246,96323355,,무룬 롯지 리조트,ムルン ロッジ リゾート,穆伦小屋度假村,Курорт Мурун Лодж
1147,1,Жуулчны бааз,Tourist_Camp,Хатгал цаа буга,Khatgal Deer ,Хөвсгөл,Khuvsgul,Ханх,Khankh,50.46551,100.15411,98137171,,카트갈 사슴,カトガルの鹿,哈特加尔鹿,Хатгальский олень
1148,1,Жуулчны бааз,Tourist_Camp,Тамир гэр буулал,Tamir Ger Camp,Хөвсгөл,Khuvsgul,Ханх,Khankh,50.47667,100.15724,,,타미르 게르 캠프,タミールゲルキャンプ,塔米尔·格尔营,Лагерь Тамир Гер
1149,1,Жуулчны бааз,Tourist_Camp,Хөх далай кэмп,Blue Sea Camp,Хөвсгөл,Khuvsgul,Ханх,Khankh,50.4792,100.15968,98087777,,푸른바다캠프,ブルー シー キャンプ,蓝海营地,Лагерь Голубого Моря
1150,1,Жуулчны бааз,Tourist_Camp,Хөвсгөл сант ресорт,Khuvsgul Sant Resort,Хөвсгөл,Khuvsgul,Хатгал,Khatgal,50.47914,100.16206,88096752,,쿠브스굴 산트 리조트,フブスグル サン リゾート,库苏古尔桑特度假村,Хувсгул Сант Резорт
1151,1,Жуулчны бааз,Tourist_Camp,Дэлгэр мөрөн буудал,Delgermurun Guest House,Хөвсгөл,Khuvsgul,Хатгал,Khatgal,50.48169,100.16158,,,델게르무룬 게스트하우스,デルガームルン ゲスト ハウス,德尔格穆伦旅馆,Делгермурун Гостевой Дом
1152,1,Жуулчны бааз,Tourist_Camp,Хөхөө тур,khukhuu Tour,Хөвсгөл,Khuvsgul,Хатгал,Khatgal,50.48229,100.16082,80140101,,쿠후 투어,ククフーツアー,库库之旅,Хухуу Тур
1153,1,Жуулчны бааз,Tourist_Camp,Далай ван жуулчны бааз,Dalai Van Tourist Camp,Хөвсгөл,Khuvsgul,Хатгал,Khatgal,50.48984,100.16006,99382890,,달라이 반 투어리스트 캠프,ダライ ヴァン ツーリスト キャンプ,达赖范旅游营,Туристический лагерь Далай Ван
1154,1,Жуулчны бааз,Tourist_Camp,Хүн одод ресорт,Khun Odod Resort,Хөвсгөл,Khuvsgul,Хатгал,Khatgal,50.57853,100.15751,88678953,,쿤 오도드 리조트,クン オドッド リゾート,坤奥多度假村,Кхун Одод Резорт
1155,1,Жуулчны бааз,Tourist_Camp,Бишрэлт кэмп,Bishrelt Camp,Хөвсгөл,Khuvsgul,Хатгал,Khatgal,50.61027,100.20033,99084069,,비쉬렐트 캠프,ビシュレルトキャンプ,比什雷尔特营地,Лагерь Бишрелт
1156,1,Жуулчны бааз,Tourist_Camp,Жанхайн жуулчны бааз,Jankhain Tourist Camp,Хөвсгөл,Khuvsgul,Алаг-Эрдэнэ,Alag-Erdene,50.61966,100.19158,,,잔카인 관광캠프,ジャンカイン ツーリスト キャンプ,詹凯恩旅游营地,Туристический лагерь Джанхайн
1157,1,Жуулчны бааз,Tourist_Camp,Мизүми тур,Mizumi Tour,Хөвсгөл,Khuvsgul,Алаг-Эрдэнэ,Alag-Erdene,50.64703,100.20598,85888886,,미즈미 투어,ミズミツアー,水之旅,Мизуми Тур
1158,1,Жуулчны бааз,Tourist_Camp,Зочдын байр,Guesthouse,Хөвсгөл,Khuvsgul,Алаг-Эрдэнэ,Alag-Erdene,50.68638,100.2424,,,게스트하우스,ゲストハウス,招待所,Гостевой дом
1159,1,Жуулчны бааз,Tourist_Camp,Сдаян хаус,Sdayan House,Хөвсгөл,Khuvsgul,Хатгал,Khatgal,50.47807,100.16683,88600749,,스다얀 하우스,スダヤン ハウス,斯达扬之家,Сдаян Хаус
1160,1,Жуулчны бааз,Tourist_Camp,Нефт Оюунаагийн буудал,Neft Oyunaa's Guest House,Хөвсгөл,Khuvsgul,Хатгал,Khatgal,50.47368,100.16908,99043236,,네프트 오유나스 게스트 하우스,ネフチ オユナズ ゲスト ハウス,内夫特奥尤纳旅馆,Гостевой дом Нефти Оюнаа
1161,1,Жуулчны бааз,Tourist_Camp, Далайн түрлэг жуулчны бааз,Dalain Turleg Tourist Camp,Хөвсгөл,Khuvsgul,Хатгал,Khatgal,50.47085,100.16944,98380006,,달라인 Turleg 관광 캠프,ダレイン トゥレグ ツーリスト キャンプ,达兰图雷格旅游营地,Туристический лагерь Далайн Турлег
1162,1,Жуулчны бааз,Tourist_Camp,Дб-ийн төрсөн хот,Db's Home Town,Хөвсгөл,Khuvsgul,Хатгал,Khatgal,50.46799,100.17057,,,DB의 고향,DBの故郷,Db的家乡,Родной город ДБ
1163,1,Жуулчны бааз,Tourist_Camp,Ерлөг бааз,Yerlug baaz,Хөвсгөл,Khuvsgul,Хатгал,Khatgal,50.46333,100.17287,,,예를루그 바즈,イエルグ・バズ,耶鲁格·巴兹,Ерлуг баз
1164,1,Жуулчны бааз,Tourist_Camp,Гаст хаус,Gast Haus,Хөвсгөл,Khuvsgul,Хатгал,Khatgal,50.46093,100.17333,99163377,,가스트 하우스,ガストハウス,加斯特豪斯,Гаст Хаус
1165,1,Жуулчны бааз,Tourist_Camp,Жуулчны бааз,Tourist Camp,Хөвсгөл,Khuvsgul,Баянзүрх,bayanzurkh,50.12511,98.88201,,,관광 캠프,観光キャンプ,旅游营地,Туристический лагерь
1166,1,Жуулчны бааз,Tourist_Camp,Жуулчны бааз,Tourist Camp,Хөвсгөл,Khuvsgul,Баянзүрх,bayanzurkh,50.12572,98.88314,,,관광 캠프,観光キャンプ,旅游营地,Туристический лагерь
1167,2,Амралтын газар,Resort,Хангайн хишиг амралт,Khangain Khishig Camp,Хөвсгөл,Khuvsgul,Баянзүрх,bayanzurkh,50.14932,98.87343,88704057,,칸가인 키시그 캠프,カンガイン・キシグ・キャンプ,康加因·希什格营地,"Лагерь ""Хангай Кхишиг"""
1168,1,Жуулчны бааз,Tourist_Camp,Жуулчны бааз,Tourist Camp,Хөвсгөл,Khuvsgul,Баянзүрх,bayanzurkh,50.14966,98.86778,,,관광 캠프,ツーリストキャンプ,旅游营地,Туристический лагерь
1169,1,Жуулчны бааз,Tourist_Camp,Жуулчны бааз,Tourist Camp,Хөвсгөл,Khuvsgul,Баянзүрх,bayanzurkh,50.14896,98.8706,,,관광 캠프,ツーリストキャンプ,旅游营地,Туристический лагерь
1170,1,Жуулчны бааз,Tourist_Camp,Жуулчны бааз,Tourist Camp,Хөвсгөл,Khuvsgul,Баянзүрх,bayanzurkh,50.14805,98.87494,,,관광 캠프,ツーリストキャンプ,旅游营地,Туристический лагерь
1171,1,Жуулчны бааз,Tourist_Camp,Жуулчны бааз,Tourist Camp,Хөвсгөл,Khuvsgul,Баянзүрх,bayanzurkh,50.14932,98.88155,,,관광 캠프,ツーリストキャンプ,旅游营地,Туристический лагерь
1172,1,Жуулчны бааз,Tourist_Camp,Дуут булаг отоглох газар,Duut Bulag Campground,Хөвсгөл,Khuvsgul,Улаан-Уул,Ulaan-Uul,50.81093,99.33564,,,두트 불라그 캠프장,ドゥート・ブラグキャンプ場,杜特布拉格露营地,Кемпинг Дуут Булаг
1173,1,Жуулчны бааз,Tourist_Camp,Гацуурын булан отоглох газар,Gatsuuryn Bulan Campground,Хөвсгөл,Khuvsgul,Улаан-Уул,Ulaan-Uul,50.81532,99.3332,,,타이가 관광 캠프,タイガツーリストキャンプ,泰加旅游营地,Кемпинг Гацуурин Булан
1174,1,Жуулчны бааз,Tourist_Camp,Тайга жуулчны бааз,Taiga Tourist camp,Хөвсгөл,Khuvsgul,Ренчинлхүмбэ,Renchinlhumbe,51.0714,99.28623,95881822,,타이가 관광 캠프,タイガツーリストキャンプ,泰加旅游营地,Туристический лагерь Тайга
1175,1,Жуулчны бааз,Tourist_Camp,Жаргант лож,Jargant Lodge,Хөвсгөл,Khuvsgul,Ренчинлхүмбэ,Renchinlhumbe,51.09857,99.46716,80048283,,자르간트 롯지,ジャーガントロッジ,贾根特旅馆,Джаргант Лодж
1176,1,Жуулчны бааз,Tourist_Camp,Жошим тур зочид буудал,Joshim tour guest house,Хөвсгөл,Khuvsgul,Ренчинлхүмбэ,Renchinlhumbe,51.40767,99.29126,88556979,,조심 투어 게스트하우스,ジョシムツアーゲストハウス,乔希姆旅游宾馆,Гостевой дом Joshim tour
1177,1,Жуулчны бааз,Tourist_Camp,Цаа буга маллагч,Reindeer herder,Хөвсгөл,Khuvsgul,Ренчинлхүмбэ,Renchinlhumbe,51.54678,99.25715,,,순록 목동,トナカイ飼育者,驯鹿牧人,Оленевод
1178,1,Жуулчны бааз,Tourist_Camp,Цаа бугын аялалын хөтөч,Travel guide to reindeer herders,Хөвсгөл,Khuvsgul,Ренчинлхүмбэ,Renchinlhumbe,51.52385,99.31407,94444493,,몽골 순록 유목민 여행 가이드,몽골 순록 유목민 여행 가이드,蒙古驯鹿牧民旅行指南,Путеводитель по монгольским оленеводам
1179,1,Жуулчны бааз,Tourist_Camp,Цэнгэг үүр Таймен загасчлах газар,Tsengeg Uur Taimen fishing lodge,Хөвсгөл,Khuvsgul,Цагаан-Үүр,Tsagaan-Uur,50.78022,101.51943,99727873,,첸게그 우르 타이멘 낚시 숙소,ツェンゲグ・ウール・タイメンフィッシングロッジ,曾格乌尔哲门鱼旅馆,Рыболовная база Цзенгег Уур Таймен
1180,1,Жуулчны бааз,Tourist_Camp,"Булагтай, Кристал Спрингс Оазис","Crystal Springs Oasis, Bulagtai",Хөвсгөл,Khuvsgul,Эрдэнэбулган,Erdenebulgan,50.25503,101.79127,94959308,,"크리스탈 스프링스 오아시스, 불라그타이",クリスタルスプリングスオアシス、ブラグタイ,布拉格泰水晶泉绿洲,"Оазис Кристал Спрингс, Булагтай"
1181,1,Жуулчны бааз,Tourist_Camp,Гоюул кэмп,Goyul Camp,Хөвсгөл,Khuvsgul,Их-Уул,Ikh-Uul,49.45915,101.37599,"99270905, 86867916",,고율 캠프,ゴユルキャンプ,高玉营地,Лагерь Гоюль
1182,8,Хилийн боомт,Border_Crossing,Ханх хилийн боомт,Khankh Border Station,Хөвсгөл,Khuvsgul,Ханх,Khankh,51.63275,100.85598,,,칸크 국경역,ハンフ国境駅,汉克边境站,Пограничная станция Ханх
1183,1,Жуулчны бааз,Tourist_Camp,Хот айл гэр буудал,Khot Ail Ger Camp,Хөвсгөл,Khuvsgul,Алаг-Эрдэнэ,Alag-Erdene,50.11476,100.00364,96111080,,코트 아일 게르 캠프,コット・アイル・ゲル・キャンプ,霍特艾尔格尔营地,Лагерь Хота Айль Гер
1184,10,Шатахуун түгээх станц,Gas_Station,Магнай трейд ШТС,Magnai Trade Gas Station,Хөвсгөл,Khuvsgul,Хатгал,Khatgal,50.4296,100.15082,,,"""마그나이 트레이드"" 주유소",「マグナイトレード」ガソリンスタンド,“Magnai Trade”加油站,АЗС «Магнай Трейд»
1185,10,Шатахуун түгээх станц,Gas_Station,Перовис ШТС,Petrovis Gas Station,Хөвсгөл,Khuvsgul,Хатгал,Khatgal,50.43215,100.15477,,,페트로비스 주유소,ペトロヴィスガソリンスタンド,Petrovis加油站,Автозаправочная станция Петровис
1186,1,Жуулчны бааз,Tourist_Camp,Аргамаг кэмп,Argamag Camp,Хөвсгөл,Khuvsgul,Мөрөн,Murun,49.63182,100.24398,,,아르가마그 캠프,アルガマグキャンプ,阿加马格营地,Лагерь Аргамаг
1187,1,Жуулчны бааз,Tourist_Camp,Тэнхлэг кэмп,Tenkhleg camp,Хөвсгөл,Khuvsgul,Мөрөн,Murun,49.62717,100.23227,99389936,,텐클레그 캠프,テンクレグキャンプ,滕赫勒格营地,Лагерь Тенкхлег
1188,1,Жуулчны бааз,Tourist_Camp,Өндөрхаан жуулчны бааз,Undurkhaan Tourist Camp,Хэнтий,Khentii,Хэрлэн,How to say,47.33487,110.58821,98086350,,운두르칸 관광 캠프,ウンドゥルハーン ツーリスト キャンプ,温都尔汗旅游营地,Туристический лагерь Ундурхан
1189,7,Нисэх буудал,Airport,Өндөрхаан нисэх буудал,Undurhaan Airport,Хэнтий,Khentii,Чингис,Chinggis,47.30745,110.60956,,,운두르한 공항,アンドゥルハーン空港,温杜尔汉机场,Аэропорт Ундурхан
1190,1,Жуулчны бааз,Tourist_Camp,Дуурлиг нарс жуулчны бааз,Duurlig Nars Resort,Хэнтий,Khentii,Баян-Адрага,Bayan-Adraga,48.53934,111.05435,88224941,,두를리그 나스 리조트,ドゥルリグ ナルス リゾート,杜里格纳尔斯度假村,Дуурлиг Нарс Резорт
1191,2,Амралтын газар,Resort,Баян гүрэм амралт,Bayan Gurem Resort,Хэнтий,Khentii,Баян-Овоо,Bayan-Ovoo,47.81435,112.13858,98889076,,바얀 구렘 리조트,バヤン グレム リゾート,巴彦古雷姆度假村,Баян Гюрем Резорт
1192,2,Амралтын газар,Resort,Дөлгөөн гүрэм амралт,Dulguun Gurem Resort,Хэнтий,Khentii,Баян-Овоо,Bayan-Ovoo,47.81572,112.14046,95178393,,둘군구렘 리조트,ドゥルグン グレム リゾート,杜尔古恩古雷姆度假村,Дулгуун Гюрем Резорт
1193,2,Амралтын газар,Resort,Хулст амралт,Khulst Resort,Хэнтий,Khentii,Баян-Овоо,Bayan-Ovoo,47.82687,112.1797,99065637,,쿨스트 리조트,クルスト リゾート,库尔斯特度假村,Хулст Резорт
1194,2,Жуулчны бааз,Tourist_Camp,Жуулчны бааз,Resort,Хэнтий,Khentii,Баян-Овоо,Bayan-Ovoo,47.82458,112.17818,,,의지,リゾート,采取,Прибегнуть
1195,1,Жуулчны бааз,Tourist_Camp,4 баян 7 түмэн,4 Bayan 7 Tumen,Хэнтий,Khentii,Баян-Овоо,Bayan-Ovoo,47.81753,112.13809,98188877,,4 바얀 7 투멘,4 バヤン 7 トゥメン,4 巴彦 7 图们,4 Баян 7 Тюмень
1196,2,Амралтын газар,Resort,Гүрэн амралт,Guren,Хэнтий,Khentii,Баян-Овоо,Bayan-Ovoo,47.81687,112.13874,99073792,,구렌,紅蓮,红莲,Гюрен
1197,1,Жуулчны бааз,Tourist_Camp,Мойлхон,Moilkhon,Хэнтий,Khentii,Баян-Овоо,Bayan-Ovoo,47.81605,112.13757,,,모일콘,モイルホン,莫伊尔孔,Мойлхон
1198,9,Төмөр замын өртөө,Railway_Station,Бор - Өндөр төмөр замын өртөө,Bor - Undur Railway Station,Хэнтий,Khentii,Бор - Өндөр,Bor - Undur,46.24977,109.43174,,,보르 - 운두르 기차역,ボル - ウンドゥル駅,博尔-温杜尔火车站,Железнодорожная станция Бор - Ундур
1199,1,Жуулчны бааз,Tourist_Camp,Айлшинай отог,Ailshinai Campground,Хэнтий,Khentii,Дадал,Dadal,49.03341,111.57264,,,아일시나이 캠프장,アイルシナイ キャンプ場,艾尔希奈露营地,Палаточный лагерь Айлшинай
1200,1,Жуулчны бааз,Tourist_Camp,Яргайт отог,Yargait Campground,Хэнтий,Khentii,Дадал,Dadal,49.05203,111.58721,,,야르가이트 캠프장,ヤルゲイト キャンプ場,亚尔盖特露营地,Палаточный лагерь Яргайт
1201,1,Жуулчны бааз,Tourist_Camp,Чингисийн отог,Chinggis'S Campground,Хэнтий,Khentii,Дадал,Dadal,49.05126,111.58125,99028598,,칭기즈 캠프장,チンギスのキャンプ場,成吉思汗营地,Палаточный лагерь Чингиса
1202,1,Жуулчны бааз,Tourist_Camp,Чингис аяллын төв,Chinggis Tourist Center,Хэнтий,Khentii,Дадал,Dadal,49.04047,111.62501,,,칭기즈칸 관광센터,チンギス観光センター,成吉思汗游客中心,Туристический центр Чингисхана
1203,1,Жуулчны бааз,Tourist_Camp,Амур монгол лож,Amur Lodge Mongolia,Хэнтий,Khentii,Дадал,Dadal,49.02712,111.64771,88108062,,아무르 로지 몽골리아,アムール ロッジ モンゴリア,蒙古阿穆尔旅馆,Амур Лодж Монголия
1204,7,Нисэх буудал,Airport,Дадал нисэх буудал,Dadal Airport,Хэнтий,Khentii,Дадал,Dadal,49.0153,111.50778,,,다달 공항,ダダル空港,达达尔机场,Дадал аэропорт
1205,2,Амралтын газар,Resort,Чингисийн 3 нуур амралт,Chinggis'S 3 Lake Resort,Хэнтий,Khentii,Дадал,Dadal,49.03518,111.65604,99117578,,칭기스 3 레이크 리조트,チンギス 3 レイク リゾート,成吉思汗三湖度假村,Чингис'С 3 Озеро Резорт
1206,2,Амралтын газар,Resort,Хүрэн шугуй амралт,Khuren Shugui Resort,Хэнтий,Khentii,Дадал,Dadal,49.02836,111.63792,91916064,,쿠렌 슈구이 리조트,クーレン シュギ リゾート,库伦舒吉度假村,Курорт Хурен Шуги
1207,2,Амралтын газар,Resort,Дагина хатан амралт,Dagina Khatan Resort,Хэнтий,Khentii,Дадал,Dadal,49.02848,111.64109,80830298,,다기나 카탄 리조트,ダギナ カタン リゾート,达吉娜卡坦度假村,Дагина Хатан Резорт
1208,2,Амралтын газар,Resort,Дэгэн жигэн амралт,Degen Jigen Resort,Хэнтий,Khentii,Дадал,Dadal,49.02781,111.64341,,,데겐 지겐 리조트,デゲンジゲンリゾート,德根吉根度假村,Деген Джиген Резорт
1209,1,Жуулчны бааз,Tourist_Camp,Баянбулаг жуулчны бааз,Bayanbulag Tourist Camp,Хэнтий,Khentii,Дадал,Dadal,49.03178,111.6415,,,바얀불라그 투어리스트 캠프,バヤンブラグ ツーリスト キャンプ,巴音布拉格旅游营,Туристический лагерь Баянбулаг
1210,1,Жуулчны бааз,Tourist_Camp,Дадал жуулчны бааз,Dadal Tourist Camp,Хэнтий,Khentii,Дадал,Dadal,49.03052,111.64476,99116816,,다달관광캠프,ダダル ツーリスト キャンプ,达达尔旅游营地,Туристический лагерь Дадал
1211,5,Хүүхдийн зуслан,Children_Summer_Camp,Цэрэн гүүд хүүхдийн зуслан,Tseren Good Children'S Camp,Хэнтий,Khentii,Дадал,Dadal,49.03701,111.66147,,,체렌 좋은 어린이 캠프,ツェレン・グッド・チルドレンズ・キャンプ,次仁好孩子营,Детский Лагерь Церен Хороший
1212,1,Жуулчны бааз,Tourist_Camp,Алтаргана кэмп,Altargana Camp,Хэнтий,Khentii,Дадал,Dadal,49.03759,111.6629,98100148,,알타르가나 캠프,アルタルガナ キャンプ,阿尔塔加纳营地,Лагерь Алтаргана
1213,1,Жуулчны бааз,Tourist_Camp,Өглөгчийн хэрэм эко лож,Uglugch Wall eco lodge,Хэнтий,Khentii,Батширээт,Batshireet,48.38394,110.17568,98807879,,우글루흐치 월 에코 롯지,ウグルグチウォールエコロッジ,乌格鲁格奇墙生态旅馆,Эко-лодж «Углагч Уолл»
1214,1,Жуулчны бааз,Tourist_Camp,Чингисийн өлгий жуулчны бааз,Chinggisiin Ulgii Tourist Camp,Хэнтий,Khentii,Батширээт,Batshireet,48.70486,110.30087,88880244,,칭기신울기 관광캠프,チンギシン ウルギー ツーリスト キャンプ,成吉思汗乌列盖旅游营,Туристический лагерь Чингисийн Улгий
1215,2,Амралтын газар,Resort,Ивээлт хаан амралт,Iveelt Khaan Resort,Хэнтий,Khentii,Батширээт,Batshireet,48.58368,110.09752,,,아이벨트 칸 리조트,イヴェールト カーン リゾート,伊维特可汗度假村,Ивелт Хаан Резорт
1216,2,Амралтын газар,Resort,Алтан-ураг амралт,Altan-Urag Resort,Хэнтий,Khentii,Биндэр,Binder,48.5714,110.6342,80079157,,알탄-우라그 리조트,アルタン ウラグ リゾート,阿勒坦乌拉格度假村,Курорт Алтан-Ураг
1217,2,Амралтын газар,Resort,Биндэр амралт,Binder Resort,Хэнтий,Khentii,Биндэр,Binder,48.57184,110.62086,99035059,,바인더 리조트,バインダー リゾート,宾德度假村,Биндер Резорт
1218,5,Хүүхдийн зуслан,Children_Summer_Camp,Чингис тоонот хүүхдийн зуслан,Chinggis Toonot Children'S Camp,Хэнтий,Khentii,Биндэр,Binder,48.58202,110.69204,85233033,,칭기스 투놋 어린이 캠프,チンギス トゥーノット チルドレンズ キャンプ,成吉思汗图诺儿童营,Детский лагерь Чингис Тоонот
1219,6,Замын гуанз,Roadside_Diner,Өртөө 240 замын буудал,Urtuu 240 Rest Area,Хэнтий,Khentii,Жаргалтхаан,Jargaltkhaan,47.49179,109.45458,99985854,,우르투 240 휴게소,ウルトゥ 240 レスト エリア,乌尔图240休息区,Уртуу 240 Зона отдыха
1220,1,Жуулчны бааз,Tourist_Camp,Талын түмэн адуу кэмп,Talyn Tumen Aduu Camp,Хэнтий,Khentii,Батноров,Batnorov,47.8906,111.4829,99089730,,탈린 투멘 아두 캠프,タリン トゥメン アドゥ キャンプ,塔林图们阿杜营地,Лагерь Талын Тумен Адуу
1221,3,Рашаан сувилал,Spa_Resort,Аварга тосон рашаан сувилал,Avarga Toson Medical Center,Хэнтий,Khentii,Дэлгэрхаан,Delgerkhaan,47.18352,109.14778,77462222,,아바르가 토손 메디컬 센터,アヴァルガ トーソン メディカル センター,阿瓦尔加托森医疗中心,Медицинский центр Аварга Тосон
1222,2,Амралтын газар,Resort,Норвоо амралт,Norvoo Resort,Хэнтий,Khentii,Дэлгэрхаан,Delgerkhaan,47.17747,109.14529,,,노부 리조트,ノーヴォー リゾート,诺沃度假村,Норвоо Резорт
1223,2,Амралтын газар,Resort,Хүннү хөдөө арал амралт,Khunnu Khuduu Aral Resort,Хэнтий,Khentii,Дэлгэрхаан,Delgerkhaan,47.17767,109.13843,99704334,,쿤누 쿠두 아랄 리조트,クヌ クドゥ アラル リゾート,库努库杜阿拉尔度假村,Хунну Худуу Арал Резорт
1224,2,Амралтын газар,Resort,Аварга тосон жүрж амралт,Avarga Toson Jurj Resort,Хэнтий,Khentii,Дэлгэрхаан,Delgerkhaan,47.18411,109.15558,91110478,,아바르가 토손 주르즈 리조트,アヴァルガ トーソン ジュルジュ リゾート,阿瓦尔加托森朱尔吉度假村,Аварга Тосон Юрдж Резорт
1225,3,Рашаан сувилал,Spa_Resort,Дархан оточ аварга рашаан сувилал,Darkhan Otoch Avarga Mineral Water Sanatorium,Хэнтий,Khentii,Дэлгэрхаан,Delgerkhaan,47.17939,109.15349,99193729,,미네랄 워터 요양소,ダルハン オトク アヴァルガ ミネラル ウォーター サナトリウム,达尔汗奥托奇阿瓦尔加矿泉水疗养院,Санаторий минеральных вод «Дархан Оточ Аварга»
1226,1,Жуулчны бааз,Tourist_Camp,Ээж гэр буудал,Eej Ger Camp,Хэнтий,Khentii,Дадал,Dadal,49.02232,111.60453,,,에이게르 캠프,イージ ゲル キャンプ,伊吉格尔营地,Эдж Гер Лагерь
1227,1,Жуулчны бааз,Tourist_Camp,Есөн нарс лож,Nine Pines Lodge,Хэнтий,Khentii,Дадал,Dadal,49.05077,111.62994,77779555,,나인 파인즈 롯지,ナインパインズロッジ,九松旅馆,Лодж Найн Пайнс
1228,2,Амралтын газар,Resort,Жананаран мед ахмадын амралт,Jananaran Med Senior Vacation,Хэнтий,Khentii,Цэнхэрмандал,Tsenkhermandal,47.69835,108.48084,89011141,,자나나라 메드 시니어 휴가,ジャナナラン・メッド・シニアバケーション,Jananaran Med 高级假期,тпуск для пожилых людей в Джананаране Мед
1229,6,Замын гуанз,Roadside_Diner,Мөнх мандал зоогийн газар,Munkh Mandal Restaurant,Хэнтий,Khentii,Цэнхэрмандал,Tsenkhermandal,47.80985,108.79856,88089650,,몽크만달 레스토랑,モンクマンダルレストラン,蒙克曼达尔餐厅,Ресторан Мункх Мандал
1230,6,Замын гуанз,Roadside_Diner,Их хан төв,Ikh Khan Center,Хэнтий,Khentii,Цэнхэрмандал,Tsenkhermandal,47.73252,109.00704,91917831,,그레이트 칸 센터,グレートカーンセンター,大汗中心,Центр Икх Хана
1231,10,Шатахуун түгээх станц,Gas_Station,Магнай трейд ШТС,Magnai Trade Gas Station,Хэнтий,Khentii,Цэнхэрмандал,Tsenkhermandal,47.72427,109.02459,,,"""마그나이 트레이드"" 주유소",「マグナイトレード」ガソリンスタンド,“Magnai Trade”加油站,АЗС «Магнай Трейд»
1232,6,Замын гуанз,Roadside_Diner,Байгаль зоогийн газар,Baigal Restaurant,Хэнтий,Khentii,Цэнхэрмандал,Tsenkhermandal,47.72487,109.02485,,,바이칼 레스토랑,バイカルレストラン,贝加尔餐厅,Ресторан «Байкал»
1233,6,Замын гуанз,Roadside_Diner,YUMMY Хоолны газар,YUMMY Restaurant,Хэнтий,Khentii,Цэнхэрмандал,Tsenkhermandal,47.72369,109.02752,,,맛있는 레스토랑,おいしいレストラン,美味餐厅,Ресторан YUMMY
1234,6,Замын гуанз,Roadside_Diner,Хатан зоог,Khatan Zoog Restaurant & Bakery,Хэнтий,Khentii,Цэнхэрмандал,Tsenkhermandal,47.72283,109.02728,98872736,,여왕의 만찬,女王の晩餐会,女王晚宴,Ужин королевы
1235,6,Замын гуанз,Roadside_Diner,Дорномандал зоогийн газар,Dornomandal Restaurant,Хэнтий,Khentii,Цэнхэрмандал,Tsenkhermandal,47.72243,109.02819,91117665,,도르노만달 레스토랑,ドルノマンダルレストラン,多尔诺曼底餐厅,Ресторан Дорномандал
1236,6,Замын гуанз,Roadside_Diner,Мандал зоог,Mandal Restaurant,Хэнтий,Khentii,Цэнхэрмандал,Tsenkhermandal,47.7216,109.02978,,,만달 레스토랑,マンダルレストラン,曼达尔餐厅,Ресторан Мандал
1237,6,Замын гуанз,Roadside_Diner,Цолмон зоогийн газар,Tsolmon Restaurant,Хэнтий,Khentii,Цэнхэрмандал,Tsenkhermandal,47.72321,109.02946,,,촐몬 레스토랑,ツォルモンレストラン,索尔蒙餐厅,Ресторан Цолмон
1238,10,Шатахуун түгээх станц,Gas_Station,Перовис ШТС,Petrovis Gas Station,Хэнтий,Khentii,Цэнхэрмандал,Tsenkhermandal,47.72219,109.03109,,,페트로비스 주유소,ペトロヴィスガソリンスタンド,Petrovis加油站,Автозаправочная станция Петровис
1239,6,Замын гуанз,Roadside_Diner,Өртөө 240 Rest area,Urtuu 240 Rest area,Хэнтий,Khentii,Жаргалтхаан,Jargaltkhaan,47.49178,109.45463,,,우르투 240 휴게소,ウルトゥ 240 レスト エリア,乌尔图240休息区,Уртуу 240 Зона отдыха
1240,10,Шатахуун түгээх станц,Gas_Station,Дашваанжил газ,Dashvaanjil gas fuel,Хэнтий,Khentii,Жаргалтхаан,Jargaltkhaan,47.49123,109.45573,,,다슈반질 가스 연료,ダシュヴァンジルガス燃料,达什瓦安吉尔燃气燃料,Газовое топливо Дашваанджил
1241,1,Жуулчны бааз,Tourist_Camp,Элит эко ресорт,Elite Eco Resort,Хэнтий,Khentii,Мөрөн,Murun,47.39056,110.31504,98515151,,최고급 친환경 리조트,エリートエコリゾート,精英生态度假村,Элитный эко-курорт
1242,10,Шатахуун түгээх станц,Gas_Station,Перовис ШТС,Petrovis Gas Station,Хэнтий,Khentii,Мөрөн,Murun,47.38839,110.31901,,,페트로비스 주유소,ペトロヴィスガソリンスタンド,Petrovis加油站,Автозаправочная станция Петровис
1243,10,Шатахуун түгээх станц,Gas_Station,Тэс петролеум ШТС,Tes Petroleum Cas Station,Хэнтий,Khentii,Жаргалтхаан,Jargaltkhaan,47.48766,109.46189,70003003,,테스 석유 주유소,テス石油ガソリンスタンド,Tes石油加油站,Автозаправочная станция Тэс  Петролеум
1244,10,Шатахуун түгээх станц,Gas_Station,Шунхлай ШТС,Shunklai Gas Station,Хэнтий,Khentii,Жаргалтхаан,Jargaltkhaan,47.48719,109.465,,,순클라이 주유소,シュンクライガソリンスタンド,顺克莱加油站,Автозаправочная станция Шунклай
