№,Point_type,Category,Name_mon,Name_eng,Aimag_name_mon,Aimag_name_eng,Sum_name_mon,Sum_name_eng,Lat,Long,Description_mon,Description_eng,Photo_URL,Name_kr,Name_jp,Name_cn,Name_ru,Description_kor,Description_jpn,Description_zho,Description_rus
1,2,Түүхийн дурсгалт газар,Алтан сандал уулын дурсгал,Altan Sandal Grave,Архангай,Arkhangai,Ихтамир,Ikhtamir,47.5403,101.03996,"Ихтамир сумын төвөөс баруун урд зүгт 15 км-т орших Алтан сандал уулаас баруун хойш нэг км зайд жижиг товгор дээр дугуй далантай дугуй хүрээтэй хиргисүүр нэг, дугуй далантай дөрвөлжин хиргисүүр хоёр, жижиш дөрвөлжин булш найм бий. ","Located 15 km southwest of the center of Ikhtamir soum, one km northwest of Altan Sandal Mountain, on a small hillock, there is one circular-framed khirgisur with a circular dam, two square khirgisur with a circular dam, and eight small square tombs.",https://www.dropbox.com/scl/fi/1ew3fdzxtli0dn5i9kbtl/.jpg?rlkey=k3ceu5w6tto7pm4dwsgq8rpya&raw=1,골든 체어 마운틴 기념비,ゴールデンチェアマウンテン国定公園,金椅山纪念碑,Памятник на горе Золотого Кресла,"이흐타미르 솜 중심에서 남서쪽으로 15km, 알탄 산달산에서 북서쪽으로 1km 떨어진 작은 언덕에 원형 댐이 있는 원형 프레임 키르기수르 1개, 원형 댐이 있는 정사각형 키르기수르 2개, 작은 정사각형 무덤 8개가 있습니다.",イクタミール・スムの中心から南西15km、アルタン・サンダル山の北西1kmの小さな丘の上に位置し、円形のダムを備えた円形枠のキルギスールが1つ、円形のダムを備えた正方形のキルギスールが2つ、そして8つの小さな正方形の墓がある。,位于伊赫塔米尔苏姆中心西南15公里处，阿尔坦桑达尔山西北1公里处，一座小山丘上，有一座圆形框架的带圆形坝的吉尔吉苏尔、两座方形的带有圆形坝的吉尔吉苏尔和八座方形小墓。,"В 15 км к юго-западу от центра сомона Ихтамир, в 1 км к северо-западу от горы Алтан Сандал, на небольшом холме расположены один хиргисур круглой формы с круглой плотиной, два квадратных хиргисура с круглой плотиной и восемь небольших квадратных гробниц."
2,3,Шашны дурсгалт газар,Суварга,Stupa,Архангай,Arkhangai,Хашаат,Khashaat,47.32967,103.60615,хашаат сумын төвөөс зүүн өмнө зүгт 38 км зайтай оршино.,It is located 38 km southeast of the center of Khashaat soum.,https://www.dropbox.com/scl/fi/9bm4lw1oq80gcp6ao6oz8/.jpg?rlkey=f2t41plkc8qzerex7cibgnucd&raw=1,탑,仏塔,佛塔,Ступа,Khashaat soum 중심에서 남동쪽으로 38km 떨어져 있습니다.,カシャート・ソムの中心部から南東に 38 km に位置します。,它位于 Khashaat soum 中心东南 38 公里处。,Расположен в 38 км к юго-востоку от центра сума Хашаат.
3,2,Түүхийн дурсгалт газар,Билгэ хааны цогцолбор,Bilge Khan Complex,Архангай,Arkhangai,Хашаат,Khashaat,47.55745,102.8369,"Хашаат сумын Цайдам бригадын нутагт Өгий нуураас баруун урагш 36 км, Хархориноос хойш 47 км зайд Хөгшин Орхон голын зүүн эрэг, Цайдам нуурын баруун өмнө оршдог. ","It is located in the Tsaydam brigade area of ​​Khashaat soum, 36 km southwest of Ugii Lake and 47 km north of Kharkhorin, on the east bank of the Old Orkhon River and southwest of Tsaydam Lake.",https://www.dropbox.com/scl/fi/27whel5nxxsg09yet5vkk/.jpg?rlkey=4exqjq7g5zjuwlouxdijdcui8&dжйц=1,빌게칸 단지,ビルジ カーン コンプレックス,比尔格汗复合体,Комплекс Бильге Хан,"그것은 Ugii 호수에서 남서쪽으로 36km, Kharkhorin에서 북쪽으로 47km 떨어진 Khashaat soum의 Tsaydam 여단 지역에 위치하고 있으며 Old Orkhon 강 동쪽 기슭과 Tsaydam 호수 남서쪽에 있습니다.",それは、ウギー湖の南西36km、ハルホリンの北47km、旧オルホン川の東岸、ツァイダム湖の南西にあるカシャート・ソムのツァイダム旅団地域に位置する。,位于哈沙特苏姆察达姆旅区，乌吉湖西南36公里，哈尔和林以北47公里，老鄂尔浑河东岸，察达姆湖西南。,"Расположен в районе Цайдамской бригады сомона Хашаат, в 36 км юго-западнее озера Угий и в 47 км севернее Хархорина, на восточном берегу реки Старый Орхон и юго-западнее озера Цайдам."
4,1,Байгалийн үзэсгэлэнт газар,Булган уул (2143м),Bulgan Mountain (2143m),Архангай,Arkhangai,Эрдэнэбулган,Erdenebulgan,47.50541,101.46154,"Байгалийн үзэсгэлэнт байдал, түүхийн дурсгалт зүйлсийг нь хамгаалах зорилгоор 1965 онд улсын тусгай хамгаалалтад авсан. ",It was placed under special state protection in 1965 to protect its natural beauty and historical monuments.,https://www.dropbox.com/scl/fi/7twrxr8khoao3xh3yx1m6/.jpg?rlkey=1dajk3fc9s0jfosjalxx52l1z&raw=1,불간산,仏岩山,布尔干山,Гора Булган,자연의 아름다움과 역사적 기념물을 보호하기 위해 1965년에 국가의 특별 보호를 받았습니다.,自然の美しさと歴史的建造物を保護するために、1965 年に特別な国の保護下に置かれました。,1965年，为了保护其自然美景和历史古迹，它被置于国家特殊保护之下。,В 1965 году он был помещен под особую государственную охрану для защиты его природной красоты и исторических памятников.
5,2,Түүхийн дурсгалт газар,Вандан аваргын хөшөө,Vandan Avarga Statue,Архангай,Arkhangai,Батцэнгэл,Battsengel,47.78078,101.9687,"1994 онд бүтээж ,2014 онд сумын 90 жилийн ойн хүрээнд Вандан аваргын нэрэмжит хүндэтгэлийн талбайг байгуулж хөшөөг тэнд шилжүүлэн байршуулжээ.","It was built in 1994, and in 2014, as part of the soum's 90th anniversary, a memorial square was established in the name of Vandan Avarga and the statue was relocated there.",https://www.dropbox.com/scl/fi/78cdx7iv8ubc716x25ogu/.jpg?rlkey=qsvrxvppbmmo9bcsv56o8till&raw=1,반단 아바르가 동상,ヴァンダン アヴァルガ像,凡丹·阿瓦尔加雕像,Статуя Вандана Аварги,"1994년 건립되었으며, 2014년 솜 창립 90주년을 맞아 반단 아바르가(Vandan Avarga)라는 이름의 기념광장을 건립하고 동상을 이곳으로 이전했습니다.",1994 年に建設され、2014 年にはスーム建国 90 周年の一環としてヴァンダン アヴァルガの名を冠した記念広場が設立され、像はそこに移設されました。,它建于 1994 年，2014 年，作为苏姆成立 90 周年的一部分，以 Vandan Avarga 的名义建立了一个纪念广场，并将雕像迁至那里。,"Он был построен в 1994 году, а в 2014 году в рамках 90-летия сума был установлен мемориальный сквер имени Вандана Аварги и перенесена туда статуя."
6,2,Түүхийн дурсгалт газар,Дельфинтэй хөшөө,Statue with a dolphin,Архангай,Arkhangai,Тариат,Tariat,48.1826,99.78723,Тариат сутын төвөөс баруун хойд зүгт 11 км зайтай оршино.,It is located 11 km northwest of the city center.,https://www.dropbox.com/scl/fi/lupxh5siskbw5yr36smnr/.jpg?rlkey=ew69v016qfb9cw1kdn7lyl0wj&raw=1,돌고래가 있는 조각상,イルカの像,与海豚的雕像,Статуя с дельфином,시내 중심에서 북서쪽으로 11km 떨어져 있다.,市内中心部から北西に 11 km に位置します。,位于市中心西北11公里处。,Он расположен в 11 км к северо-западу от центра города.
7,1,Байгалийн үзэсгэлэнт газар,Дуут нуур Архангай,Duut Lake (Arkhangai),Архангай,Arkhangai,Хайрхан,Khairkhan,48.52532,101.90015,Хайрхан сумын төвөөс урд зүгт 9.5 км зайтай оршино.,It is located 9.5 km south of the center of Khairkhan soum.,https://www.dropbox.com/scl/fi/uqcl33451d8j7lwn5m4cq/Duu-lake.jpeg?rlkey=qava7rbonn2ejikcrkacmb2tu&raw=1,두트 호수,ダウト湖,杜特湖,Озеро Дуут,Khairkhan soum 중심에서 남쪽으로 9.5km 떨어져 있습니다.,カイルカーン ソムの中心部から南に 9.5 km に位置します。,它位于Khairkhan soum中心以南9.5公里处。,"Он расположен в 9,5 км к югу от центра Хайрхан-сума."
8,2,Түүхийн дурсгалт газар,Культегиний хөшөө,Kultegin Statue,Архангай,Arkhangai,Хашаат,Khashaat,47.56406,102.83144," Анх мэлхий чулуун дээр тамга бүхий нүүрэн талыг наран ургах зүг харуулан босгосон байжээ. Культегин гэдэг нь Түрэг улсын жанжин бөгөөд 684 онд төржээ. 16 настайгаасаа төрийн хэрэгт зүтгэж эхэлсэн ба ухаалаг, авъяаслаг жанжин байсан. Тэрээр 731 онд 47 настай таалал төгсөхөд тахилын онгон цогцолбор, шүтээний сүмийг түүний ах Билгэ хаан 732 онд дүүгийнхээ дурсгалд зориулан босгож ач хүү Йолуг тегин 20 хоног ухаж сийлжээ.","The first stone was erected with the stamped side facing the rising sun. Kultegin was a Turkic general born in 684. He began his career in state affairs at the age of 16 and was a wise and talented general. When he died in 731 at the age of 47, the sacrificial complex and the temple were built in 732 by his brother Bilge Khan in memory of his brother, and his grandson Yolug Tegin spent 20 days digging and carving it.",https://www.dropbox.com/scl/fi/uatduddzrrt7r5le86453/.JPG?rlkey=5skswjzder3fwtv2zfd07iv61&raw=1,쿨테긴 동상,クルテギン像,库尔特金雕像,Статуя Культегина,"첫 번째 돌은 찍힌 면이 떠오르는 태양을 향하도록 세워졌습니다. 쿨테긴은 684년에 태어난 투르크족 장군이었습니다. 그는 16세에 국정 경력을 시작했으며 현명하고 재능 있는 장군이었습니다. 731년 47세의 나이로 세상을 떠났을 때, 그의 형인 빌게 칸(Bilge Khan)이 형을 기리기 위해 732년에 제사 단지와 사원을 세웠고, 그의 손자 욜루크 테긴(Yolug Tegin)이 20일 동안 그것을 파고 조각했습니다.",最初の石は刻印された面を朝日に向けて建てられました。クルテギンは 684 年生まれのテュルク系将軍でした。彼は 16 歳で国政のキャリアをスタートし、賢明で才能のある将軍でした。彼が 731 年に 47 歳で亡くなると、732 年に弟のビルゲ・カーンが兄の追悼として犠牲施設と寺院を建設し、孫のヨルグ・テギンが 20 日間をかけて掘削と彫刻を行いました。,第一块石头被竖立起来，有印记的一面面向初升的太阳。库尔特金是突厥将军，出生于684年，16岁就开始从政，是一位睿智而有才华的将军。 731年他去世时，享年47岁。该祭祀建筑群和寺庙是他的兄弟比尔格汗于732年为纪念他的兄弟而建造的，他的孙子育洛特勤花了20天的时间挖掘和雕刻。,"Первый камень был установлен штампованной стороной к восходящему солнцу. Культегин был тюркским полководцем, родившимся в 684 году. Свою карьеру в государственных делах он начал в 16 лет и был мудрым и талантливым полководцем. Когда он умер в 731 году в возрасте 47 лет, жертвенный комплекс и храм были построены в 732 году его братом Бильге-ханом в память о брате, а его внук Ёлуг Тегин провел 20 дней, копая и вырезая его."
9,2,Түүхийн дурсгалт газар,Луут хотын туурь,Luut City Ruin,Архангай,Arkhangai,Өлзийт,Ulziit,48.02554,102.50808,Луут хот буюу Лүн Чан -Монголын анхны төрт улс Хүннү гүрний нийслэл хот. Луут хот нь тухайн цаг үедээ хаад язгууртны тансаг зэрэглэлийн зуны нийслэл байжээ. Өлзийт сумын төвөөс баруун урд зүгт 9 км зайтай оршино.,"Luut city or Lun Chan - the capital of the first Mongol state, the Hunnic Empire. Luut city was a luxurious summer capital of the kings and nobles at that time. It is located 9 km southwest of the center of Ulziit soum.",https://www.dropbox.com/scl/fi/a7dwszom8l2soz90k1ynh/.jpeg?rlkey=lz6brwdhp299mj8x78ohfmjc9&raw=1,루트시티 유적,ルウトシティ遺跡,卢特城遗址,Руины города Луут,Luut 도시 또는 Lun Chan - 최초의 몽골 국가인 Hunnic Empire의 수도입니다. 루트시는 당시 왕과 귀족들의 호화로운 여름 수도였습니다. Ulziit soum 중심에서 남서쪽으로 9km 떨어져 있습니다.,ルウト市、またはルンチャン - 最初のモンゴル国家、フン族帝国の首都。ルウト市は当時の王や貴族の豪華な夏の首都でした。ウルジート・スームの中心部から南西に9kmに位置しています。,鲁特市或伦赞 - 第一个蒙古国家匈奴帝国的首都。卢特城是当时国王和贵族奢华的避暑都城。它位于Ulziit soum中心西南9公里处。,"Город Луут или Лунь Чан — столица первого монгольского государства, империи гуннов. Город Луут в то время был роскошной летней столицей королей и знати. Расположен в 9 км к юго-западу от центра сума Улзийт."
10,3,Шашны дурсгалт газар,Алтан зуу хийд,Altan Zuu Monastery,Архангай,Arkhangai,Өлзийт,Ulziit,48.09831,102.55636,Өлзийн сумын төвд оршино.,It is located in the center of Ulziin soum.,https://www.dropbox.com/scl/fi/dquslv6bzkn6c8jukr0kl/.jpg?rlkey=1zzxerwm691i8k5tsseqv4dag&raw=1,알탄 주 수도원,アルタン・ズー修道院,阿尔坦祖修道院,Монастырь Алтан Зуу,울진솜의 중심에 위치하고 있습니다.,ウルジン・スームの中心部に位置しています。,它位于Ulziin soum 的中心。,Он расположен в центре сума Ульзийн.
11,1,Байгалийн үзэсгэлэнт газар,Мөст агуй,Ice Cave,Архангай,Arkhangai,Тариат,Tariat,48.17204,99.82978,Тариат сутын төвөөс баруун хойд зүгт 5 км зайтай оршино.,It is located 5 km northwest of the center of Tariat.,https://www.dropbox.com/scl/fi/p3yzdle4txnqessxzmm08/.jpg?rlkey=0zn3bzd758dvpzcqmta2zh6je&raw=1,얼음 동굴,氷の洞窟,冰洞,Ледяная пещера,타리아트(Tariat) 중심에서 북서쪽으로 5km 떨어진 곳에 위치해 있다.,タリアットの中心部から北西に 5 km に位置します。,它位于塔里亚特市中心西北5公里处。,Он расположен в 5 км к северо-западу от центра Тариата.
12,1,Байгалийн үзэсгэлэнт газар,Мэлхий хад,Frog Rock,Архангай,Arkhangai,Тариат,Tariat,48.18113,99.78851,Тариат сутын төвөөс баруун хойд зүгт 11 км зайтай оршино.,It is located 11 km northwest of the city center.,https://www.dropbox.com/scl/fi/2fysatbpfjcb9151a4r44/1.jpg?rlkey=yztpqhr3higepa1pes9olp3ki&raw=1,개구리바위,カエル岩,青蛙岩,Лягушачья скала,시내 중심에서 북서쪽으로 11km 떨어져 있다.,Error 500 (Server Error)!!1500.That’s an error.There was an error. Please try again later.That’s all we know.,位于市中心西北11公里处。,Он расположен в 11 км к северо-западу от центра города.
13,1,Байгалийн үзэсгэлэнт газар,Өгий нуур,Ugii Lake,Архангай,Arkhangai,Өгийнуур,Ogiinur,47.77405,102.783,"25 хавтгай дөрвөлжин километр талбайтай нуур. 7 километр урт, 5 километр өргөн. Хамгийн гүнзгий газартаа 15 метр орчим. Далайн төвшнөөс дээш 1337 метр өргөгдсөн. Өгийнуур сумын төвөөс зүүн хойд зүгт 24 км зайтай оршино.","Lake with an area of ​​25 square kilometers. 7 kilometers long, 5 kilometers wide. About 15 meters at its deepest point. Elevated 1337 meters above sea level. Located 24 km northeast of the center of Ugiinuur soum.",https://www.dropbox.com/scl/fi/6kyr7ad34a6ag2q8e499u/Ugiilake.jpg?rlkey=lp4khy3wthubsefu79crwclr5&raw=1,우기이 호수,ウギー湖,乌吉湖,Озеро Угий,"면적이 25평방킬로미터인 호수. 길이 7km, 폭 5km. 가장 깊은 곳은 약 15미터. 해발 1337m 높이. Ugiinuur soum 중심에서 북동쪽으로 24km 떨어져 있습니다.",面積25平方キロメートルの湖。長さ7キロメートル、幅5キロメートル。最深部で約15メートル。標高1337メートル。ウギイヌール ソムの中心部から北東 24 km に位置します。,湖面积25平方公里。长7公里，宽5公里。最深处约15米。海拔1337米。位于乌吉努尔苏姆中心东北24公里处。,"Озеро площадью 25 квадратных километров. Длина 7 километров, ширина 5 километров. В самой глубокой точке около 15 метров. Возвышается на 1337 метров над уровнем моря. Расположен в 24 км к северо-востоку от центра сума Угийнуур."
14,1,Байгалийн үзэсгэлэнт газар,Суварга хайрхан уул (3179м),Suvarga Khairkhan Mountain,Архангай,Arkhangai,Цэнхэр,Tsenkher,47.05601,101.36538,"Суварга хайрхан уул нь хормойгоороо ой модоор хучигдсан, нүцгэн оройтой, ноён оргилоосоо доош уулын энгэр талдаа тунгалаг нууртай, завилаад сууж буй хүн шиг сонин тогтоц бүхий уул юм. ","Suvarga Khairkhan Mountain is a mountain with a bare peak, covered with forests along its slopes, and a clear lake on the slopes below its peak, with a curious shape resembling a man sitting cross-legged.",https://www.dropbox.com/scl/fi/x4szah8x9x9yuq1jfkwee/.jpg?rlkey=d5luxwwj69fnqksr2pp972a4s&raw=1,수바르가 카이르칸 산,スヴァルガ・ハイルカン山,苏瓦尔加凯尔汗山,Гора Суварга Хайрхан,"수바르가 카이르칸산(Suvarga Khairkhan Mountain)은 맨 봉우리가 있고 경사면을 따라 숲이 우거져 있으며, 정상 아래 경사면에는 맑은 호수가 있어 다리를 꼬고 앉아 있는 사람과 같은 기이한 모양을 하고 있는 산입니다.",スヴァルガ・ハイルカーン山は、裸の頂上を持ち、斜面に沿って森林に覆われ、頂上の下の斜面には透明な湖がある山で、あぐらをかいて座っている男性に似た奇妙な形をしています。,苏瓦尔加凯尔汗山是一座山峰光秃秃的山峰，山坡上长满了森林，峰下山坡上有一个清澈的湖泊，形状奇特，像一个盘腿而坐的人。,"Гора Суварга Хайрхан — гора с голой вершиной, покрытой лесом по склонам, и чистым озером на склонах ниже ее вершины, причудливой формой напоминающей человека, сидящего, скрестив ноги."
15,2,Түүхийн дурсгалт газар,Сайрын овоо,Sairyn Ovoo,Архангай,Arkhangai,Цэнхэр,Tsenkher,47.43879,101.62623,Цэнхэр сумын төвөөс баруун зүгт 10 км зайтай оршино.,It is located 10 km west of the center of Tsenkher soum.,https://www.dropbox.com/scl/fi/owrh6lu8b2y25a11xx7ah/.jpg?rlkey=he6r7fg7ejk081jw4jsgqwk5w&raw=1,사이린 오부,サイリン・オヴォー,赛琳·奥沃,Сэйрин Овоо,Tsenkher soum 중심에서 서쪽으로 10km 떨어져 있습니다.,ツェンケル ソムの中心部から西​​に 10 km に位置します。,它位于Tsenkher soum中心以西10公里处。,Он расположен в 10 км к западу от центра сомона Ценхер.
16,2,Түүхийн дурсгалт газар,Шивээт улаан Архангай,Shiveet Ulaan Ruin,Архангай,Arkhangai,Цэнхэр,Tsenkher,47.07073,102.07087,Цагаан сүмийн голын хойд эрэгт оршино.,It is located on the north bank of the White Mosque River.,,시비트 울란 유적,シヴィート・ウラーン遺跡,希维特乌兰遗址,Руины Шивеет-Улаан,화이트 모스크 강의 북쪽 기슭에 위치하고 있습니다.,ホワイト モスク川の北岸に位置します。,它位于白色清真寺河北岸。,Он расположен на северном берегу реки Белая Мечеть.
17,1,Байгалийн үзэсгэлэнт газар,Тайхар чулуу,Taikhar Rock,Архангай,Arkhangai,Ихтамир,Ikhtamir,47.6005,101.25363," Хойд Тамир голын эрэгт байрлах Тайхар чулуу нь аймгийн төвөөс 20 км зайд оршдог, 16 метр өндөр эгц боржин чулуун цохио юм. Энэхүү гайхалтай чулууг бий болсон талаар олон домог бий.","Located on the banks of the Northern Tamir River, Taikhar Rock is a steep granite cliff 16 meters high, located 20 kilometers from the provincial center. There are many legends about the formation of this amazing rock.",https://www.dropbox.com/scl/fi/13w5rhok9mrec1q7xcw3x/TaikharRock.jpg?rlkey=kvu79r3r0hzbgxzncn54m2hgy&raw=1,타이카르 록,タイカール ロック,泰卡岩,Тайхар Рок,북부 타미르강 유역에 위치한 타이하르 바위는 지방 중심지에서 20km 떨어진 높이 16m의 가파른 화강암 절벽입니다. 이 놀라운 암석의 형성에 관한 많은 전설이 있습니다.,北タミール川のほとりに位置するタイハール ロックは、州の中心部から 20 キロ離れた高さ 16 メートルの花崗岩の切り立った崖です。この素晴らしい岩の形成については多くの伝説があります。,泰哈尔岩位于北塔米尔河畔，是一座高16米的陡峭花岗岩悬崖，距省中心20公里。关于这块神奇岩石的形成有许多传说。,"Расположенная на берегу реки Северный Тамир скала Тайхар представляет собой отвесную гранитную скалу высотой 16 метров, расположенную в 20 километрах от областного центра. Об образовании этой удивительной скалы ходит множество легенд."
18,1,Байгалийн үзэсгэлэнт газар,Тамирын гол,Tamir River,Архангай,Arkhangai,Өгийнуур,"Ogiinur, Ikhtamir, Battsengel, Ugiinuur, Bulgan, Tsenkher",47.76034,102.51995,"Урд, Хойд Тамирын голууд нийлэн Тамирын гол нэртэйгээр зүүн зүгт  урсан Өгий нуурт цутгана.","The South and North Tamir rivers merge and flow into Lake Ogii, which flows eastward under the name Tamir.",https://www.dropbox.com/scl/fi/dcsqnd5pvyhfw19dwigc7/.jpg?rlkey=rq8cmolma4afprfenfwj05tul&raw=1,타미르 강,タミール川,塔米尔河,Река Тамир,남강과 북타미르 강은 합류하여 오기 호수(Ogii Lake)로 흘러들어 타미르(Tamir)라는 이름으로 동쪽으로 흐른다.,南タミール川と北タミール川は合流してオギイ湖に流れ込み、タミール川という名前で東に流れます。,南、北塔米尔河汇合流入奥吉湖，湖水以塔米尔之名向东流淌。,"Реки Южный и Северный Тамир сливаются и впадают в озеро Огий, которое течет на восток под названием Тамир."
19,1,Байгалийн үзэсгэлэнт газар,Тэрхийн цагаан нуур,Terkhiin Tsagaan Lake,Архангай,Arkhangai,Тариат,Tariat,48.16129,99.72011,"Хоргын тогооны дэргэд байрлах цэнгэг уст нуур. Хангайн нуруунаас эх авсан Хойд, Урд Тэрхийн голын урсгал Хорго галт уулын халуун хайлмал бодист боогдон үүсчээ.","A freshwater lake located near the Khorgo crater. The North and South Terkh rivers, originating in the Khangai Mountains, were formed by the hot molten material of the Khorgo volcano.",https://www.dropbox.com/scl/fi/scpuie9gev6fiuhujrpw5/Terkhiinlake.jpg?rlkey=0wh36erf7gnapyniq8f0t4lsx&raw=1,테르킨 차간 호수,テルヒン・ツァガーン湖,特尔欣察干湖,Озеро Терхийн Цагаан,코르고 분화구 근처에 위치한 담수호입니다. 항가이 산맥(Khangai Mountains)에서 발원한 남북 테르흐 강(North Terkh River)은 호르고(Khorgo) 화산의 뜨겁고 녹은 물질에 의해 형성되었습니다.,ホルゴ火口の近くにある淡水湖。ハンガイ山脈を源流とする北テルフ川と南テルフ川は、ホルゴ火山の高温の溶融物質によって形成されました。,位于霍尔戈火山口附近的淡水湖。北捷尔赫河和南捷尔赫河发源于杭爱山脉，由霍尔戈火山的炽热熔融物质形成。,"Пресноводное озеро, расположенное недалеко от кратера Хорго. Реки Северный и Южный Терх, берущие начало в Хангайских горах, образовались горячим расплавленным материалом вулкана Хорго."
20,1,Байгалийн үзэсгэлэнт газар,Хануй гол,Khanui River,Архангай,Arkhangai,Өндөр-Улаан,"Chuluut, Ikhtamir, Undur-Ulaan, Erdenemandal, Tsetserleg, Khairkhan",48.02396,101.03394,"Архангай аймгийн нутгаар Хангайн нуруунаас эх авч зүүн хойшоо 421 км урсаад Сэлэнгэ мөрөнд нийлдэг. Хануй, Хүнүй голын бэлчирээс доошлох тусам 20-30 метр гүн эгц хүрмэн хавцал дундуур урсана. ","It originates in the Khangai Range in Arkhangai Province and flows northeast for 421 km before joining the Selenge River. As it descends from the confluence of the Khanui and Khunui rivers, it flows through steep, 20-30 meter deep gorges.",https://www.dropbox.com/scl/fi/6b2lth1xkt8bzadvhqed6/.jpg?rlkey=p4of6u11n3d7h8y822g32zf93&raw=1,카누이 강,ハヌイ川,卡努伊河,Река Хануй,아르항가이 지방의 항가이 산맥에서 발원하여 북동쪽으로 421km를 흐르다가 셀렝게 강에 합류합니다. 카누이강과 쿠누이강의 합류점에서 내려오면서 깊이 20~30m의 가파른 협곡을 통과해 흐른다.,アルハンガイ県のハンガイ山脈に源を発し、北東に 421 km 流れ、その後セレンゲ川に合流します。ハヌイ川とクヌイ川の合流点から流れ、深さ 20 ～ 30 メートルの急峻な渓谷を流れます。,发源于阿尔杭爱省杭爱山脉，向东北流421公里，注入色楞格河。从卡努伊河 (Khanui River) 和库努伊河 (Khunui River) 交汇处顺流而下，流经 20-30 米深的陡峭峡谷。,"Берет начало на Хангайском хребте в Архангайской области и течет на северо-восток на протяжении 421 км, прежде чем впадает в реку Селенга. Спускаясь от места слияния рек Хануи и Хунуй, он течет по крутым ущельям глубиной 20-30 метров."
21,2,Түүхийн дурсгалт газар,Хар балгас,Khar Balgas Ruin ,Архангай,Arkhangai,Хотонт,Khotont,47.4313,102.65975,Төв Азийн нүүдэлч ард түмний дунд МЭ VIII-IХ зууны үед ээлжит төр улсаа байгуулан 100 орчим жил оршин тогтнож байсан Уйгурын хаант улсын нийслэл Орду балык буюу нутгийнхны нэршлээр Хар балгас гэдэг их хотын туурь  Хархориноос зүүн хойш 40 км-т Орхоны хөндийд байдаг.,"The ruins of the great city of Ordu Balyk, or Khar Balgas as the locals call it, the capital of the Uyghur Khanate, which was a nomadic people of Central Asia that established its own state in the 8th-9th centuries AD and existed for about 100 years, are located 40 km northeast of Kharkhorin in the Orkhon Valley.",https://www.dropbox.com/scl/fi/220zxyzkegu9sk9pg5tsd/.jpg?rlkey=t52wgv0bik45cyxoe8bx2bjb7&raw=1,카르 발가스 폐허,カール・バルガス遺跡,卡尔巴尔加斯遗址,Руины Хар Балгаса,"위구르 칸국의 수도인 오르두 발릭(Ordu Balyk) 또는 지역 주민들이 카르 발가스(Khar Balgas)라고 부르는 대도시의 유적은 서기 8~9세기에 자신의 국가를 설립하고 약 100년 동안 존재했던 중앙아시아 유목민으로, 카르코린에서 북동쪽으로 40km 떨어진 오르콘 계곡(Orkhon Valley)에 위치해 있습니다.",オルドゥ・バリク、または地元の人々がハル・バルガスと呼ぶ大都市の遺跡は、西暦8世紀から9世紀に独自の国家を設立し、約100年間存在した中央アジアの遊牧民族であるウイグル・ハン国の首都であり、ハルホリンの北東40kmのオルホン渓谷に位置しています。,奥尔都巴力克（当地人称其为哈巴尔嘎斯）伟大城市的遗址位于鄂尔浑河谷哈尔和林东北 40 公里处，是中亚游牧民族维吾尔汗国的首都，于公元 8 至 9 世纪建立了自己的国家，存在了约 100 年。,"В 40 км к северо-востоку от Хархорина в долине Орхона расположены руины великого города Орду-Балык, или Хар-Балгас, как его называют местные жители, столицы Уйгурского ханства, кочевого народа Средней Азии, создавшего собственное государство в VIII-IX веках нашей эры и просуществовавшего около 100 лет."
22,1,Байгалийн үзэсгэлэнт газар,Цагаан сүмийн халуун рашаан,White Temple Hot Springs,Архангай,Arkhangai,Хотонт,Khotont,47.06708,102.09899,Хотонт сумын төвөөс баруун өмнө зүгт 46 км зайтай оршино.,It is located 46 km southwest of the center of Khotont soum.,https://www.dropbox.com/scl/fi/9brxd4gvocvjho3yn9ysk/.jpg?rlkey=m5xa4b6ry2st1m97nubdttxef&raw=1,화이트 템플 온천,ホワイトテンプル温泉,白庙温泉,Горячие источники Белая мечеть,Khotont soum 중심에서 남서쪽으로 46km 떨어져 있습니다.,コトント・スムの中心部から南西に46kmに位置しています。,它位于Khotont soum中心西南46公里处。,Расположен в 46 км к юго-западу от центра сомона Хотонт.
23,1,Байгалийн үзэсгэлэнт газар,Хорго уул,Khorgo Mountain,Архангай,Arkhangai,Тариат,Tariat,48.18629,99.85693,Одоогоос 9 мянга орчим жилийн өмнө дэлбэрч байгаад унтарсан галт уул юм. Далайн түвшнээс дээш 2240 метрийн өндөр бөгөөд  Тариат сумын төөөс баруун хойд зүгт 4 км зайтай оршино.,"It is a dormant volcano that erupted about 9,000 years ago. It is 2,240 meters above sea level and is located 4 km northwest of Tariat soum.",https://www.dropbox.com/scl/fi/4085jwtnb3atpiitt3rm1/Khorgo.jpg?rlkey=kbvf7dujt7940bkzdct4ms6qs&raw=1,코르고 산,ホルゴ山,霍尔果山,Гора Хорго,"약 9,000년 전에 폭발한 휴화산이다. 해발 2,240m이며 타리아트 솜(Tariat soum)에서 북서쪽으로 4km 떨어진 곳에 위치해 있다.","約9,000年前に噴火した休火山です。海抜 2,240 メートル、タリアット ソムの北西 4 km に位置します。","这是一座休眠火山，大约9000年前爆发过。它海拔2,240米，位于塔里亚特苏姆西北4公里处。","Это спящий вулкан, извергавшийся около 9000 лет назад. Он находится на высоте 2240 метров над уровнем моря и расположен в 4 км к северо-западу от сума Тариат."
24,1,Байгалийн үзэсгэлэнт газар,Хөдөө нуур(Архангай),Khuduu Lake(Arkhangai),Архангай,Arkhangai,Тариат,Tariat,48.16511,99.53246,Тэрхийн цагаан нуурын баруун талд 2.5 км зйтай далайн түвшнээс дээш 2061 метр өндөрт оршино   оршино.,"It is located on the west side of Lake Terkhin, 2.5 km long, at an altitude of 2061 meters above sea level.",https://www.dropbox.com/scl/fi/vgx9lrlbo6rndgv28av5a/2.jpg?rlkey=z44sm2wzj8clg2x3mr400a072&raw=1,쿠두 호수,クドゥ湖,库杜湖,Озеро Худуу,"길이 2.5km, 해발 2061m의 테르킨 호수 서쪽에 위치해 있다.",テルヒン湖の西側、長さ 2.5 km、標高 2061 メートルに位置します。,它位于特尔欣湖西侧，长2.5公里，海拔2061米。,"Он расположен на западном берегу Терхина озера, длиной 2,5 км, на высоте 2061 метр над уровнем моря."
25,2,Түүхийн дурсгалт газар,Хөшөө цайдам музей,Khushuu Tsaidam Museum,Архангай,Arkhangai,Хашаат,Fence,47.56083,102.84082,"Монгол Улсын Засгийн газрын 2010 оны 32-р тоот тогтоолоор Монгол Улсын нутаг дэвсгэр дээр оршиж байсан Түрэгийн хаант улсын түүх, соёлтой холбогдол бүхий хосгүй үнэт эд өлгийн зүйл, олдворыг хадгалж хамгаалах, судлах, сурталчилах үүрэг бүхий Хөшөө Цайдам музей байгуулагдсан юм. Музей нь байнгын үзэсгэлэнгийн танхим, түр үзэсгэлэнгийн танхим болон гадна үзэсгэлэнгийн талбайтай.","The Hushöö Tsaydam Museum was established by the Mongolian Government Decree No. 32 of 2010, with the mission of preserving, studying, and promoting unique valuable artifacts and finds related to the history and culture of the Turkic Khanate that existed on the territory of Mongolia. The museum has a permanent exhibition hall, a temporary exhibition hall, and an outdoor exhibition area.",https://www.dropbox.com/scl/fi/h1xf9khhwfdl0395niskb/.jpg?rlkey=y09dn496ixyhkx0nvqcq36gfl&raw=1,쿠슈 차이담 박물관,クシュウ・サイダム博物館,胡舒·柴达姆博物馆,Музей Хушуу Цайдама,"Hushöö Tsaydam 박물관은 2010년 몽골 정부 법령 제32호에 따라 몽골 영토에 존재했던 투르크 칸국의 역사와 문화와 관련된 독특하고 귀중한 유물과 발견물을 보존, 연구 및 홍보하는 사명으로 설립되었습니다. 박물관에는 상설 전시실, 임시 전시실, 야외 전시장이 있습니다.",フショー・ツァイダム博物館は、モンゴル領土に存在したチュルク・ハン国の歴史と文化に関するユニークで貴重な遺物や出土品を保存、研究、促進することを目的として、2010年のモンゴル政府令第32号により設立されました。博物館には常設展示室、企画展示室、屋外展示場があります。,Hushöö Tsaydam 博物馆是根据蒙古政府 2010 年第 32 号法令设立的，其使命是保存、研究和推广蒙古境内存在的与突厥汗国历史和文化相关的独特珍贵文物和发现。博物馆设有常设展厅、临时展厅、室外展区。,"Музей Хусёо Цайдам был создан Постановлением Правительства Монголии № 32 от 2010 года с миссией сохранения, изучения и популяризации уникальных ценных артефактов и находок, связанных с историей и культурой Тюркского ханства, существовавших на территории Монголии. В музее есть постоянный выставочный зал, временный выставочный зал и открытая выставочная площадка."
26,1,Байгалийн үзэсгэлэнт газар,Хунт нуур,Swan Lake,Архангай,Arkhangai,Тариат,Tariat,48.07585,99.51652,"Тэрхийн цагаан нуурын баруун өмнө зүгт 6.5 км  зайтай, далайн түшвнээс дээш 2060 метрийн өндөрт оршино.","It is located 6.5 km southwest of Lake Terkhin Tsagaan and at an altitude of 2,060 meters above sea level.",https://www.dropbox.com/scl/fi/77mwrxpat7z5uyb4ef93o/.jpg?rlkey=9cg8fzljx5w5ksz267jswwonq&raw=1,백조의 호수,白鳥の湖,天鹅湖,Лебединое озеро,"Terkhin Tsagaan 호수에서 남서쪽으로 6.5km, 해발 2,060m에 위치해 있습니다.","テルヒン ツァガーン湖の南西 6.5 km、標高 2,060 メートルに位置します。",位于捷尔欣察干湖西南6.5公里处，海拔2060米。,"Оно расположено в 6,5 км к юго-западу от озера Терхин Цагаан и на высоте 2060 метров над уровнем моря."
27,1,Байгалийн үзэсгэлэнт газар,Даваа нуур,Davaa Lake,Архангай,Arkhangai,Цахир,Tsakhir,48.19057,98.76585,Далайн түвшнээс дээш 2465 метр өндөрт орших нуур.,The lake is located at an altitude of 2465 meters above sea level.,https://www.dropbox.com/scl/fi/u98gwva7c6axr2970180q/.jpg?rlkey=f478vlc5gkuy90qyo5s6fk1zi&raw=1,다바 호수,ダヴァ湖,ダヴァ湖,Озеро Даваа,호수는 해발 2465m의 고도에 위치하고 있습니다.,湖は海抜 2465 メートルの高地にあります。,该湖海拔2465米。,Озеро расположено на высоте 2465 метров над уровнем моря.
28,3,Шашны дурсгалт газар,Цахирын 2 шүтээн,Tsakhir Two Monks Stupa,Архангай,Arkhangai,Цахир,Tsakhir,48.09223,98.73099,"Суварган дотор Тойн-Эрдэнэ Чүлтэмжамц буюу Өвгөн Гэсэр лам, түүний шавь Цорж-аграмба Санжжав нарын “занданшсан шарил” буй бөгөөд эдгээрийг ХОС ОРШИНОЛ хэмээн нэрлэжээ. ","Inside the stupa are the “buried remains” of Toin-Erdene Chultemjamts, or Old Geser Lama, and his disciple Tsorj-agramba Sanjjav, which are called DOUBLE RESIDENCES.",https://www.dropbox.com/scl/fi/mminvcqzh63nzubzu5tt6/2.jpg?rlkey=bbo59ibfyoshwhczoe0vck05o&raw=1,차키르 두 승려 스투파,ツァキルの二人の僧侶の仏塔,查基尔二僧舍利塔,Ступа двух монахов Цахир,"stupa 안에는 Toin-Erdene Chultemjamts 또는 Old Geser Lama와 그의 제자 Tsorj-agramba Sanjjav의 ""매장된 유적""이 있습니다.",仏塔の中には、トーイン・エルデネ・チュルテムジャムツ家、またはゲゼル・ラマ老とその弟子ツォルジュ・アグランバ・サンジャブの「埋葬された遺体」が納められています。,佛塔内埋藏着托因额尔德尼楚丹杰姆（Toin-Erdene Chultemjamts）或老格色喇嘛（Old Geser Lama）及其弟子措吉阿格拉巴桑贾夫（Tsorj-agramba Sanjjav）的“遗骸”。,"Внутри ступы покоятся «погребенные останки» Тоин-Эрдэне Чултемджамца, или Старого Гэсэр-ламы, и его ученика Цордж-аграмбы Санджава."
29,1,Байгалийн үзэсгэлэнт газар,Чулуутын гол,Chuluut River,Архангай,Arkhangai,"Тариат, Чулуут, Өндөр-Улаан","Tariat, Chuluut, Undur-Ulaan",48.15943,100.30425,"Чулуут голын урт 415км. Энэ гол Хангайн нурууны хамгийн өндөр хэсгээс эх авдаг учраас унал их, урсгал хурдтай уулын гол юм. ","The Chuluut River is 415 km long. It originates from the highest part of the Khangai Mountains, making it a mountain river with a high gradient and fast flow.",https://www.dropbox.com/scl/fi/xprl0gyzzsnv1bd3w84o4/.jpg?rlkey=2dkksyd504vmwc2a9wy1wkvx0&raw=1,출루트 강,チュルート川,楚鲁特河,Река Чулуут,출루우트 강의 길이는 415km이다. 항가이산맥의 가장 높은 곳에서 발원하여 경사도가 높고 유속이 빠른 산악강이다.,チュルート川の長さは 415 km です。ハンガイ山脈の最上部に源を発しており、勾配が大きく流れが速い山岳地帯の川です。,楚鲁特河全长415公里。它发源于杭爱山脉最高处，是一条坡度高、流速快的山区河流。,"Длина реки Чулуут составляет 415 км. Берёт начало в самой высокой части Хангайских гор, что делает её горной рекой с большим уклоном и быстрым течением."
30,1,Байгалийн үзэсгэлэнт газар,Чулуутын хавцал,Chuluut Canyon,Архангай,Arkhangai,Өндөр-Улаан,Undur-Ulaan,48.13213,100.27831,Чулуут гол нь Тээлийн голын адгаас доош Ацатын горхины адаг хүртэл 100 орчим км газарт 40-60 орчим м гүн хүрмэн чулуун хавцал үүсгэж урсана.,"The Chuluut River flows for about 100 kilometers from the mouth of the Teeli River to the mouth of the Atsat Stream, creating a 40-60 m deep rocky gorge.",https://www.dropbox.com/scl/fi/joyb1bg3wevy1kihv01mr/.jpg?rlkey=j3gwxw8x0rfgl49k31blni2fk&raw=1,출루트 캐년,チュルウト渓谷,楚鲁特峡谷,Чулуутский каньон,출루우트 강(Chuluut River)은 틸리(Teeli) 강 어귀에서 앗사트(Atsat) 하천 어귀까지 약 100km를 흐르며 깊이 40~60m의 바위 협곡을 형성합니다.,チュルウト川は、ティーリ川の河口からアトサット川の河口まで約 100 キロメートルにわたって流れ、深さ 40 ～ 60 メートルの岩の多い峡谷を形成しています。,楚鲁特河从提利河口流向阿萨特河口，全长约100公里，形成了40-60米深的岩石峡谷。,"Река Чулуут протекает на протяжении около 100 километров от устья реки Теели до устья ручья Ацат, образуя скалистое ущелье глубиной 40-60 метров."
31,1,Байгалийн үзэсгэлэнт газар,Шар нохойн там,Shar Nokhoin Tam,Архангай,Arkhangai,Тариат,Tariat,48.17286,99.82929,Тариат сутын төвөөс баруун хойд зүгт 5 км зайтай оршино.,It is located 5 km northwest of the center of Tariat.,https://www.dropbox.com/scl/fi/sy497wahg3sc3a7osk3ft/.jpg?rlkey=6nyvzkqhdhzhdks8a4ktbmcka&raw=1,샤 녹호인 탐,シャール・ノクホイン・タム,沙尔·诺科因·谭,Шар Нохоин Там,타리아트(Tariat) 중심에서 북서쪽으로 5km 떨어진 곳에 위치해 있다.,タリアットの中心部から北西に 5 km に位置します。,它位于塔里亚特市中心西北5公里处。,Он расположен в 5 км к северо-западу от центра Тариата.
32,1,Байгалийн үзэсгэлэнт газар,Шивэртийн нуур,Shivert Lake,Архангай,Arkhangai,Тариат,Tariat,48.1096,99.17569,"Тэрхийн цагаан нуурын баруун зүгт 32 км  зайтай, далайн түшвнээс дээш 2050 метрийн өндөрт оршино.","It is located 32 km west of Lake Terkhin Tsagaan and at an altitude of 2,050 meters above sea level.",https://www.dropbox.com/scl/fi/14ct8roinr4kb0vg1lg9i/.jpg?rlkey=4untz6ee7f8p4dtixicdqc51f&raw=1,쉬버트 호수,シバート湖,希弗特湖,Озеро Шиверт,"Terkhin Tsagaan 호수에서 서쪽으로 32km, 해발 2,050m에 위치해 있습니다.","テルヒン ツァガーン湖の西 32 km、標高 2,050 メートルに位置します。",位于捷尔欣察干湖以西32公里处，海拔2050米。,Он расположен в 32 км к западу от озера Терхин Цагаан и на высоте 2050 метров над уровнем моря.
33,3,Шашны дурсгалт газар,Чулуутын хийдийн туурь,Ruins of Chuluut Monastery,Архангай,Arkhangai,Чулуут,Chuluut,47.86282,100.33743,Чулуут сумын төвөөс зүүн хойд зүгт 44 орчим км затай оршино.,It is located about 44 kilometers northeast of the center of Chuluut soum.,https://www.dropbox.com/scl/fi/u5pi616cdrgx0hciqfpmn/.jpg?rlkey=pem1rm0obbzpwht9h7xdvn76a&raw=1,출루트 수도원 유적,チュルート修道院の遺跡,楚鲁特修道院遗址,Руины монастыря Чулуут,Chuluut soum 중심에서 북동쪽으로 약 44km 떨어져 있습니다.,チュルート・スームの中心部から北東約44キロメートルに位置する。,它位于楚鲁特苏姆中心东北约44公里处。,Он расположен примерно в 44 километрах к северо-востоку от центра Чулуутского сума.
34,1,Байгалийн үзэсгэлэнт газар,Халуун-Ус рашаан,Hot Water Spring,Архангай,Arkhangai,Чулуут,Chuluut,47.75654,100.24363,Чулуут сумын Халуун-Ус багийн нутагт байдаг халуун рашаан,Hot springs in the Khaluun-Us Bag area of ​​Chuluut soum,,온천,温泉,温泉,Горячий источник,출루우트 숨(Chuluut soum) 칼룬-어스 백(Khaluun-Us Bag) 지역의 온천,チュルート・スームのカルーン・ウス・バッグ地区にある温泉,Chuluut soum Khaluun-Us Bag 地区的温泉,Горячие источники в районе Халуун-Ус Баг сума Чулуут
35,3,Шашны дурсгалт газар,Бага наран суварга,Baga Naran stupa,Архангай,Arkhangai,Чулуут,Chuluut,47.73031,100.26335,Эрдэм чадалтай Нарангийн Шоовой багш түүний шавь Ширээт гэгээн нарын амьдарч байсан газар. Чулуут сумын төвөөс хойд зүгт 30 км зайтай оршино. ,The place where the learned Naranian Shoovoy and his disciple Shireet Gegegen Lama lived. It is located 30 km north of the center of Chuluut soum.,,바가 나란,バガ・ナラン,巴加纳兰,Бага Наран,학식 있는 Naranian Shoovoy와 그의 제자 Shireet Gegegen Lama가 살았던 곳. Chuluut soum 중심에서 북쪽으로 30km 떨어져 있습니다.,博学なナラニアン・シューヴォイとその弟子シリート・ゲゲゲン・ラマが住んでいた場所。チュルート・スームの中心部から北に30kmに位置しています。,博学的纳兰尼安·舒沃伊（Naranian Shoovoy）和他的弟子希里特·格格根·喇嘛（Shireet Gegegen Lama）居住的地方。它位于楚卢特苏姆中心以北30公里处。,"Место, где жили учёный Наранян Шувой и его ученик Ширит Гегеген Лама. Расположен в 30 км к северу от центра Чулуутского сума."
36,3,Шашны дурсгалт газар,Улаан овоо суварга,Ulaan Ovoo Stupa,Архангай,Arkhangai,Чулуут,Chuluut,47.674,100.33014,Чулуут сумын төвөөс зүүн хойд зүгт 20 орчим км затай оршино.,It is located about 20 kilometers northeast of the center of Chuluut soum.,,울란 오보 스투파,ウラン・オヴォー仏塔,乌兰峨眉佛塔,Ступа Улан-Овоо,Error 500 (Server Error)!!1500.That’s an error.There was an error. Please try again later.That’s all we know.,チュルート・スームの中心から北東約20キロメートルに位置する。,它位于楚鲁特苏姆中心东北约20公里处。,Он расположен примерно в 20 километрах к северо-востоку от центра Чулуутского сума.
37,1,Байгалийн үзэсгэлэнт газар,Цогт сүмбэр уул (3348м),Tsogtsumber Mountain (3348m),Архангай,Arkhangai,Чулуут,Chuluut,47.20897,100.11887,Чулуут сумын нутагт орших далайн түвшнээс дээш 3348.4 метр өндөрт орших сүрлэг сайхан хайрхан юм.,"It is a majestic and beautiful mountain located at an altitude of 3,348.4 meters above sea level in Chuluut soum.",https://www.dropbox.com/scl/fi/5wi2jot24ngcwy3hz88zc/.jpg?rlkey=maku4i07rea0s17xo93ju9wsc&raw=1,초그트 숨버 산,ツォグト・スンベル山,特索格特桑伯山,Гора Цогт-Сумбер,"출루웃솜(Chuluut soum) 해발 3,348.4m 높이에 위치한 웅장하고 아름다운 산이다.","チュルート・ソムの標高3,348.4メートルに位置する雄大で美しい山です。",Error 500 (Server Error)!!1500.That’s an error.There was an error. Please try again later.That’s all we know.,"Это величественная и красивая гора, расположенная на высоте 3348,4 метра над уровнем моря в сомоне Чулуут."
38,1,Байгалийн үзэсгэлэнт газар,Хорго Тэрхийн Цагаан Нуур БЦГ,Khorgo Terkhian Tsagaan Nuur Natural Park,Архангай,Arkhangai,Тариат,Tariat,48.20705,99.64969,"Тэрхийн цагаан нуур, Хорго унтарсан галт уулын хосолсон аялал жуулчлалын бүс нутаг",Terkhian Tsagaan Nuur and Khorgo extinct volcano combined tourism area star_border Save translation,https://www.dropbox.com/scl/fi/2se6ysqtmev2opkjxpvbj/.jpg?rlkey=3jenmyr0v18ukn0ue2geyeu7x&raw=1,코르고 테르키안 차가안 누르 자연공원,ホルゴ テルキアン ツァガーン ヌール自然公園,霍尔果·特尔赫安·察干努尔自然公园,Природный парк Хорго Терхян Цагаан Нуур,Terkhian Tsagaan Nuur 및 Khorgo 멸종 화산 결합 관광 지역 Star_Border 번역 저장,テルキアン・ツァガーン・ヌールとホルゴ死火山複合観光地域 Star_Border 翻訳を保存,特尔赫安察干努尔和霍尔果死火山联合旅游区 Star_Border 保存翻译,Объединенная туристическая зона Терхиан Цагаан Нуур и потухшего вулкана Хорго Star_Border Сохранить перевод
39,1,Байгалийн үзэсгэлэнт газар,Орхон гол,Orkhon River,Архангай ,Arkhangai,Өгийнуур,"Ugiinuur, Ulziit",47.63705,102.56669,"Хангайн нурууны Суварга хайрхан (3,179.1 м) уулын өвөр, Хар хуштын давааны (2,670 м ) зүүн өмнөд хажуугаас эх авч 1,149 км урсаад Сэлэнгэ мөрний баруун талаас Сүхбаатар хотын дэргэд нийлдэг бөгөөд Сэлэнгэ мөрний хамгийн том цутгал гол юм.","It originates from the foot of Suvarga Khairkhan (3,179.1 m) mountain in the Khangai Mountains, on the southeastern slope of the Khar Khusht Pass (2,670 m), flows for 1,149 km, and joins the Selenge River from the west near the city of Sukhbaatar, and is the largest tributary of the Selenge River.",https://www.dropbox.com/scl/fi/0faou6rkfx1am608lgxf3/.jpg?rlkey=cyhuoanpqzstkm93vrvhd86h1&raw=1,오르혼 강,オルホン川,鄂尔浑河,Река Орхон,"칸가이산맥의 수바르가 카이르칸(3,179.1m) 산기슭, 카르후슈트 고개(2,670m) 남동쪽 경사면에서 발원해 1,149km를 흐르며, 수흐바타르시 근처 서쪽에서 셀렝게강과 합류하며 셀렝게강의 가장 큰 지류이다.","ハンガイ山脈のスヴァルガ・ハイルハン山（3,179.1m）の麓、ハル・クシュト峠（2,670m）の南東斜面に源を発し、全長1,149kmを流れ、スフバートル市付近で西からセレンゲ川に合流するセレンゲ川最大の支流です。","发源于杭爱山苏瓦尔嘎海尔汗（3,179.1 m）山麓，哈尔库什特山口（2,670 m）东南坡，流长1,149公里，在苏赫巴托尔市附近向西注入色楞格河，是色楞格河最大支流。","Берет начало у подножья горы Суварга Хайрхан (3179,1 м) в Хангайских горах, на юго-восточном склоне перевала Хар Хушт (2670 м), протекает на протяжении 1149 км, впадает в реку Селенга с запада в районе города Сухэ-Батор и является крупнейшим притоком реки Селенги."
40,1,Байгалийн үзэсгэлэнт газар,Их нуур,Ikh Lake,Архангай,Arkhangai,Эрдэнэмандал,Erdenemandal,48.46496,101.36601,Эрдэнэмандал сумын төвөөс урд зүгт 4.5 км зайтай оршино,It is located 4.5 km south of the center of Erdenemandal soum.,https://www.dropbox.com/scl/fi/ww7le475sow26pecqm7u3/.jpg?rlkey=v8fetpupogeo8p9wuv0uhvpd6&raw=1,이크 호수,イク湖,伊赫湖,Озеро Икх,Erdenemandal soum 중심에서 남쪽으로 4.5km 떨어져 있습니다.,エルデネマンダル・スームの中心部から南に4.5kmに位置しています。,它位于埃尔德内曼达尔苏姆中心以南4.5公里处。,"Он расположен в 4,5 км к югу от центра сума Эрдэнемандал."
41,2,Түүхийн дурсгалт газар,Хар хул хааны балгас,Ruins of the Black Khul Khan,Архангай,Arkhangai,Эрдэнэмандал,Erdenemandal,48.47078,101.33113,Эрдэнэмандал сумын төвөөс баруун өмнө зүгт 7 км зайтай оршино.,It is located 7 km southwest of the center of Erdenemandal soum.,https://www.dropbox.com/scl/fi/nf1m3q3a2ejqx4u48sgjt/.jpg?rlkey=gbn94y6da48w3t0vvx0e2ezlw&raw=1,블랙 쿨 칸의 유적,ブラック・クル・カーンの遺跡,黑库尔汗遗址,Руины Чёрного Кхул-хана,Erdenemandal soum 중심에서 남서쪽으로 7km 떨어져 있습니다.,エルデネマンダル・スームの中心部から南西7kmに位置しています。,它位于埃尔德内曼达尔苏姆中心西南7公里处。,Расположен в 7 км к юго-западу от центра сума Эрдэнемандал.
42,1,Байгалийн үзэсгэлэнт газар,Адаг нуур,Adag Lake,Баян-Өлгий,Bayan-Olgii,Ногооннуур,Nogoonnuur,49.51523,89.84679,Цагааннуур багийн төвөөс баруун зүгт 6 км зайтай оршино.,It is located 6 km west of the center of Tsagaannuur.,https://www.dropbox.com/scl/fi/8fr24fgmipeyo3b9cgboo/.jpg?rlkey=sgp1hme7xzpqmw0ial5ys40ys&raw=1,아닥 호수,アダグ湖,阿达格湖,Озеро Адаг,Tsagaannuur에서 서쪽으로 6km 떨어져 있습니다.,ツァガーヌールの南6kmに位置します。,它位于察干努尔以西6公里处。,Он расположен в 6 км к западу от Цагааннуура.
43,1,Байгалийн үзэсгэлэнт газар,Алтай таван богд байгалийн цогцолборт газар,Altai Tavan Bogd National Park,Баян-Өлгий,Bayan-Olgii,Цэнгэл,Tsengel,48.62961,88.53588,Байгалийн цогцолборт газар,National Park,https://www.dropbox.com/scl/fi/du63hmqh4aedhvuqv36q4/.jpg?rlkey=vdkawztvt4qh5ygjq7bsdr710&raw=1,"""알타이 타반 복드"" 자연공원",「アルタイ・タヴァン湿地」自然公園,“阿尔泰塔万博格德”自然公园,Природный парк «Алтай Таван Богд»,국립공원,国立公園,国家公园,Национальный парк
44,1,Байгалийн үзэсгэлэнт газар,Бага түргэний хүрхрээ,Baga Turgen Waterfall,Баян-Өлгий,Bayan-Olgii,Цэнгэл,Tsengel,48.50773,88.36274,Далайн түвшнээс дээш 2400 м өндөрт байдаг хүрхрээ,A waterfall located at an altitude of 2400 m above sea level,https://www.dropbox.com/scl/fi/aaukv315irrwexqpxmvk2/.jpg?rlkey=7g8zsol7fzaff1dxpefav1yws&raw=1,바가 투르겐 폭포,バガ トゥルゲンの滝,巴加图尔根瀑布,Водопад Бага Тургень,해발 2400m 높이에 위치한 폭포,標高2400mの高地にある滝,位于海拔2400米的瀑布,"Водопад, расположенный на высоте 2400 м над уровнем моря."
45,1,Байгалийн үзэсгэлэнт газар,Бага хатуугийн нуур,Baga Khatuu Lake,Баян-Өлгий,Bayan-Olgii,Цэнгэл,Tsengel,49.058,88.389,Цэнгэл сумын төвөөс баруун хойд зүгт 64 км зайтай орших өндөр уулын цэнгэг нуур,A high mountain fresh lake located 64 km northwest of the center of Tsengel soum.,https://www.dropbox.com/scl/fi/ac3c528qvbqh2hieu6ha4/.jpg?rlkey=yksn9nbvsq20hjc0so5m13kzv&raw=1,바가 카투 호수,バガカトゥ湖,巴加卡图湖,Озеро Бага Хатуу,Tsengel soum 중심에서 북서쪽으로 64km 떨어진 곳에 위치한 고산 담수호입니다.,ツェンゲル ソムの中心から北西 64 km に位置する高山の新鮮な湖。,位于岑格尔苏姆中心西北64公里处的高山淡水湖。,"Высокогорное пресное озеро, расположенное в 64 км к северо-западу от центра сомона Цэнгель."
46,1,Байгалийн үзэсгэлэнт газар,Хүйтэн оргил (4374м),Cold peak (4374m),Баян-Өлгий,Bayan-Olgii,Цэнгэл,Tsengel,49.14452,87.81645,Монгол улс ба БНХАУ-ын хил дээр оршино.,It is located on the border of Mongolia and China.,https://www.dropbox.com/scl/fi/0onvywtan5j7j8ljtwe4s/.jpg?rlkey=1ayf0jla87ps5zcy5ri4t61yd&raw=1,콜드 피크,コールドピーク,冷峰,Холодный пик,몽골과 중국의 국경에 위치하고 있습니다.,モンゴルと中国の国境に位置します。,它位于蒙古和中国边境。,Он расположен на границе Монголии и Китая.
47,1,Байгалийн үзэсгэлэнт газар,Найрамдал оргил (4192м),Friendship Peak,Баян-Өлгий,Bayan-Olgii,Цэнгэл,Tsengel,49.15348,87.81249,Далайн түвшнээс дээш 4192 метр өндөрт орших Алтай таван богдын өндөр оргилуудын нэг юм.,"At 4,192 meters above sea level, it is one of the highest peaks of the Altai Mountains.",https://www.dropbox.com/scl/fi/5qfmkklx156kb4gv3zyp2/.jpg?rlkey=h5f6fziw4o2urn20t2sxtna5r&raw=1,우정봉,フレンドシップピーク,友谊之峰,Пик Дружбы,"해발 4,192m로 알타이 산맥의 최고봉 중 하나이다.","標高 4,192 メートルで、アルタイ山脈の最高峰の 1 つです。",海拔4192米，是阿尔泰山最高峰之一。,"Это одна из самых высоких вершин Горного Алтая, высота которой составляет 4192 метра над уровнем моря."
48,1,Байгалийн үзэсгэлэнт газар,Козловын мөсөн гол (баруун),Kozlov Glacier (west),Баян-Өлгий,Bayan-Olgii,Цэнгэл,Tsengel,49.04629,87.84979,Алтай таван богдын томоохон мөсөн гол.,One of the largest glaciers in the Altai Mountains.,https://www.dropbox.com/scl/fi/tmteefff2gfbyhwxrl4yk/.jpg?rlkey=fuzpy3rziizzsz9v048r1fn8n&raw=1,科兹洛夫冰川（西）,コズロフ氷河（西側）,科兹洛夫冰川（西）,Ледник Козлова (запад),알타이 산맥에서 가장 큰 빙하 중 하나.,アルタイ山脈最大の氷河の一つ。,阿尔泰山脉最大的冰川之一。,Один из крупнейших ледников Горного Алтая.
49,1,Байгалийн үзэсгэлэнт газар,Козловын мөсөн гол (зүүн),Kozlov Glacier (left),Баян-Өлгий,Bayan-Olgii,Цэнгэл,Tsengel,49.06531,87.88025,Алтай таван богдын томоохон мөсөн гол.,One of the largest glaciers in the Altai Mountains.,https://www.dropbox.com/scl/fi/gw27ue0a5ltrs4yz7j8tw/.jpg?rlkey=0mqsesed8ekvc77mpfh7qjs1q&raw=1,코즐로프 빙하(왼쪽),コズロフ氷河（左）,科兹洛夫冰川（左）,Ледник Козлова (слева),알타이 산맥에서 가장 큰 빙하 중 하나.,アルタイ山脈最大の氷河の一つ。,阿尔泰山脉最大的冰川之一。,Один из крупнейших ледников Горного Алтая.
50,1,Байгалийн үзэсгэлэнт газар,Певцовын мөсөн гол,Pevtsov Glacier,Баян-Өлгий,Bayan-Olgii,Цэнгэл,Tsengel,49.07838,87.939,Алтай таван богдын томоохон мөсөн гол.,One of the largest glaciers in the Altai Mountains.,https://www.dropbox.com/scl/fi/q52r9kcev364cgvc59lxu/.jpg?rlkey=u41k1wjhv1o8ehm0bo4qu8t7k&raw=1,페브초프 빙하,ペフツォフ氷河,佩夫佐夫冰川,Ледник Певцова,알타이 산맥에서 가장 큰 빙하 중 하나.,アルタイ山脈最大の氷河の一つ。,阿尔泰山脉最大的冰川之一。,Один из крупнейших ледников Горного Алтая.
51,1,Байгалийн үзэсгэлэнт газар,Малчин оргил уул (4051м),Malchin Peak (4051m),Баян-Өлгий,Bayan-Olgii,Улаанхус,Ulaankhus,49.17171,87.87511,Монгол улс ОХУ-ын хил дээр оршино.,It is located on the border of Mongolia and Russia,https://www.dropbox.com/scl/fi/bpczurdw1mdeh5hhoj6kh/.jpg?rlkey=y5s43ioltgpewuuycmbgphh74&raw=1,말친 봉우리,マルチンピーク,马尔钦峰,Пик Малчин,몽골과 러시아 국경에 위치,モンゴルとロシアの国境に位置する,它位于蒙古和俄罗斯边境,Он расположен на границе Монголии и России.
52,1,Байгалийн үзэсгэлэнт газар,Баяннуур (Баян-Өлгий),Bayan Lake (Bayan-Ulgii),Баян-Өлгий,Bayan-Olgii,Баяннуур,Bayannuur,48.83685,90.91247,Баяннуур сумын төв далйн түвшнээс дээш 1577 метр өндөрт байх энэхүү нуурын баруун хойд эрэгт оршино,"The center of Bayannur soum is located on the northwestern shore of this lake, which is 1,577 meters above sea level.",https://www.dropbox.com/scl/fi/f2jldx30rt72me3br39vp/.jpg?rlkey=649wyl3s5rboc9c3lpxhzp0vl&raw=1,바얀 호수,バヤン湖,巴彦湖,Озеро Баян,"Bayannur soum의 중심은 해발 1,577m인 이 호수의 북서쪽 해안에 위치하고 있습니다.","バヤンヌール ソムの中心部は、海抜 1,577 メートルのこの湖の北西岸に位置しています。",巴彦淖尔苏姆湖中心位于该湖西北岸，海拔1577米。,"Центр сума Баяннур расположен на северо-западном берегу этого озера, которое находится на высоте 1577 метров над уровнем моря."
53,1,Байгалийн үзэсгэлэнт газар,Даян нуур,Dayan Lake,Баян-Өлгий,Bayan-Olgii,Сагсай,Sagsai,48.33838,88.84895,Далын түвшнээс дээш 2232 м өндөрт орших цэнгэг нуур улсын хилээс 12.5 км зайтай байна. ,"The freshwater lake, located at an altitude of 2,232 m above sea level, is 12.5 km from the state border.",https://www.dropbox.com/scl/fi/jbjsrof9pw1amb50q55uu/Dayanlake.jpg?rlkey=gmrt0pqach14p7uz0va1bsuk6&raw=1,다얀 호수,大研湖,大研湖,Озеро Даян,"해발 2,232m에 위치한 담수호는 주 경계에서 12.5km 떨어져 있습니다.","この淡水湖は海抜 2,232 m の標高にあり、州境から 12.5 km の距離にあります。",淡水湖海拔2232米，距国境12.5公里。,"Пресноводное озеро, расположенное на высоте 2232 м над уровнем моря, находится в 12,5 км от государственной границы."
54,1,Байгалийн үзэсгэлэнт газар,Дунд нуур,Dund Lake,Баян-Өлгий,Bayan-Olgii,Ногооннуур,Nogoonnuur,49.49834,89.79635,Цагааннуур багийн төвөөс  баруун зүгт 2 км зайтай оршино.,It is located 2 km west of the center of Tsagaannuur.,https://www.dropbox.com/scl/fi/p0aj5emca39by5qepebr6/.jpg?rlkey=hzxszglwxidt5v49x0wc2rcv0&raw=1,던드 레이크,ダンド湖,邓德湖,Озеро Дунд,Tsagaannuur에서 남쪽으로 2km 떨어져 있습니다.,ツァガーヌールの南2kmに位置します。,它位于察干努尔以南2公里处。,Он расположен в 2 км к югу от Цагааннуура.
55,2,Түүхийн дурсгалт газар,Найрамдал толгой,Nairamdal Hill,Баян-Өлгий,Bayan-Olgii,Өлгий,Olgii,48.97838,89.9811,Өлгий хотын эргэн тойрныг харах цэг,Viewpoint overlooking the city of Ulgii,https://www.dropbox.com/scl/fi/4oc8mvhpowt9r9p6g6miq/.jpg?rlkey=pyvbfpmxoegtcckuxenakw8ks&raw=1,나이람달 언덕,ナイラムダルの丘,奈拉姆达尔山,Найрамдал Хилл,울기시가 내려다보이는 전망대,ウルギーの街を見下ろす展望台,俯瞰乌尔盖市的观景台,Смотровая площадка с видом на город Ульгий
56,1,Байгалийн үзэсгэлэнт газар,Мааньт уул (3245м),Maanit Mountain (3245m),Баян-Өлгий,Bayan-Olgii,Цэнгэл,Tsengel,48.88103,87.73477,Монгол улсын хамгийн баруун захын цэг.,The westernmost point of Mongolia.,https://www.dropbox.com/scl/fi/htr3j2opb97x57gkdaras/1.jpg?rlkey=bqhgjilktcg5gchy3km6sntai&raw=1,마닛 산,マアニット山,马尼特山,Гора Мааньт,몽골의 가장 서쪽 지점.,モンゴル最西端。,蒙古国最西端。,Самая западная точка Монголии.
57,1,Байгалийн үзэсгэлэнт газар,Онхотын нуур,Onkhot Lake,Баян-Өлгий,Bayan-Olgii,Цэнгэл,Tsengel,48.69259,88.59157,Далайн түвшнээс дээш 2113 м өндөрт орших цэнгэг нуур,A freshwater lake located 2113 m above sea level,https://www.dropbox.com/scl/fi/g63ogpzm2tag5fztbjicu/.jpg?rlkey=ch2djehuu73rtvfm7lyfbet94&raw=1,온코트 호수,オンコート湖,翁科特湖,Озеро Онхот,해발 2113m에 위치한 담수호,標高2113mに位置する淡水湖,海拔2113米的淡水湖,"Пресноводное озеро, расположенное на высоте 2113 м над уровнем моря."
58,1,Байгалийн үзэсгэлэнт газар,Потанины мөсөн гол,Potanin Glacier,Баян-Өлгий,Bayan-Olgii,Цэнгэл,Tsengel,49.14837,87.91775,"Монголын хамгийн том мөсөн гол бөгөөд 20 км урт, 5 км өргөнтэй байна. ","It is the largest glacier in Mongolia, measuring 20 km long and 5 km wide.",https://www.dropbox.com/scl/fi/n02um3d9ekm4cvlb0mp0u/.jpg?rlkey=5iroaqryr64vqzjztzwc6vgnn&raw=1,포타닌 빙하,ポタニン氷河,波塔宁冰川,Ледник Потанина,"길이 20km, 폭 5km로 몽골에서 가장 큰 빙하이다.",モンゴル最大の氷河で、長さ20km、幅5kmです。,它是蒙古最大的冰川，长20公里，宽5公里。,Это самый крупный ледник Монголии длиной 20 км и шириной 5 км.
59,1,Байгалийн үзэсгэлэнт газар,Загаст нуур,Fish lake,Баян-Өлгий,Bayan-Olgii,Цэнгэл,Tsengel,49.07995,88.51465,Цэнгэл сумын төвөөс баруун хойд зүгт 55 км зайтай орших өндөр уулын цэнгэг нуур,A high mountain fresh lake located 55 km northwest of the center of Tsengel soum,https://www.dropbox.com/scl/fi/dhor98qts4ran65ob7nhv/.jpg?rlkey=12jsaa192tnw3myae04s4ygli&raw=1,물고기 호수,魚のいる湖,鱼湖,Рыбное озеро,Tsengel soum 중심에서 북서쪽으로 55km 떨어진 곳에 위치한 고산 담수호,ツェンゲル・スムの中心部から北西55kmに位置する高山の新鮮な湖,位于 Tsengel soum 中心西北 55 公里处的高山淡水湖,"Высокогорное пресное озеро, расположенное в 55 км к северо-западу от центра сомона Цэнгель."
60,1,Байгалийн үзэсгэлэнт газар,Александрын мөсөн гол,Alexander Glacier,Баян-Өлгий,Bayan-Olgii,Цэнгэл,Tsengel,49.13334,87.89898,Монгол улсын 3 том мөсөн голын нэг юм.,It is one of the three largest glaciers in Mongolia.,https://www.dropbox.com/scl/fi/iczf2zbpjg1zboi95k1me/.jpg?rlkey=r2ebjdue6ig5jdddquaispm81&raw=1,알렉산더 빙하,アレクサンダー氷河,亚历山大冰川,Ледник Александра,몽골 3대 빙하 중 하나이다.,モンゴルの三大氷河の一つです。,它是蒙古三大冰川之一。,Это один из трех крупнейших ледников Монголии.
61,1,Байгалийн үзэсгэлэнт газар,Гранегийн мөсөн гол ,Grane Glacier,Баян-Өлгий,Bayan-Olgii,Цэнгэл,Tsengel,49.10166,87.91543,Монгол улсын 3 том мөсөн голын нэг юм.,It is one of the three largest glaciers in Mongolia.,https://www.dropbox.com/scl/fi/53nwh3lq5vjzbg05zlapm/.jpg?rlkey=tmidn9ddo39ld7sgs3n5sxinc&raw=1,그레인 빙하,グラーネ氷河,格兰冰川,Гранский ледник,몽골 3대 빙하 중 하나이다.,モンゴルの三大氷河の一つです。,它是蒙古三大冰川之一。,Это один из трех крупнейших ледников Монголии.
62,1,Байгалийн үзэсгэлэнт газар,Таван бэлчирийн хүрхрээ,Tavan Belchir Waterfall,Баян-Өлгий,Bayan-Olgii,Баяннуур,Bayannuur,48.74614,90.70546,"Алтанцөгц сумын төвөөс зүүн өмнө зүгт 20 гаруй км, Баяннуур сумын төвөөс баруун урд зүгт 30 км зайтай оршино.",It is located more than 20 km southeast of the center of Altantsugts soum and 30 km southwest of the center of Bayannur soum.,,타반 벨치르 폭포,タヴァン ベルチル滝,塔万贝尔奇瀑布,Водопад Таван Бельчир,"Altantsugts soum 중심에서 남동쪽으로 20km 이상, Bayannur soum 중심에서 남서쪽으로 30km 이상 떨어져 있습니다.",アルタンツグツ ソムの中心部から南東 20 km 以上、バヤンヌール ソムの中心部から南西 30 km に位置しています。,位于阿尔坦苏格特苏姆市中心东南20多公里、巴彦淖尔苏姆市中心西南30公里处。,Расположен более чем в 20 км к юго-востоку от центра сомона Алтанцугц и в 30 км к юго-западу от центра сомона Баяннур.
63,1,Байгалийн үзэсгэлэнт газар,Тал нуур,Tal Lake,Баян-Өлгий,Bayan-Olgii,Дэлүүн,Deluun,48.04951,90.18254,Дэлүүн сумын төвөөс баруун хойд зүгт 55 км зайтай оршино.,It is located 55 km northwest of the center of Deluun soum.,https://www.dropbox.com/scl/fi/bspao3f15lfegwk631phz/.jpg?rlkey=hbcrqrjwnfr3hrehcv6ejb37r&raw=1,탈 레이크,タル・レイク,塔尔湖,Озеро Тал,Deluun soum 중심에서 북서쪽으로 55km 떨어져 있습니다.,デルウン ソムの中心部から北西 55 km に位置します。,它位于德伦苏姆中心西北55公里处。,Расположен в 55 км к северо-западу от центра сума Делуун.
64,1,Байгалийн үзэсгэлэнт газар,Толбо нуур,Tolbo Lake,Баян-Өлгий,Bayan-Olgii,Толбо,Tolbo,48.54871,90.05283,"Толбо сумын төвөөс баруун хойд зүгт 13 км зайд,  далайн түвшнээс дээш 2079 м өндөрт оршино.","It is located 13 km northwest of the center of Tolbo soum, at an altitude of 2,079 m above sea level.",https://www.dropbox.com/scl/fi/rtfyzvl9kqac3134q2wg9/.jpg?rlkey=5nraex4dnixfh2zpevczadrqv&raw=1,톨보 호수,トルボ湖,托尔博湖,Озеро Толбо,"톨보솜 중심에서 북서쪽으로 13km, 해발 2,079m에 위치해 있다.","トルボ ソムの中心部から北西 13 km、標高 2,079 m に位置します。","它位于托尔博苏姆中心西北13公里处，海拔2,079米。","Он расположен в 13 км к северо-западу от центра сума Толбо, на высоте 2079 м над уровнем моря."
65,1,Байгалийн үзэсгэлэнт газар,Дөрөө нуур Баян-Өлгий ,Duruu Lake Bayan-Ulgii,Баян-Өлгий,Bayan-Olgii,Толбо,Tolbo,48.22262,90.65679,Толбо сумын төвөөс зүүн өмнө зүгт 30 км зайтай оршино.,It is located 30 km southeast of the center of Tolbo soum.,https://www.dropbox.com/scl/fi/4cmln7fcqq38cany4f1gt/1.jpg?rlkey=60ribw3kqlfiwur9kbqk1yh2j&raw=1,도로오 호수,レイク・ドゥルー,多鲁湖,Озеро Дору,톨보솜(Tolbo soum) 중심에서 남동쪽으로 30km 떨어진 곳에 위치해 있다.,トルボ ソムの中心部から南東 30 km に位置します。,它位于托尔博苏姆中心东南30公里处。,Расположен в 30 км к юго-востоку от центра сума Толбо.
66,1,Байгалийн үзэсгэлэнт газар,Хар нуур,Black Lake,Баян-Өлгий,Bayan-Olgii,Цэнгэл,Tsengel,48.60974,88.92814,Хурган нуураас зүүн зүгт 15 км зайтай оршино.,It is located 15 km east of Lake Khurgan.,https://www.dropbox.com/scl/fi/peq4gvwo7m7g2ywkiem23/.jpg?rlkey=ul5bp1ukix61jekkd26rp8g1b&raw=1,블랙 레이크,ブラックレイク,黑湖,Черное озеро,쿠르간 호수에서 동쪽으로 15km 떨어져 있다.,クルガン湖の東15kmに位置します。,位于库尔干湖以东15公里处。,Он расположен в 15 км к востоку от озера Хурган.
67,1,Байгалийн үзэсгэлэнт газар,Хар нуур (Баян-Өлгий),Khar Lake (Bayan-Olgii),Баян-Өлгий,Bayan-Olgii,Цэнгэл,Tsengel,48.84793,88.55061,Далайн түвшнээс дээш 2614 м өндөрт орших цэнгэг нуур,A freshwater lake located at an altitude of 2614 m above sea level.,https://www.dropbox.com/scl/fi/cc7k0vs7kas2mxre2wkph/.jpg?rlkey=plznsqljmvypkcxhdtncgne9s&raw=1,블랙 레이크,ブラックレイク,黑湖,Черное озеро,해발 2614m에 위치한 담수호.,標高2614mに位置する淡水湖。,海拔2614米的淡水湖。,"Пресноводное озеро, расположенное на высоте 2614 м над уровнем моря."
68,1,Байгалийн үзэсгэлэнт газар,Хотон нуур,Khoton Lake,Баян-Өлгий,Bayan-Olgii,Цэнгэл,Tsengel,48.65424,88.29729,Далайн түвшнээс 2083 м өндөрт өргөгдсөн цэнгэг уст нуур. Улсын хилээс 10 хүрэхгүй км зайтай оршино. ,A freshwater lake located at an altitude of 2083 m above sea level. It is located less than 10 km from the state border.,https://www.dropbox.com/scl/fi/xak1pryofymn0rng2cewe/.jpg?rlkey=0tic9dj6f3yekwm8zaj86c8z1&dlraw=1,코톤 호수,コトン湖,科顿湖,Озеро Хотон,해발 2083m에 위치한 담수호. 주 경계에서 10km도 채 떨어져 있지 않습니다.,標高2083mに位置する淡水湖。州境から10km以内に位置する。,海拔2083米的淡水湖。它距离州边界不到10公里。,"Пресноводное озеро, расположенное на высоте 2083 м над уровнем моря. Он расположен менее чем в 10 км от государственной границы."
69,1,Байгалийн үзэсгэлэнт газар,Хурган нуур,Khurgan Lake,Баян-Өлгий,Bayan-Olgii,Цэнгэл,Tsengel,48.55365,88.61064,Далын түвшнээс дээш 2073  м өндөрт орших цэнгэг нуур улсын хилээс 13 км зайтай байна. ,"The freshwater lake, located at an altitude of 2,073 meters above sea level, is 13 km from the country's border.",https://www.dropbox.com/scl/fi/7445oktjd85294pxrdf4j/.jpg?rlkey=zrq29jd1ybejwgrlo2dsgt3mb&raw=1,쿠르간 호수,クルガン湖,库尔干湖,Озеро Хурган,"해발 2,073m에 위치한 담수호는 국경에서 13km 떨어져 있다.","この淡水湖は海抜 2,073 メートルの標高にあり、国境からは 13 km です。",这个淡水湖海拔2073米，距该国边境13公里。,"Пресноводное озеро, расположенное на высоте 2073 метра над уровнем моря, находится в 13 км от границы страны."
70,1,Байгалийн үзэсгэлэнт газар,Бүргэд уул (4068м),Eagle Mountain (4068m),Баян-Өлгий,Bayan-Olgii,Цэнгэл,Tsengel,49.11524,87.89553,Далайн түвшнээс дээш 4068 метр өргөгдсөн Алтай таван богдын өндөр оргилуудын нэг.,"One of the highest peaks of the Altai Mountains, rising 4068 meters above sea level.",https://www.dropbox.com/scl/fi/23gy6cktx1bb0hst10jwk/.jpg?rlkey=imnnqsifub54qjw50b224t8sh&raw=1,이글 마운틴,イーグルマウンテン,鹰山,Гора Орёл,해발 4068m로 알타이 산맥의 최고봉 중 하나입니다.,"アルタイ山脈の最高峰の一つで、標高は 4,068 メートルです。",阿尔泰山最高峰之一，海拔4068米。,"Одна из самых высоких вершин Горного Алтая, возвышающаяся на 4068 метров над уровнем моря."
71,1,Байгалийн үзэсгэлэнт газар,Наран оргил (3884м),Sun Peak (3884m),Баян-Өлгий,Bayan-Olgii,Цэнгэл,Tsengel,49.14149,87.88462,Далайн түвшнээс дээш 3884 метр өргөгдсөн Алтай таван богдын өндөр оргилуудын нэг.,"One of the highest peaks of the Altai Mountains, rising 3884 meters above sea level.",https://www.dropbox.com/scl/fi/ehanmnbr2kn3pmhapdgr8/.jpg?rlkey=lbwsi8pg69oo4nhywt2yctveq&raw=1,선 피크,サンピーク,太阳峰,Пик Наран,"해발 3,884m로 알타이 산맥의 최고봉 중 하나입니다.",アルタイ山脈の最高峰の一つで、標高は 3884 メートルです。,阿尔泰山最高峰之一，海拔3884米。,"Одна из самых высоких вершин Горного Алтая, возвышающаяся на 3884 метра над уровнем моря."
72,1,Байгалийн үзэсгэлэнт газар,Өлгий оргил (4073м),Cradle Peak (4073m),Баян-Өлгий,Bayan-Olgii,Цэнгэл,Tsengel,49.09903,87.85432,Монгол улс ба БНХАУ-ын хил дээр оршино.,It is located on the border of Mongolia and China.,,크래들 피크,クレイドルピーク,摇篮峰,Олгий Пик,몽골과 중국의 국경에 위치하고 있습니다.,モンゴルと中国の国境に位置します。,它位于蒙古和中国边境。,Он расположен на границе Монголии и Китая.
73,1,Байгалийн үзэсгэлэнт газар,Цамбагарав уул (4025м),Tsambagarav Mountain (4025m),Баян-Өлгий,Bayan-Olgii,Баяннуур,Bayannuur,48.61831,90.90582,"Цамбагарав уул мөнх цаст уул бөгөөд 4195 метр өндөр. Ховд, Баян-Өлгий аймгийн хил дамнан оршино.","Tsambagarav Mountain is a snow-capped mountain with an altitude of 4,195 meters. It is located on the border of Khovd and Bayan-Olgii aimags.",https://www.dropbox.com/scl/fi/j06i6pmbqxxs1hp5i1bav/.jpg?rlkey=s2uskqibpo820vljar19verpf&raw=1,참바가라브 산,ツァンバガラブ山,桑巴嘎拉夫山,Гора Цамбагарав,"Tsambagarav Mountain은 해발 4,195m의 눈 덮인 산입니다. Khovd와 Bayan-Olgii aimags의 경계에 위치해 있습니다.","ツァンバガラブ山は標高 4,195 メートルの雪を頂いた山です。ホブドとバヤン・オルギの国境に位置しています。",Tsambagarav山是一座雪山，海拔4195米。它位于科布多省和巴彦乌列盖省的边界。,Гора Цамбагарав — заснеженная гора высотой 4195 метров. Он расположен на границе аймаков Ховд и Баян-Улгий.
74,1,Байгалийн үзэсгэлэнт газар,Чигэртэй нуур,Chigertei Lake,Баян-Өлгий,Bayan-Olgii,Дэлүүн,Deluun,47.87762,90.46988,Дэлүүн сумын төвөөс баруун хойд зүгт 30 гаруй км зайтай оршино.,It is located more than 30 kilometers northwest of the center of Deluun soum.,https://www.dropbox.com/scl/fi/4ne04nx5czpnh17ga4hkk/.jpg?rlkey=v4jasvm5g8jfpvg9ibp6juh52&raw=1,치게르테이 호수,チゲル亭湖,奇格泰湖,Озеро Чигертей,Deluun soum 중심에서 북서쪽으로 30km 이상 떨어져 있습니다.,デルウン ソムの中心部から北西に 30 キロ以上離れた場所にあります。,位于德伦苏姆中心西北30多公里处。,Он расположен более чем в 30 километрах к северо-западу от центра сума Делуун.
75,1,Байгалийн үзэсгэлэнт газар,Шивээт хайрхан уул,Shiveet Kharkhan Mountain,Баян-Өлгий,Bayan-Olgii,Цэнгэл,Tsengel,49.10611,88.22888,"Шивээт Хайрхан уул, түүний хоёр талаас урсах Цагаан салаа, Хар салаа хоёр голын савд орших Хөх чулуу, Хар чулуу зэрэг газарт орших хадны зургийн дурсгалт газар нь нийт 240 гаруй хаданд зурсан зохиомж зурагнаас бүрдэнэ. ","The rock art monument, located in the basin of the Tsagaan Salaa and Khar Salaa rivers flowing from both sides of Mount Shiveet Khairkhan, consists of a total of more than 240 rock paintings.",https://www.dropbox.com/scl/fi/m8eil396j08thaary2df3/.jpg?rlkey=ppx0qsg7q7wx3l7h2ow1kln1t&raw=1,시베트 카르칸 산,シベット・ハルカン山,什维特·哈尔汗山,Гора Шивит Хайрхан,Shiveet Khairkhan 산 양쪽에서 흐르는 Tsagaan Salaa 강과 Khar Salaa 강 유역에 위치한 암벽화 기념물은 총 240개 이상의 암벽화로 구성되어 있습니다.,この岩絵記念碑は、シベット カイルカン山の両側から流れるツァガーン サラア川とカール サラー川の流域に位置し、合計 240 枚を超える岩絵で構成されています。,岩画纪念碑位于Shiveet Khairkhan山两侧流淌的查干萨拉河和哈尔萨拉河盆地内，共有240多幅岩画组成。,Error 500 (Server Error)!!1500.That’s an error.There was an error. Please try again later.That’s all we know.
76,1,Байгалийн үзэсгэлэнт газар,Түргэн уул (4029м),Turgen Mountain (4029m),Баян-Өлгий,Bayan-Olgii,Ногооннуур,Nogoonnuur,49.79953,89.75416,"Ногоон нуур сумын төвөөс баруун хойд зүгт 50 км, улсын хилээс 3 км зайтай оршино.",This mountain is located 50 km northwest of the center of Nogon Nuur soum and 3 km from the state border.,https://www.dropbox.com/scl/fi/r8g7iz9drnc4c599f6y7v/.jpg?rlkey=5rwkmjbgfroe5s1qph3hjwbl1&raw=1,"""투르겐"" 산",「トゥルゲン」山,图尔根山,"Гора ""Турген""","이 산은 Nogon Nuur soum 중심에서 북서쪽으로 50km, 주 경계에서 3km 떨어져 있습니다.",この山は、ノゴン ヌール ソムの中心部から北西 50 km、州境から 3 km に位置します。,这座山位于Nogon Nuur soum中心西北50公里处，距离州边界3公里。,Эта гора расположена в 50 км к северо-западу от центра сомона Ногон Нуур и в 3 км от государственной границы.
77,1,Байгалийн үзэсгэлэнт газар,Эхэн нуур,Ekhen Lake,Баян-Өлгий,Bayan-Olgii,Ногооннуур,Nogoonnuur,49.48598,89.75135,Цагааннуур багийн төвөөс өмнө зүгт 3 км зайтай оршино.,It is located 3 km south of the center of Tsagaannuur.,https://www.dropbox.com/scl/fi/w9n6w4p9u45z9m7alzbmx/.jpg?rlkey=8vad61k1hduz07cldxc051uor&raw=1,에켄 호수,エケン湖,埃肯湖,Озеро Эхен,Tsagaannuur에서 남쪽으로 3km 떨어져 있습니다.,ツァガーヌールの南3kmに位置します。,它位于察干努尔以南3公里处。,Он расположен в 3 км к югу от Цагааннуура.
78,1,Байгалийн үзэсгэлэнт газар,Хүйтэн усны булаг,Cold water spring,Баян-Өлгий,Bayan-Olgii,Ногооннуур,Nogoonnuur,49.48569,89.73659,Эхэн нуураас баруун зүгт 500 метр зайд оршино.,It is located 500 meters west of Lake Ekhen.,https://www.dropbox.com/scl/fi/u2urtmucuvnvix6rk3l9j/.jpeg?rlkey=av0bj0fzmtry6x651eowxpdlo&raw=1,냉수 샘물,冷水泉,冷水泉,Холодный источник воды,에켄 호수(Lake Ekhen)에서 서쪽으로 500m 떨어져 있습니다.,エケン湖の西500メートルに位置します。,它位于埃肯湖以西500米处。,Он расположен в 500 метрах к западу от озера Эхен.
79,1,Байгалийн үзэсгэлэнт газар,Цаст уул (4208м),Tsast Mountain (4208m),Баян-Өлгий,Bayan-Olgii,Алтагцөгц,Altantsugts,48.68171,90.725,"Алтанцөгц, Баяннуур сумын хилийн заагт далайн түвшнээс дээш 4208 метр өндөртэй, мөнх цаст уул юм. ","This mountain is a perpetually snowy mountain, 4208 meters above sea level, on the border of Altantsogts and Bayannur soums.",https://www.dropbox.com/scl/fi/y5o79rp7lkhoeeg6j2edn/.jpg?rlkey=wzprm8jy95cgp8z4bdc5y3cbn&raw=1,차스트 산,ツァスト山,察斯特山,Гора Цаст,이 산은 Altantsogts와 Bayannur soums의 경계에 있는 해발 4208m의 끊임없이 눈이 내리는 산입니다.,この山は標高 4208 メートルの常雪の山で、アルタンツォグツとバヤンヌール スームの境界にあります。,这座山是一座终年积雪的山，海拔4208米，位于阿尔坦索格茨和巴彦淖尔苏木斯的边界。,"Эта гора представляет собой вечно заснеженную гору высотой 4208 метров над уровнем моря, на границе сумов Алтанцогц и Баяннур."
80,1,Байгалийн үзэсгэлэнт газар,Таван богд уул (4104м),Tavan Bogd  Mountain (4104m),Баян-Өлгий,Bayan-Olgii,Цэнгэл,Tsengel,49.17017,87.81451,"Монгол, Орос, Хятад гурван улсын хилийн уулзвар цэг","The border crossing point between Mongolia, Russia, and China",https://www.dropbox.com/scl/fi/01tw1iz8f4hahk5gg36lv/.jpg?rlkey=s3lwj9fbrl1z8jglmorhuk8fo&raw=1,타반 보그드 산,タヴァン・ボグド山,塔万博格德山,Гора Таван Богд,"몽골, 러시아, 중국의 국경 교차점",モンゴル、ロシア、中国の国境通過点,蒙古、俄罗斯、中国三国边境口岸,"Пункт пересечения границы между Монголией, Россией и Китаем."
81,1,Байгалийн үзэсгэлэнт газар,Ёлтын сав газар,Yoltyn Basin,Баян-Өлгий ,Bayan-Olgii,Сагсай,Sagsai,48.17342,89.13895,Ёлтын сав газар нь Алтай суманд байрладаг. БНХАУ-тай хиллэдэг бөгөөд Алтай таван богдын байгалийн цогцолборт газрын үзэсгэлэнт газруудын нэг. ,The Yolt Basin is located in Altai Sum. It borders China and is one of the most beautiful places in the Altai Five Bogds National Park.,https://www.dropbox.com/scl/fi/6j1bq4il2sq0vvbw2d7kn/.jpg?rlkey=ehfsj62ef62y79cm1tgai4q4p&raw=1,욜틴 분지,ヨルティン盆地,约尔廷盆地,Ёлтынская котловина,Error 500 (Server Error)!!1500.That’s an error.There was an error. Please try again later.That’s all we know.,ヨルト盆地はアルタイ スムにあります。中国と国境を接しており、アルタイ ファイブ ボグズ国立公園の中で最も美しい場所の 1 つです。,约特盆地位于阿尔泰苏姆。它与中国接壤，是阿尔泰五博格达国家公园最美丽的地方之一。,Ёлтская котловина расположена в Сумском Алтае. Оно граничит с Китаем и является одним из красивейших мест Алтайского национального парка «Пять Богд».
82,3,Шашны дурсгалт газар,Амарбуянт хийд,Amarbuyant Monastery,Баянхонгор,Bayankhongor,Баян-Өндөр,Bayan-Undur,44.62828,98.70212,Баян-Өндөр сумын нутагт  Шинэжинст сумаас баруун тийш 47км  орчим зайд  250 гаруй жилийн түүхтэй Амарбуянтын хийд оршино. ,"In Bayan-Ondur soum, about 47 km west of Shinejinst soum, there is the Amarbuyant Monastery, which has a history of over 250 years.",https://www.dropbox.com/scl/fi/pwe2wf3rgswfe01zy44tv/.jpg?rlkey=xv428dbijn4rzynqgpfyzkatu&raw=1,아마르부얀트 수도원,アマルブヤント修道院,阿玛布扬特修道院,Амарбуянтский монастырь,Shinejinst soum에서 서쪽으로 약 47km 떨어진 Bayan-Ondur soum에는 250년이 넘는 역사를 가진 Amarbuyant 수도원이 있습니다.,シャインジンスト・ソムから西へ約47kmのバヤン・オンドゥル・ソムには、250年以上の歴史を誇るアマルブヤント僧院がある。,在Shinejinst苏姆以西约47公里处的Bayan-Ondur苏​​姆，有一座已有250多年历史的阿马尔布扬特修道院。,"В сомоне Баян-Ондур, примерно в 47 км к западу от сомона Шинеджинст, находится монастырь Амарбуянт, история которого насчитывает более 250 лет."
83,1,Байгалийн үзэсгэлэнт газар,Бөөнцагаан нуур,Buuntsagaan Lake,Баянхонгор,Bayankhongor,Баацагаан,Baatsagaan,45.58828,99.10458,"Нууруудын хөндий дэх хамгийн том нуур юм. Нуурт Байдраг гол цутгана.  Баацагаан сумын төвөөс баруун зүгт 25 км зайтай , далайн түвшнээс дээш 1313 метр өргөгдсөн.","It is the largest lake in the Valley of Lakes. The Baidrag River flows into the lake. It is located 25 km west of the center of Baatsagaan soum, at an altitude of 1313 meters above sea level.",https://www.dropbox.com/scl/fi/53v2ymqqnw6wp0o580i5p/.jpg?rlkey=9atdavide2875tdndz1bg1w0f&raw=1,분차간 호수,ブントサガーン湖,布恩查干湖,Озеро Буунцагаан,"호수계곡에서 가장 큰 호수이다. Baidrag 강이 호수로 흘러 들어갑니다. Baatsagaan soum 중심에서 서쪽으로 25km, 해발 1313m 고도에 위치해 있습니다.",湖の谷で最大の湖です。バイドラグ川が湖に流れ込みます。バーツァガーン・ソムの中心部から西​​に25km、標高1313メートルに位置しています。,它是湖谷中最大的湖泊。白德拉格河流入该湖。它位于Baatsagaan soum中心以西25公里处，海拔1313米。,"Это самое большое озеро в Долине озер. В озеро впадает река Байдраг. Он расположен в 25 км к западу от центра сума Баатсаган, на высоте 1313 метров над уровнем моря."
84,1,Байгалийн үзэсгэлэнт газар,Галуутын хавцал,Galuut Canyon,Баянхонгор,Bayankhongor,Галуут,Galuut,46.61668,99.96763,"төвөөс 75 км, Галуут сумын төвөөс баруун тийш 20 орчим км-т оршдог. Олгой нуураас Галуут гол тийшээ урсан гарахдаа 2 км орчим урт энэ хавцлыг үүсгэжээ. Хавцал нь 100-150 орчим метр гүнзгий эгц цавчим бөгөөд өргөн нь дунджаар 10 метр орчим болно. ","It is located 75 km from the center of the city and about 20 km west of the center of Galuut soum. As it flows from Olgoi Lake to the Galuut River, it forms this canyon about 2 km long. The canyon is a steep gorge about 100-150 meters deep and has an average width of about 10 meters.",https://www.dropbox.com/scl/fi/wjz9bgn81qmsnwpwhumds/.jpg?rlkey=x7ewz39laqh8v3u8bpwuhym3g&raw=1,갈루트 캐년,ガルートキャニオン,加鲁特峡谷,Галуутский каньон,"시내 중심에서 75km, 갈루트 숨(Galuut soum) 중심에서 서쪽으로 약 20km 떨어져 있다. 올고이 호수에서 갈루트 강으로 흘러가면서 약 2km 길이의 협곡을 형성합니다. 협곡은 깊이가 약 100~150m이고 평균 폭이 약 10m인 가파른 협곡입니다.",市の中心部から 75 km、ガルート スームの中心部から西​​に約 20 km に位置しています。オルゴイ湖からガルウト川に向かって流れ、長さ約 2 km のこの峡谷を形成します。峡谷は深さ約100～150メートル、平均幅約10メートルの急峻な峡谷です。,它距离市中心75公里，距离Galuut soum中心以西约20公里。它从奥尔盖湖流向加鲁特河，形成了这个长约2公里的峡谷。峡谷是一条深约100-150米的陡峭峡谷，平均宽度约10米。,"Он расположен в 75 км от центра города и примерно в 20 км к западу от центра Галуутского сума. Вытекая из озера Ольгой в реку Галуут, она образует каньон длиной около 2 км. Каньон представляет собой крутое ущелье глубиной около 100-150 метров и средней шириной около 10 метров."
85,1,Байгалийн үзэсгэлэнт газар,Олгой нуур,Olgoi Lake,Баянхонгор,Bayankhongor,Галуут,Galuut,46.56528,100.1095,Галуут сумын төвөөс өмнө зүгт 20 км зайтай орших энэхүү нуур далайн түвшнээс дээр 2040 метрийн өндөрт байна. ,"Located 20 km south of the center of Galuut soum, this lake is 2,040 meters above sea level.",https://www.dropbox.com/scl/fi/llrsc6u618ynrpsjuq7bu/.jpg?rlkey=bpixyiwgd4aspbkj7t7eh2mse&raw=1,올고이 호수,オルゴイ湖,奥尔戈伊湖,Озеро Олгои,"갈루트 숨(Galuut soum) 중심에서 남쪽으로 20km 떨어진 곳에 위치한 이 호수는 해발 2,040m입니다.","ガルート スームの中心部から 20 km 南に位置するこの湖は、海抜 2,040 メートルです。","该湖位于Galuut soum中心以南20公里处，海拔2,040米。","Это озеро расположено в 20 км к югу от центра Галуутского сума, на высоте 2040 метров над уровнем моря."
86,1,Байгалийн үзэсгэлэнт газар,Өхэг рашаан,Ukheg Mineral Water,Баянхонгор,Bayankhongor,Галуут,Galuut,46.56504,100.40241,Галуут сумын төвөөс зүүн өмнө зүгт 27 км зайтай оршино.,It is located 27 km southeast of the center of Galuut soum.,https://www.dropbox.com/scl/fi/0v2eux0qu8daugtaglnrr/.jpg?rlkey=s9aj49a73736i67g2823oq01a&raw=1,우케그 미네랄워터,ウケグミネラルウォーター,乌赫格矿泉水,Минеральная вода Ухег,Galuut soum 중심에서 남동쪽으로 27km 떨어져 있습니다.,ガルート・スームの中心部から南東27kmに位置しています。,它位于Galuut soum中心东南27公里处。,Расположен в 27 км к юго-востоку от центра сомона Галуут.
87,1,Байгалийн үзэсгэлэнт газар,Далан тэмээ ачаа багтаадаг агуй,A Cave That Can Hold Seventy Camel's Loads,Баянхонгор,Bayankhongor,Заг,Zag,46.74906,99.32415,"Халиут хэмээх рашааны ойрхон Ламын агуй, Чихний рашаантын агуй, Далан тэмээ ачаа багтаадаг агуй гэх мэт хэд хэдэн томоохон агуй бий. Заг сумын төвөөс зүүн өмнө зүгт 26.5 км зайтай оршино.","There are several large caves near the Khaliut spring, including Lamyn Cave, Chikhnii Spa Cave, and Dalan Camel Cave. It is located 26.5 km southeast of the center of Zag soum.",,낙타 70마리의 짐을 담을 수 있는 동굴,ラクダ70頭分の荷物を収容できる洞窟,可容纳七十头骆驼的洞穴,"Пещера, вмещающая семьдесят верблюжьих грузов","Khaliut 샘 근처에는 Lamyn Cave, Chikhnii Spa Cave, Dalan Camel Cave를 포함하여 여러 개의 큰 동굴이 있습니다. Zag soum 중심에서 남동쪽으로 26.5km 떨어져 있습니다.",カリウト泉の近くには、ラミン洞窟、チフニー スパ洞窟、ダラン ラクダ洞窟など、大きな洞窟がいくつかあります。ザグ ソムの中心部から南東 26.5 km に位置します。,Khaliut泉附近有几个大洞穴，包括Lamyn Cave、Chikhnii Spa Cave和Dalan Camel Cave。它位于扎格苏姆中心东南26.5公里处。,"Рядом с источником Халиут есть несколько больших пещер, в том числе пещера Ламын, пещера Чихний-Спа и пещера верблюдов Далан. Расположен в 26,5 км к юго-востоку от центра Заг-сума."
88,1,Байгалийн үзэсгэлэнт газар,Их богд уул (3957м),Ikh Bogd Mountain (3957m),Баянхонгор,Bayankhongor,Жинст,Jinst,44.9956,100.23075,"Их богд уул нь Говь-Алтайн нурууны ноён оргил богоод далайн түвшнээс 3957 метр өндөр, байгалийн үзэсгэлэнт газар юм.","Ikh Bogd Mountain is the highest peak of the Gobi-Altai Mountains, 3,957 meters above sea level, and is a place of natural beauty.",https://www.dropbox.com/scl/fi/nmyqfjr146v35e8skuwr6/.jpg?rlkey=xmgsz9v1thv5g3avc1wggi8fe&raw=1,익복드 산,イク・ボグド山,伊赫博格德山,Гора Их Богд,"익복드산(Ikh Bogd Mountain)은 고비알타이 산맥의 최고봉으로 해발 3,957m로 자연미가 아름다운 곳이다.","イフ ボグド山はゴビ アルタイ山脈の最高峰で、標高 3,957 メートルの自然の美しい場所です。",伊赫博格达山是戈壁-阿尔泰山的最高峰，海拔3957米，是一处自然美景之地。,Error 500 (Server Error)!!1500.That’s an error.There was an error. Please try again later.That’s all we know.
89,3,Шашны дурсгалт газар,Ламын гэгээний хийд,Lamyn Gegeen  Monastery,Баянхонгор,Bayankhongor,Эрдэнэцогт,Erdenetsogt,46.31113,100.98943,Эрдэнэцогт сумын төвөөс зүүн урагш 18.5 км зайтай оршино,It is located 18.5 km southeast of the center of Erdenetsogt soum.,https://www.dropbox.com/scl/fi/54gyo1av0c3keynx8by5k/.jpg?rlkey=qd0fir8w6zumeqqetrhudfouq&raw=1,라민게긴 수도원,ラミン・ゲジーン修道院,拉敏格金寺,Монастырь Ламын Геген,Error 500 (Server Error)!!1500.That’s an error.There was an error. Please try again later.That’s all we know.,エルデネツォグト・ソムの中心部から南東18.5kmに位置する。,它位于额尔登涅茨格特苏姆市中心东南18.5公里处。,"Расположен в 18,5 км к юго-востоку от центра сомона Эрдэнецогт."
90,1,Байгалийн үзэсгэлэнт газар,Лигийн цагаан агуй,Ligiin Tsagaan Cave,Баянхонгор,Bayankhongor,Баянлиг,Bayanlig,44.71172,101.17024,Баянлиг сумын төвөөс зүүн хойд зүгт 40 км зайтай оршино. Малтлага судалгаагаар эртний хүмүүсийн ул мөр олдсон байна.,It is located 40 km northeast of the center of Bayanlig soum. Excavations have found traces of ancient people.,https://www.dropbox.com/scl/fi/cb7dsla1o714p9kk3l5u3/.jpg?rlkey=k50wnm9yl2aixyfz1ts8vh1pv&raw=1,리기인 차가안 동굴,リギン・ツァガーン洞窟,利吉因查干洞穴,Пещера Лигиин Цагаан,Bayanlig soum 중심에서 북동쪽으로 40km 떨어져 있습니다. 발굴을 통해 고대인의 흔적이 발견되었습니다.,バヤンリグ・ソムの中心部から北東に40kmに位置しています。発掘調査により古代人の痕跡が発見されました。,它位于Bayanlig soum中心东北40公里处。考古发掘发现了古代人类的踪迹。,Расположен в 40 км к северо-востоку от центра сума Баянлыг. Раскопки обнаружили следы пребывания древних людей.
91,1,Байгалийн үзэсгэлэнт газар,Орог нуур,Orog Lake,Баянхонгор,Bayankhongor,Богд,Bogd,45.06081,100.72714,"Богд сумын төвийн чанх урд 13 км зайтай, далайн түвшнээс дээш 1217 метрт  оршино.","It is located 13 km south of the center of Bogd soum, at an altitude of 1217 meters above sea level.",https://www.dropbox.com/scl/fi/qsiaigravwapf6hg6yg9c/.jpeg?rlkey=kts7f7l0zgeb9bv81d5lbud9v&raw=1,오로그 호수,オログ湖,奥罗格湖,Озеро Орог,복드 솜(Bogd soum) 중심에서 남쪽으로 13km 떨어진 해발 1217m에 위치해 있다.,ボグド ソムの中心部から南に 13 km、標高 1217 メートルに位置します。,位于博格德苏姆市中心以南13公里处，海拔1217米。,"Он расположен в 13 км к югу от центра Богдского сума, на высоте 1217 метров над уровнем моря."
92,1,Байгалийн үзэсгэлэнт газар,"Оюу, Номин нуур","Oyu, Nomin Lakes",Баянхонгор,Bayankhongor,Жинст,Jinst,45.03375,100.22035,Жинст сумын төвөөс баруун өмнө зүгт 62 км зайтай оршино. 1957 оны 12 сарын 4 -нд хүчтэй газар хөдлөлийн улмаас Бахар уулын орой нурж 2 голын хөндийг хаасны улмаас үүссэн нуурууд юм.,"Located 62 km southwest of the center of Jinst soum, the lakes were formed when the top of Mount Bahar collapsed due to a strong earthquake on December 4, 1957, blocking two river valleys.",https://www.dropbox.com/scl/fi/aruardf7bonah7wbik4gc/.jpg?rlkey=ojh0io9z9kb7m4fjfpumenkxc&raw=1,"오유, 노민 호수",オユ、ノーミン湖,奥汤、诺明湖,"Ою, Номинские озера",진스트 솜 중심에서 남서쪽으로 62km 떨어진 곳에 위치한 호수는 1957년 12월 4일 강한 지진으로 바하르산 정상이 무너져 두 개의 강 계곡을 막으면서 형성됐다.,ジンスト スームの中心部から南西 62 km に位置するこれらの湖は、1957 年 12 月 4 日の強い地震によりバハール山の頂上が崩壊し、2 つの川の谷を遮断したときに形成されました。,这些湖泊位于金斯特苏姆中心西南 62 公里处，是 1957 年 12 月 4 日强烈地震导致巴哈尔山顶部塌陷，堵塞了两个河谷而形成的。,"Расположенные в 62 км к юго-западу от центра сума Джинст, озера образовались в результате обрушения вершины горы Бахар из-за сильного землетрясения 4 декабря 1957 года, перекрывшего две речные долины."
93,1,Байгалийн үзэсгэлэнт газар,Сангийн далай нуур (Баянхонгор),Sangiin Dalai Lake (Bayankhongor),Баянхонгор,Bayankhongor,Баянбулаг,Bayanbulag,46.92523,97.79403,Баябулаг сумын төвөөс баруун хойд зүгт 30 орчим км зайтай оршино.,It is located about 30 km northwest of the center of Bayabulag soum.,https://www.dropbox.com/scl/fi/4i8nkjnmuksn739li1n79/.jpg?rlkey=pydrcvrtau0huifxljqw6f003&raw=1,산이인 달라이 호수,サンギイン ダライ湖,桑吉因达赉湖,Озеро Сангиин Далай,Bayabulag soum 중심에서 북서쪽으로 약 30km 떨어져 있습니다.,バヤブラグ・ソムの中心部から北西に約30kmに位置する。,位于巴亚布拉格苏姆市中心西北约30公里处。,Он расположен примерно в 30 км к северо-западу от центра сума Баябулаг.
94,3,Шашны дурсгалт газар,Сангийн далайн хүрээний туурь,Ruins of Sang Dalai Monastery,Баянхонгор,Bayankhongor,Баянбулаг,Bayanbulag,46.93989,97.78284,"Баянбулаг сумын төвөөс баруун хойд зүгт 30 гаруй км, Сангийн далай нуураас хойд зүгт 1.5 зайтай байна.",It is located more than 30 kilometers northwest of the center of Bayanbulag soum and 1.5 kilometers north of Sangin Dalay Lake.,https://www.dropbox.com/scl/fi/3mq7r6mgqe1skk6cwkwbh/.jpg?rlkey=xpbgpmj3yn59yutsm4r0m60o2&raw=1,상달라이 사원 유적,サンダライ僧院の遺跡,桑达赖寺遗址,Руины монастыря Санг Далай,"Bayanbulag soum 중심에서 북서쪽으로 30km 이상, Sangin Dalay Lake에서 북쪽으로 1.5km 떨어져 있습니다.",バヤンブラグ・スムの中心部から北西に 30 キロメートル以上、サンギン・ダレー湖からは北に 1.5 キロメートル離れた場所に位置しています。,位于巴音布鲁克苏姆市中心西北30多公里处，桑金达来湖以北1.5公里处。,"Он расположен более чем в 30 километрах к северо-западу от центра сума Баянбулаг и в 1,5 километрах к северу от озера Сангин Далай."
95,1,Байгалийн үзэсгэлэнт газар,Сэндэртийн агуй,Sendert Cave,Баянхонгор,Bayankhongor,Заг,Zag,46.62218,99.20322," Хөх хайрхан ууланд 70 орчим метр урт, шохойн чулуун тогтоцтой, хөндийлжийн гаралтай агуй бий. Хойд хэсэгт нь байх сэндэр шороог ардын уламжлалт эмчилгээнд хэрэглэдэг. Заг сумын төвөөс өмнө зүгт 50 км зайтай орнино. ","There is a cave of limestone formations, about 70 meters long, in Khokh Khairkhan Mountain. The sender earth in the northern part is used in traditional folk medicine. It is located 50 km south of the center of Zag soum.",https://www.dropbox.com/scl/fi/30nzub3r2x16rriqkvc76/.jpg?rlkey=t3krj8txf4tznx65jw9gsvb6g&raw=1,센데르 동굴,センダートの洞窟,森德特洞穴,Пещера Сендерт,코크 카이르칸 산(Khokh Khairkhan Mountain)에는 약 70m 길이의 석회암 동굴이 있습니다. 북부의 발신지는 전통 민간요법에 사용됩니다. Zag soum 중심에서 남쪽으로 50km 떨어져 있습니다.,コーク・ハイルカン山には長さ約70メートルの石灰岩の洞窟があります。北部のセンダーアースは伝統的な民間療法に使用されています。ザグ ソムの中心部から南に 50 km に位置します。,Khokh Khairkhan 山上有一个长约 70 米的石灰岩洞穴。北部的发送土用于传统民间医学。它位于扎格苏姆中心以南50公里处。,На горе Хох Хайрхан находится пещера из известняковых образований длиной около 70 метров. Земля-отправитель в северной части используется в традиционной народной медицине. Он расположен в 50 км к югу от центра Заг-сума.
96,1,Байгалийн үзэсгэлэнт газар,Тамчийн хавцал Баянхонгор,Tamch Canyon,Баянхонгор,Bayankhongor,Эрдэнэцогт,Erdenetsogt,46.7047,101.38644,"Аймгийнтөвөөс 90 км, Эрдэнэцогт сумаас 62 км зайд эртний их хагарал галт уулын хүрмэн чулууг уулын голын ус зүссэнээс үүссэн маш сүрлэг гүн хавцал оршдог. Энэ хавцлын өндөр 380 метр хүрэх тул өвлийн улиралд ёроолд нар үл тусна. ","90 km from the provincial capital and 62 km from Erdenetsogt soum, there is a very impressive deep canyon formed by the cutting of ancient volcanic rocks by mountain rivers. The height of this canyon reaches 380 meters, so the sun does not shine at the bottom in winter.",https://www.dropbox.com/scl/fi/jvefonphp1oba1op1psvf/.jpg?rlkey=4byehsopccjuahxwvsn10aucp&raw=1,탐치 캐년,タムチキャニオン,塔奇峡谷,Тамчский каньон,"지방 수도에서 90km, Erdenetsogt soum에서 62km 떨어진 곳에 산 강이 고대 화산암을 깎아 형성된 매우 인상적인 깊은 협곡이 있습니다. 이 협곡의 높이는 380m에 이르므로 겨울에는 바닥에 태양이 비치지 않습니다.",州都から 90 km、エルデネツォグト ソムから 62 km のところに、山の川が古代の火山岩を削って形成した非常に印象的な深い渓谷があります。この峡谷の高さは380メートルに達するため、冬には谷底には太陽が当たりません。,距省会90公里，距额尔登涅佐格特苏姆62公里，有一条由山间河流切割古老火山岩形成的深邃峡谷，令人印象深刻。这条峡谷的高度达到380米，所以冬天阳光照不到谷底。,Error 500 (Server Error)!!1500.That’s an error.There was an error. Please try again later.That’s all we know.
97,1,Байгалийн үзэсгэлэнт газар,Хөх бүрд нуур,Khukh Burd Lake,Баянхонгор,Bayankhongor,Баян-Овоо,Bayan-Ovoo,46.26924,100.43849,Баян-Овоо сумын төвөс баруун урд зүгт 1.2 км зайтай оршино.,It is located 1.2 km southwest of the center of Bayan-Ovoo soum.,https://www.dropbox.com/scl/fi/id6m46uer64rxy7zh84of/.jpg?rlkey=s87j3br8870kdqnv1ifndl1ru&raw=1,쿠크 버드 호수,クク・バード湖,库克布尔德湖,Озеро Хух Бурд,Bayan-Ovoo soum 중심에서 남서쪽으로 1.2km 떨어져 있습니다.,バヤン・オヴォー・スームの中心部から南西に1.2kmに位置しています。,位于巴彦敖包苏姆市中心西南1.2公里处。,"Расположен в 1,2 км к юго-западу от центра сума Баян-Овоо."
98,1,Байгалийн үзэсгэлэнт газар,Хөх нуур Баянхонгор,Khukh Lake,Баянхонгор,Bayankhongor,Гурванбулаг,Gurvanbulag,47.52814,98.51136,"Гурванбулаг сумын төвөөс хойд зүгт 28 км зайтай, далайн түвшнээс дээш 2649 метрт оршино.","It is located 28 km north of the center of Gurvanbulag soum, at an altitude of 2,649 meters above sea level.",https://www.dropbox.com/scl/fi/jgij58bzaympzzm6uj5p5/.jpg?rlkey=bvnsxz7y9i7qkmxxr8l8scybo&raw=1,쿠크 호수,クク湖,库克湖,Озеро Хух,"Gurvanbulag soum 중심에서 북쪽으로 28km, 해발 2,649m에 위치해 있습니다.","グルヴァンブラグ ソムの中心部から北に 28 km、標高 2,649 メートルに位置します。",它位于古尔班布拉格苏姆中心以北28公里处，海拔2649米。,"Он расположен в 28 км к северу от центра сума Гюрванбулаг, на высоте 2649 метров над уровнем моря."
99,1,Байгалийн үзэсгэлэнт газар,Хөх эрэг,Khukh Ereg,Баянхонгор,Bayankhongor,Баацагаан,Baatsagaan,45.84912,99.32587,Бөөн цагаан нуураас зүүн хойд зүгт 25 км зайтай байна.,It is 25 km northeast of Bön Tsagaan Lake.,,쿠크 에렉,クク・エレグ,库克埃雷格,Хух Эрег,Bön Tsagaan 호수에서 북동쪽으로 25km 떨어져 있습니다.,ボン ツァガーン湖の北東 25 km にあります。,位于Bön Tsagaan湖东北25公里处。,Он находится в 25 км к северо-востоку от озера Бон Цагаан.
100,1,Байгалийн үзэсгэлэнт газар,Чихний рашаантын агуй,Ear Spring Cave,Баянхонгор,Bayankhongor,Заг,Zag,46.75537,99.32224,Чихний рашаантын агуйн адраас ус дуслан жижиг тогтоол ус бий болгожээ. Энэ усыг чихэнд дусааж чихний өвчин эмгэгт ашигладаг. Заг сумын төвөөс 26 км зайтай оршино.,"Water drips from the cave of the Ear Spring, creating a small spring of water. This water is used to treat ear diseases by instilling it into the ear. It is located 26 km from the center of Zag soum.",,이어 스프링 동굴,イヤースプリング洞窟,耳泉洞,Пещера Ушного источника,Ear Spring의 동굴에서 물이 떨어져 작은 샘이 생성됩니다. 이 물을 귀에 주입하여 귀 질환을 치료하는 데 사용됩니다. 숙소는 Zag soum 중심에서 26km 떨어져 있습니다.,イヤースプリングの洞窟からは水が滴り、小さな泉ができています。この水を耳に注入することで、耳の病気の治療に使用されます。ザグ・ソムの中心部から26kmです。,水从耳泉的洞里滴下来，形成一个小泉水。这种水通过滴入耳朵来治疗耳部疾病。距离扎格苏姆市中心有26公里。,"Вода капает из пещеры Ушного источника, образуя небольшой источник воды. Эту воду используют для лечения ушных заболеваний путем закапывания ее в ухо. Он расположен в 26 км от центра Заг Сума."
101,2,Түүхийн дурсгалт газар,Шатар чулуу,Shatar Chuluu,Баянхонгор,Bayankhongor,Эрдэнэцогт,Erdenetsogt,46.33074,100.79411,"Аймгийн төвөөс зүүн хойш 12 км-ийн зайтай оршино. Шатар чулуун дурсгалын цогцолбор нь 13 буган чулуу, дөрвөлжин булшны хэлбэртэй чулуун хашлаганууд, монгол шатрын дүрс хэлбэр бүхий чулуун хиргисүүр гэх мэт зүйлүүдээс бүрдэх бөгөөд нийт 50 гаруй чулуун дурсгал байдаг.  ","It is located 12 km northeast of the provincial center. The Chess Stone Monument Complex consists of 13 deer stones, stone fences in the shape of square tombs, and stone khirgisur in the shape of Mongolian chess, and there are more than 50 stone monuments in total.",https://www.dropbox.com/scl/fi/005rs4jlmqml8fx3rps04/.jpg?rlkey=2v2766apki65wa42cpjvjj90l&raw=1,샤타르 출루우,シャタール・チュルウ,沙塔尔楚鲁,Шатар Чулуу,"지방 중심지에서 북동쪽으로 12km 떨어져 있다. 체스석비단지는 사슴석 13개와 사각무덤 모양의 돌담, 몽골 체스 모양의 키르기수르석으로 구성되어 있으며 총 50개 이상의 석비가 있다.",州の中心部から北東に 12 km に位置します。チェス石碑群は、13 個の鹿石、四角い墓の形をした石垣、モンゴルチェスの形をしたキルギスル石で構成されており、合計 50 以上の石碑があります。,位于省中心东北12公里处。棋石碑群由13块鹿石、方墓形石栏、蒙古象棋形石棋石组成，共有石碑50多块。,"Он расположен в 12 км к северо-востоку от областного центра. Комплекс памятников «Шахматный камень» состоит из 13 камней-оленей, каменных оград в форме квадратных гробниц и каменного хиргисура в форме монгольских шахмат, всего насчитывается более 50 каменных памятников."
102,1,Байгалийн үзэсгэлэнт газар,Эрхэтийн хавцал Баянхонгор,Erkhet Canyon,Баянхонгор,Bayankhongor,Эрдэнэцогт,Erdenetsogt,46.6415,101.45868," Баянхонгор аймгийн төвөөс 80 км, Эрдэнэцогт сумаас зүүн хойд зүгт 55 км зайтай. Тамчийн хавцлаас богино боловч нэг цаг үед үүссэн адил нөхцөл хэлбэр бүхий гүн ангал хавцал юм. ","It is 80 km from the center of Bayankhongor aimag and 55 km northeast of Erdenetsogt soum. It is a deep canyon with similar conditions and shape, shorter than Tamchi Canyon, but formed at the same time.",https://www.dropbox.com/scl/fi/ioks4oug6p8ckbfp51ha4/.jpg?rlkey=j6x2oj1jswj1vxii4lrnub9w9&raw=1,에르케트 협곡,エルケット渓谷,埃尔克赫特峡谷,Каньон Эрхет,"Bayankhongor aimag 중심에서 80km, Erdenetsogt soum에서 북동쪽으로 55km 떨어져 있습니다. 조건과 형태가 비슷한 깊은 협곡으로 탐치협곡보다 짧지만 동시에 형성되었다.",バヤンホンゴル アイマグの中心部から 80 km、エルデネツォグト ソムから北東に 55 km です。タムチ峡谷よりも短く、同様の条件と形をした深い峡谷ですが、同時に形成されました。,距巴颜空戈尔省中心80公里，距额尔登涅佐格特苏姆东北55公里。这是一条条件和形状相似的深峡谷，比潭池峡谷短，但同时形成。,"Он находится в 80 км от центра аймака Баянхонгор и в 55 км к северо-востоку от сомона Эрдэнецогт. Это глубокий каньон с похожими условиями и формой, короче каньона Тамчи, но образовавшийся в то же время."
103,1,Байгалийн үзэсгэлэнт газар,Эрхэт хайрхан уул (3535м),Erkhetkhairkhan Mountain (3535m),Баянхонгор,Bayankhongor,Эрдэнэцогт,Erdenetsogt,46.66282,101.29579,Эрдэнэцогт сумын нутагт байдаг далайн түвшнээс дээш 3535 метр өргөгдсөн уул.,"A mountain located in Erdenetsogt soum, 3,535 meters above sea level.",https://www.dropbox.com/scl/fi/07iw283i34gp1ywc7fomk/.jpg?rlkey=t05mimooiolgsq8an1odlpxj2&raw=1,아름다운 산,美しい山,美丽的山,Гора Эрхэт хайрхан,"해발 3,535m의 Erdenetsogt soum에 위치한 산입니다.","エルデネツォグト・スムにある標高 3,535 メートルの山。","位于额尔登涅茨格特苏姆的一座山，海拔3,535米。","Гора, расположенная в сумоне Эрдэнецогт, на высоте 3535 метров над уровнем моря."
104,2,Түүхийн дурсгалт газар,Морины хөшөө,Horse Monument,Баянхонгор,Bayankhongor,Бууцагаан,Buutsagaan,46.16853,98.7159,Бууцагаан сумын төвөөс баруун зүгт 1.5 км зайтай оршино,It is located 1.5 km east of the center of Buutsagaan soum.,https://www.dropbox.com/scl/fi/v4zhsf2ggke1cct67ezk1/.jpg?rlkey=z1prdbgfx5ey7pa2stw4ofaxn&raw=1,말 조각상,馬の像,马雕像,Статуя лошади,Buutsagaan soum 중심에서 동쪽으로 1.5km 떨어져 있습니다.,ブツァガーン・ソムの中心部から東に1.5kmに位置しています。,它位于Buutsagaan soum中心以东1.5公里处。,"Он расположен в 1,5 км к востоку от центра сума Буутсагаан."
105,1,Байгалийн үзэсгэлэнт газар,Байдраг гол,Baidrag River,Баянхонгор,Bayakhongor,Бөмбөгөр," Jargalant, Zag, Bumbugur, Buutsagaan, Baatsagaan ",46.1674,99.26945,"Хангайн нурууны өмнөд хажуугаас эх авч говийн Бөөнцагаан, Адгийн цагаан хоёр нуурт усаа нийлүүлдэг. Голын урт нь 295 км","It originates from the southern slopes of the Khangai Mountains and supplies water to two lakes in the Gobi, Boonsagaan and Adgiin Tsagaan. The river is 295 km long.",https://www.dropbox.com/scl/fi/34bf1bj9ue07jaut5oa18/.jpg?rlkey=wt18r6fguv148zb4842jy8nyw&raw=1,바이드라그 강,バイドラク川,拜德拉格河,Река Байдраг,항가이 산맥(Khangai Mountains)의 남쪽 경사면에서 시작되어 고비(Gobi)의 두 호수인 분강(Boonsagaan)과 아지인 차간(Adgiin Tsagaan)에 물을 공급합니다. 강의 길이는 295km이다.,この川はハンガイ山脈の南斜面に源を発し、ゴビの 2 つの湖、ブーンサガーン湖とアドジン ツァガーン湖に水を供給しています。川の長さは295kmです。,它发源于杭盖山脉南坡，向戈壁上的两个湖泊——布恩萨干湖和阿吉因查干湖供水。河流长295公里。,Берёт начало с южных склонов Хангайских гор и снабжает водой два озёра в Гоби — Бонсагаан и Адгиин Цагаан. Длина реки 295 км.
106,1,Байгалийн үзэсгэлэнт газар,Дээд гандан энергийн төв,Deed Gandan Energy Center,Баянхонгор,Bayankhongor,Хүрээмарал,Khureemaral,46.5269,98.38213,хүрээмарал сумын төвөөс зүүн хойд зүгт 20 км зайтай оршино. ,It is located 20 km northeast of the center of Guremaral soum.,"https://www.dropbox.com/scl/fi/pafxl22pyz5k794562xfy/.jpg?rlkey=kqa9r5didxsmovaske6x8mdwq&raw=1, https://www.dropbox.com/scl/fi/ueicqkld7z1u72qfpqhod/1.jpg?rlkey=m54jhiu3tv71wekzsyjgo5zwb&raw=1",디드 간단 에너지 센터,ディード・ガンダン・エネルギーセンター,迪德·甘丹能源中心,Энергетический центр Дид Гандан,Guremaral soum 중심에서 북동쪽으로 20km 떨어져 있습니다.,グレマラル ソムの中心部から北東 20 km に位置します。,它位于古雷马拉尔苏姆中心东北20公里处。,Он расположен в 20 км к северо-востоку от центра сума Гуремарал.
107,1,Байгалийн үзэсгэлэнт газар,Айрхан нуур,Airkhan Lake,Булган,Bulgan,Хутаг-Өндөр,Khutag-Undur,49.62878,102.67522,Хутаг-Өндөр сумын төвөөс хойд зүгт 35 км зайтай байна. Далайн түвшнээс дээш 935 метр өндөрт оршино.,It is located 35 km north of the center of Khutag-Ondur soum. It is located at an altitude of 935 meters above sea level.,https://www.dropbox.com/scl/fi/gxqm5kt67haprwoym60ik/.jpg?rlkey=wiouzsm2m7er4h6wyiegyk9v8&raw=1,에어칸 호수,エアカーン湖,艾尔汗湖,Озеро Айрхан,Khutag-Ondur soum 중심에서 북쪽으로 35km 떨어져 있습니다. 해발 935m의 고도에 위치하고 있습니다.,クタグ・オンドゥル・スームの中心部から北に35kmに位置しています。標高935メートルの高地に位置しています。,它位于Khutag-Ondur soum中心以北35公里处。它位于海拔935米的地方。,Расположен в 35 км к северу от центра сомона Хутаг-Ондур. Он расположен на высоте 935 метров над уровнем моря.
108,2,Түүхийн дурсгалт газар,Би Булаг балгас,Bi Bulag Ruin,Булган,Bulgan,Хутаг-Өндөр,Khutag-Undur,49.3965,102.55479,Уйгарын хаан Моюнчур байгуулсан Байбалык хотын туурь гэж үздэг Хутаг-Өндөр сумын төвөөс баруун зүгт 10.4 км зайтай оршино.,"It is located 10.4 km west of the center of Khutag-Ondur soum, believed to be the ruins of the city of Baybalyk, founded by the Uyghur Khan Moyunchur.",https://www.dropbox.com/scl/fi/ctopywy7cdlinsdpck0d9/.jpg?rlkey=w7ya7y5up3nm2ipc06xaicbfg&raw=1,비 불라그 폐허,ビブラグ遺跡,毕布拉格遗址,Руины Би Булага,위구르 칸 모윤추르(Moyunchur)가 설립한 바이발릭(Baybalyk) 도시의 유적지로 여겨지는 쿠타그-온두르(Khutag-Ondur) soum 중심에서 서쪽으로 10.4km 떨어져 있습니다.,ウイグル族のカーン・モユンチュルによって設立されたバイバリク市の遺跡であると考えられている、クタグ・オンドゥル・スームの中心部から西​​に10.4kmに位置しています。,它位于库塔格翁都尔苏姆中心以西 10.4 公里处，据信是维吾尔汗莫云楚尔建立的巴伊巴力克城的遗址。,"Он расположен в 10,4 км к западу от центра сума Хутаг-Ондур, предположительно являющегося руинами города Байбалык, основанного уйгурским ханом Моюнчуром."
109,2,Түүхийн дурсгалт газар,Бодь мод,Bodi Tree,Булган,Bulgan,Бүрэгхангай,Buregkhangai,48.25794,103.70152,Бүрэггхангай сумын төвөөс баруун зүгт 34 км зайтай оршино. Бодь гөрөөсний хэлбэртэй сонин тогтоцтой мод. ,It is located 34 km west of the center of Buregkhangai soum. Bodi is a tree with a curious shape in the shape of a deer.,https://www.dropbox.com/scl/fi/7j10fouzbr4dxoym971j1/.jpg?rlkey=8s79p6ph2p1yjpzoxbdbq2qds&raw=1,바디나무,ボディツリー,菩提树,Дерево Боди,Buregkhangai soum 중심에서 서쪽으로 34km 떨어져 있습니다. 바디(Bodi)는 사슴 모양을 한 특이한 모양의 나무입니다.,ブレグハンガイ ソムの中心部から西​​に 34 km に位置します。ボディは鹿の形をした奇妙な形をした木です。,它位于Buregkhangai soum中心以西34公里处。博迪树是一棵形状奇特的树，形状像鹿。,Он расположен в 34 км к западу от центра сума Бурегхангай. Боди – дерево любопытной формы в виде оленя.
110,2,Түүхийн дурсгалт газар,Могойн шинэ ус туурь,"Ruins ""Snake's New Water""",Булган,Bulgan,Булган,Bulgan,48.80639,103.51447,Уйгурын  хаан  Моюунчурт  зориулан босгосон тахилын онгон юм.,It is a sacrificial altar built for the Uyghur king Moyunchur.,https://www.dropbox.com/scl/fi/8sixj00geze0fyu1rn6vu/.jpg?rlkey=11gq7gsqrmx4vszha5odaa985&raw=1,"""뱀의 새로운 물"" 유적",遺跡「蛇の新しい水」,遗迹“蛇的新水”,Руины «Новой воды змеи»,위구르 왕 모윤추르(Moyunchur)를 위해 지은 제단입니다.,ウイグル王モユンチュルのために建てられた犠牲の祭壇です。,是为维吾尔王莫云楚尔修建的祭坛。,"Это жертвенный алтарь, построенный для уйгурского царя Моюнчура."
111,1,Байгалийн үзэсгэлэнт газар,Ногоон морьт,Nogoon Morit,Булган,Bulgan,Бүрэгхангай,Buregkhangai,48.28907,103.70602,Бүрэгхангай сумын төвөөс баруун хойд зүгт 30 км зайтай оршино. ,It is located 30 km northwest of the center of Buregkhangai soum.,https://www.dropbox.com/scl/fi/j9thswhflo4byjfg68apt/.jpg?rlkey=6wljmmkmczumvr0yrmqq29dbl&raw=1,노군 모릿,ノグーン・モリット,诺贡·莫里特,Ногун Морит,Buregkhangai soum 중심에서 북서쪽으로 30km 떨어져 있습니다.,ブレグハンガイ・ソムの中心部から北西に 30 km に位置します。,它位于 Buregkhangai soum 中心西北 30 公里处。,Расположен в 30 км к северо-западу от центра сума Бурегхангай.
112,3,Шашны дурсгалт газар,Өвгөн хийдийн туурь,Uvgun Khiid Ruin,Булган,Bulgan,Рашаант,Rashaant,47.43795,103.70841,16 дугаар зууны эхэн үед төвдөөс зугтаж явсан Лхамбалдорж ламын үндэслэн байгуулсан гэх энэ томоохон хийд 1660-1680 оны хавьцаа Галдан бошигтын цэрэгт устгагдсан,"This large monastery, said to have been founded by Lama Lhambaldorj, who fled Tibet in the early 16th century, was destroyed by the army of Galdan Boshigt around 1660-1680.",https://www.dropbox.com/scl/fi/8wup3tucvsbc2tlcsa3wz/.jpg?rlkey=hl2dioc71ysc5v716ftx0brma&raw=1,우브군 키드 유적,ウヴガン・キード遺跡,乌夫贡·基德遗址,Руины Увгун Хиид,16세기 초 티베트를 탈출한 라마 람발도르즈(Lama Lhambaldorj)가 설립했다고 전해지는 이 대형 수도원은 1660~1680년경 갈단 보시트(Galdan Boshigt) 군대에 의해 파괴되었습니다.,この大きな僧院は、16 世紀初頭にチベットから亡命したラマ ランバルドルジによって設立されたと言われていますが、1660 ～ 1680 年頃にガルダン ボシクトの軍隊によって破壊されました。,这座大寺院据说是由 16 世纪初期逃离西藏的喇嘛兰巴道尔吉 (Lama Lhambaldorj) 创建的，1660 年至 1680 年左右被噶尔丹博什格特 (Galdan Boshigt) 的军队摧毁。,"Этот большой монастырь, предположительно основанный ламой Лхамбалдоржем, бежавшим из Тибета в начале 16 века, был разрушен армией Галдана Бошигта около 1660-1680 годов."
113,1,Байгалийн үзэсгэлэнт газар,Хөгнө тарна уул,Khugnu Tarna Mountain,Булган,Bulgan,Рашаант,Rashaant,47.41999,103.67969,Булган аймгийн рашаант сумын нутаг байдаг уул.,A mountain located in the territory of the Shashant soum of Bulgan aimag.,https://www.dropbox.com/scl/fi/b0ucti2r3fk796eh8t9b3/.jpg?rlkey=m6u2g411e66i9r92mfixsiusj&raw=1,코그누 타르나 산,ホーグヌ・タルナ山,霍格努塔纳山,Гора Кёгну Тарна,Bulgan aimag의 Shashant soum 영토에 위치한 산.,ボルガン・アイマグのシャシャント・ソムの領土にある山。,位于布尔干省沙尚特苏姆境内的一座山。,"Гора, расположенная на территории сумана Шашант Булганского аймака."
114,1,Байгалийн үзэсгэлэнт газар,Хөгнө хаан уул (1966м),Khogn Khaan Mountain (1966m),Булган,Bulgan,Рашаант,Rashaant,47.48259,103.72555,"Гурванбулаг, Рашаант сумын хилийн заагт далайн түвшнээс дээш 1966 метр өргөгдөн оршино.","It is located on the border of Gurvanbulag and Rashaant soums, at an elevation of 1,966 meters above sea level.",https://www.dropbox.com/scl/fi/30vnvu35qyg7pk3w703hx/.jpg?rlkey=50mkc8k4e8ry1h2dxtvrcjscb&raw=1,코그 칸 산,ホグン・ハーン山,霍根汗山,Гора Хогн-Хан,"구르반불라그(Gurvanbulag)와 라샤안트 솜(Rashaant soums)의 경계, 해발 1,966m 높이에 위치해 있습니다.","グルヴァンブラグ スームとラシャーント スームの境界に位置し、標高は 1,966 メートルです。","它位于Gurvanbulag和Rashaant soums的边界，海拔1,966米。","Он расположен на границе сумов Гурванбулаг и Рашаант, на высоте 1966 метров над уровнем моря."
115,1,Байгалийн үзэсгэлэнт газар,Өрмийн цагаан нуур,Urmiin Tsagaan Nuur,Булган,Bulgan,Сайхан,Saikhan,48.83305,102.94606,Сайхан сумын төвөөс зүүн хойд зүгт 34 км зайтай Агуйт уулын зүүн хойд хормойд оршино.,"It is located on the northeastern slopes of Aguit Mountain, 34 km northeast of the center of Saikhan soum.",https://www.dropbox.com/scl/fi/sbn05mq3bgli4gfm3mmho/.jpg?rlkey=bp8m095ph6ew95f4k61p05a8f&raw=1,우르미인 차가안 누르,ウルミン・ツァガーン・ヌール,乌尔敏查干努尔,Урмиин Цагаан Нуур,사이칸 솜 중심에서 북동쪽으로 34km 떨어진 아귀산(Aguit Mountain)의 북동쪽 경사면에 위치하고 있습니다.,サイハン ソムの中心部から北東 34 km、アグイット山の北東斜面に位置します。,它位于阿吉特山东北坡，距赛汗苏姆中心东北34公里。,"Он расположен на северо-восточных склонах горы Агит, в 34 км к северо-востоку от центра сомона Сайхан."
116,2,Түүхийн дурсгалт газар,Улаан хэрэм,Ulaan Kherem,Булган,Bulgan,Баяннуур,Bayannuur,47.931,104.541,Баяннуур сумын төвөөс зүүн хойно зүгт 13 км зайтай оршино.,It is located 13 km northeast of the center of Bayannur soum.,https://www.dropbox.com/scl/fi/lh8sz1629dtybois6etv2/.jpg?rlkey=i9emocmslir2l03qckr7x674v&raw=1,울란 케렘,ウラン・ケレム,乌兰卡热姆,Улан Херем,Bayannur soum 중심에서 북동쪽으로 13km 떨어져 있습니다.,バヤンヌール スームの中心部から北東 13 km に位置します。,位于巴彦淖尔苏姆市中心东北13公里处。,Расположен в 13 км к северо-востоку от центра сума Баяннур.
117,1,Байгалийн үзэсгэлэнт газар,Уран тогоо уул (1620м),Uran Togoo Mountain,Булган,Bulgan,Хутаг-Өндөр,Khutag-Undur,48.99717,102.73533,"Уран, Тулга, Тогоо, Жалавч гэдэг дөрвөн унтарсан галт уулс оршдог. Хутаг-Өндөр сумын төвөөс өмнө зүгт 70 км зайтай оршино.","There are four extinct volcanoes: Uran, Tulga, Togoo, and Jalavch. They are located 70 km south of the center of Khutag-Ondur soum.",https://www.dropbox.com/scl/fi/9s2pg0auq6d49os19j6i6/.jpg?rlkey=5chnsp1o4pf6pjj24l9jk1xxc&raw=1,우란 토구 산,ウラン・トグー山,乌兰托古山,Гора Уран Тогоо,"사화산은 우란(Uran), 툴가(Tulga), 토구(Togoo), 잘라브(Jalavch) 등 4개 화산이 있습니다. Khutag-Ondur soum 중심에서 남쪽으로 70km 떨어져 있습니다.",ウラン、トゥルガ、トグー、ジャラフチの 4 つの死火山があります。それらはクタグ・オンドゥル・スームの中心部から70キロ南に位置しています。,有四座死火山：乌兰、图尔加、托古和贾拉夫奇。它们位于 Khutag-Ondur soum 中心以南 70 公里处。,"Здесь четыре потухших вулкана: Уран, Тулга, Тогоо и Джалавч. Они расположены в 70 км к югу от центра сомона Хутаг-Ондур."
118,2,Түүхийн дурсгалт газар,Хар бухын балгас,Khar Bukh Ruin,Булган,Bulgan,Дашинчилэн,Dashinchilen,47.88758,103.89521,"Хар бухын голын өмнө хөвөөнд, Хадаасан толгойн зүүн хойно эртний хотын туурийг Хар бухын буюу Хадаасангийн балгас гэдэг. Дашинчилэн сумын төвөөс баруун хойд зүгт 13 км зайтай оршино.","On the banks of the Khar Bukh River, to the east of Khadaasan Tolgoi, is the site of an ancient city called Khar Bukh or Khadaasan Ruins. It is located 13 km northwest of the center of Dashinchilen soum.","https://www.dropbox.com/scl/fi/glpq9oryad15zig6mrzum/.jpg?rlkey=f4m4vsu1dlw82se4p13pkrkz6&raw=1,https://www.dropbox.com/scl/fi/8fni6mb73a1yhoc9ixvnh/1.jpg?rlkey=qwpvxcfdg312we7xe7f3uv4yi&raw=1",카르부크 유적지,カール ブク遺跡,卡布克遗址,Хар Бух Руины,Khadaasan Tolgoi 동쪽의 Khar Bukh 강 유역에는 Khar Bukh 또는 Khadaasan Ruins라고 불리는 고대 도시가 있습니다. Dashinchilen soum 중심에서 북서쪽으로 13km 떨어져 있습니다.,カダーサン トルゴイの東、ハル ブク川のほとりには、ハル ブクまたはカダーサン遺跡と呼ばれる古代都市があります。ダシンチレン ソムの中心部から北西 13 km に位置します。,在卡达山陶勒盖以东的哈布赫河畔，有一座古城遗址，称为哈布赫或卡达山遗址。它位于Dashinchilen soum中心西北13公里处。,"На берегу реки Хар-Бух, к востоку от Хадаасан-Толгоя, находится место древнего города под названием Хар-Бух или Хадаасанские руины. Расположен в 13 км к северо-западу от центра сомона Дашинчилен."
119,1,Байгалийн үзэсгэлэнт газар,Харгал нуур,Khargal Lake,Булган,Bulgan,Тэшиг,Teshik,49.92636,102.75219,Тэшиг сумын төвөөс зүүн зүгт 6 км зайд оршино.,It is located 6 km east of the center of Teshig soum.,https://www.dropbox.com/scl/fi/lzgms87dajpyli4dbb15u/.jpg?rlkey=p6dud9lbu9y56dtxvcctn6ea0&raw=1,카르갈 호수,ハルガル湖,哈加尔湖,Озеро Харгал,테시그 솜(Teshig soum) 중심에서 동쪽으로 6km 떨어져 있습니다.,テシグ・ソムの中心部から東に6kmに位置しています。,它位于Teshig soum中心以东6公里处。,Расположен в 6 км к востоку от центра сомона Тешиг.
120,2,Байгалийн үзэсгэлэнт газар,Хөгнө тарнын хийд,Khugnu Tarna Monastery,Булган,Bulgan,Гурванбулаг,Gurvanbulag,47.47681,103.65015, Хөгнө-Тарна байгалийн цогцолборт газар нь 84390 га талбайтай. Хөгнөхаан уул нь Богд хаант монгол улсын үед төр шашины холбогдолтойгоор тахин шүтэж ирсэн дөрвөн хан уулын нэг нь байжээ.,"Khognuh-Tarna National Park covers an area of ​​84,390 hectares. Khognuh Khan Mountain was one of the four Khan Mountains that were worshipped as state and religious monuments during the Bogd Khanate Mongol Empire.",https://www.dropbox.com/scl/fi/b0ucti2r3fk796eh8t9b3/.jpg?rlkey=m6u2g411e66i9r92mfixsiusj&raw=1,쿠그누 수도원,クグヌ僧院,库格努寺,Монастырь Хугну Тарна,"Khognuh-Tarna 국립공원은 84,390헥타르의 면적을 차지합니다. 호그누 칸 산(Khognuh Khan Mountain)은 몽골 복드 칸국 시대에 국가 및 종교 기념물로 숭배되었던 4개의 칸 산 중 하나였습니다.","コグヌー・タルナ国立公園の面積は 84,390 ヘクタールです。ホグヌー カーン山は、ボグド ハン国モンゴル帝国時代に国家および宗教的記念碑として崇拝されていた 4 つのカーン山の 1 つです。","Khognuh-Tarna国家公园占地84,390公顷。空奴汗山是博格特汗国蒙古帝国时期被视为国家和宗教古迹的四座可汗山之一。","Национальный парк Хогнух-Тарна занимает площадь 84 390 га. Гора Хогнух-хан была одной из четырех ханских гор, которым поклонялись как государственным и религиозным памятникам во времена Монгольской империи Богдийского ханства."
121,2,Түүхийн дурсгалт газар,Цогтын цагаан балгас,Tsogt White Ruin,Булган,Bulgan,Дашинчилэн,Dashinchilen,48.02351,104.35167,"Дашинчилэн сумын төвөөс зүүн хойд зүгт 33 км, Чин толгойн балгаснаас 20 км зайтай оршино.",It is located 33 km northeast of the center of Dashinchilen soum and 20 km from the Chin Tolgoi ruins.,https://www.dropbox.com/scl/fi/ofetdw1iqkp53pd0ie3cu/.jpg?rlkey=e8aobii953s2d1d1tve9z8tu6&raw=1,초그트 화이트 루인,ツォグトの白い遺跡,措格特白色废墟,Цогт Белые Руины,"Dashinchilen soum 중심에서 북동쪽으로 33km, Chin Tolgoi 유적에서 20km 떨어져 있습니다.",ダシンチレン ソムの中心部から北東 33 km、チン トルゴイ遺跡から 20 km に位置しています。,它位于Dashinchilen soum中心东北33公里处，距钦陶勒盖遗址20公里。,Он расположен в 33 км к северо-востоку от центра сомона Дашинчилен и в 20 км от руин Чин Толгой.
122,2,Түүхийн дурсгалт газар,Чин толгойн балгас,Chin Tolgoi Ruin,Булган,Bulgan,Дашинчилэн,Dashinchilen,47.87548,104.2421, Энд эртний гэрэлт хөшөөний суурь хоёр том чулуун мэлхий бий бөгөөд олдсон зарим дээврийн ваар нь кидан бичигтэй байжээ.,"There are two large stone frogs at the base of an ancient light statue here, and some of the roof vases found had Khitan writing.",https://www.dropbox.com/scl/fi/ojllic414cms7eiwtu36i/.jpg?rlkey=daq09ga3oz9227yrnj3g5a9g7&raw=1,친 톨고이 유적지,チントルゴイ遺跡,钦陶勒盖遗址,Чин Толгой Руины,"이곳의 고대 등불 조각상 아래에는 커다란 돌개구리 두 마리가 있고, 발견된 지붕 꽃병 중 일부에는 키탄 글씨가 적혀 있었습니다.",ここには古代の光の像の根元に大きな石のカエルが 2 匹あり、見つかった屋根の花瓶のいくつかには契丹語が書かれていました。,这里一座古代灯像的底座上有两只大石蛙，一些屋顶花瓶上有契丹文字。,"У основания древней легкой статуи здесь находятся две большие каменные лягушки, а на некоторых найденных вазах на крыше имеется киданьское письмо."
123,1,Байгалийн үзэсгэлэнт газар,Шарга нуур,Sharga Lake,Булган,Bulgan,Баян-Агт,Bayan-Agt,48.92894,101.95227,Шарга сумын төвөөс байруун өмнө зүгт 20 км зайтай оршино.,It is located 20 km south of the center of Sharga soum.,https://www.dropbox.com/scl/fi/n5htuwexkaynac3k6vxgz/.jpg?rlkey=ocppuv61tclwgguzs39csu3ql&raw=1,샤가 호수,シャルガ湖,夏尔加湖,Озеро Шарга,샤르가 숨(Sharga soum) 중심에서 남쪽으로 20km 떨어져 있습니다.,シャルガ スームの中心部から南に 20 km に位置します。,它位于Sharga soum中心以南20公里处。,Он расположен в 20 км к югу от центра сомона Шарга.
124,2,Түүхийн дурсгалт газар,Шивээт улаан Булган,Shiveet Ulaan ,Булган,Bulgan,Баян-Агт,Bayan-Agt,48.79829,102.00501,Түрэгийн Хожуу үеийн (690-744) Элетрес Хутлуга хааны дурсгал ,Monument to the Late Turkic Dynasty (690-744) Khan Eletres Khutluga,https://www.dropbox.com/scl/fi/3pgqwrjl3hn1shh94linl/.jpg?rlkey=rxujgenaqmg7psohx8ht1t3wu&raw=1,쉬벳 울란,シベット・ウラン,什维特·乌兰,Шивит Улаан,후기 투르크 왕조 기념비(690-744) Khan Eletres Khutluga,テュルク朝後期 (690 ～ 744 年) カーン エレットレス クトルガの記念碑,晚期突厥王朝（690-744）可汗埃列特斯呼图鲁嘎纪念碑,Памятник позднетюркской династии (690-744) хану Элетресу Хутлуге
125,2,Түүхийн дурсгалт газар,Шороон бумбагар,Shoroon Bumbagar,Булган,Bulgan,Баяннуур,Bayannuur,47.95931,104.55622,"2012 онд малтлага судалгаа явуулж эртний нүүдэлчдийн язгууртны иж бүрэн бунхант булшийг илрүүлсэн билээ. Тус олдворыг Улаан хэрэмийн Шороон бумбагарын дурсгал хэмээн нэрлэсэн бөгөөд эртний нүүдэлчдийн урлагийн галерей бүхий 1500 жилийн настай нэн чухал олдвор юм. Бунханы барилга муудаж үйрээгүй, бат бөх хэвээрээ үлдсэн ба дотор талд нь хүн явахад чөлөөтэй, чулуун таазтай, хавтгай чулуугаар ханыг нь хийж бүтээсэн байсан.","In 2012, excavations uncovered a complete mausoleum of an ancient nomadic nobleman. The find, called the Red Wall's Shoroon Bumbagar Monument, is a 1,500-year-old, important artifact that contains a gallery of ancient nomadic art. The structure of the tomb is intact, intact, and free for people to walk around inside, with a stone ceiling and flat stone walls.",https://www.dropbox.com/scl/fi/7yp2dsg9cqy2fzuahvkl7/.jpg?rlkey=7ian3e8gdetjn4bowbz1m0vq5&raw=1,쇼룬 범바가르,ショルーン・ブンバガー,肖伦·邦巴加尔,Шорон Бумбагар,"2012년 발굴 작업을 통해 고대 유목민 귀족의 완전한 무덤이 발견되었습니다. 레드 월(Red Wall)의 쇼룬 붐바가르 기념비(Shoroon Bumbagar Monument)라고 불리는 이 발견은 고대 유목 예술 갤러리를 포함하는 1,500년 된 중요한 유물입니다. 무덤의 구조는 온전하고 온전하며 돌천장과 평평한 돌담으로 내부를 자유롭게 돌아다닐 수 있다.","2012 年の発掘調査により、古代の遊牧貴族の完全な霊廟が発見されました。この発見物は「レッド・ウォールのショルーン・ブンバガール記念碑」と呼ばれ、1,500年前の重要な遺物で、古代遊牧民芸術のギャラリーが収められている。墓の構造はそのままの状態で残されており、石の天井と平らな石の壁で人々が内部を自由に歩き回ることができます。","2012年，考古发掘发现了一座完整的古代游牧贵族陵墓。这一发现被称为红墙的肖隆·邦巴加尔纪念碑 (Shoroon Bumbagar Monument)，是一座拥有 1,500 年历史的重要文物，其中包含古代游牧艺术的画廊。墓室结构完好，保存完好，内部可自由走动，石质顶棚，平坦的石墙。","В 2012 году в ходе раскопок был обнаружен целый мавзолей древнего кочевого дворянина. Находка, названная «Памятник Шорону Бумбагару у Красной стены», представляет собой важный артефакт возрастом 1500 лет, содержащий галерею древнего искусства кочевников. Структура гробницы цела, нетронута и свободна для передвижения людей внутри, с каменным потолком и плоскими каменными стенами."
126,1,Байгалийн үзэсгэлэнт газар,Элсэн тасархай,Elsen Tasarkhai,Булган,Bulgan,Рашаант,Rashaant,47.33459,103.67783,Рашаант сумын төвөөс баруун зүгт 20 км зайтай оршино.,It is located 20 km west of the center of Rashaant soum.,https://www.dropbox.com/scl/fi/g8vz4xqd597s7e7atofvu/.jpg?rlkey=ybn7k61dyk7wdbuxppenl6zv4&raw=1,엘센 타사르하이,エルセン・タサルカイ,埃尔森·塔萨凯,Элсен Тасархай,라샤안트 솜(Rashaant Soum) 중심에서 서쪽으로 20km 떨어져 있습니다.,ラシャーント・スームの中心部から西​​に20kmに位置しています。,Error 500 (Server Error)!!1500.That’s an error.There was an error. Please try again later.That’s all we know.,Он расположен в 20 км к западу от центра Рашаант Сум.
127,3,Шашны дурсгалт газар,Эрдэнэ хамбын хийдийн туурь,Erdene Khamba Monastery Ruin,Булган,Bulgan,Рашаант,Rashaant,47.42575,103.69313, 1612 онд Монголын лам Эрдэнэ Цоржид зориулан байгуулагдсан бөгөөд 1937 онд коммунист дэглэмийн үед устгагдсан. ,It was founded in 1612 for the Mongolian monk Erdene Tsorji and was destroyed in 1937 during the communist regime.,https://www.dropbox.com/scl/fi/4rkz17bos5w5e7s16azje/.jpg?rlkey=hn412pk5ot3sp90sqk1m5taa6&raw=1,에르데네 캄바 수도원 유적,エルデネ カンバ修道院跡,额尔德尼康巴寺遗址,Руины монастыря Эрдэнэ Хамба,1612년 몽골 승려 에르데네 초르지(Erdene Tsorji)를 위해 설립되었으며 1937년 공산주의 정권 때 파괴되었습니다.,この寺院は 1612 年にモンゴル人の僧侶エルデネ ツォルジのために設立されましたが、共産主義政権下の 1937 年に破壊されました。,它于 1612 年为蒙古僧人额尔德尼措吉 (Erdene Tsorji) 创建，并于 1937 年共产党政权期间被毁。,Он был основан в 1612 году для монгольского монаха Эрдэнэ Цоржи и разрушен в 1937 году во время коммунистического режима.
128,2,Түүхийн дурсгалт газар,Магсаржав баатрын дусрсгал ,A symbol of heroism Magsarjav hero,Булган,Bulgan,Хутаг-Өндөр,Khutag-Undur,49.39162,102.80444,Хутаг-Өндөр сумын төвөөс зүүн зүгт 6 км зайтай байна. ,,https://www.dropbox.com/scl/fi/4sjuldtciyj9b4gd2ug5h/.jpg?rlkey=azdx1pzhbenr42c3l3apqgok0&raw=1,영웅 막사르자브의 상징,英雄マグサルジャヴの象徴,英雄马格萨尔扎夫的象征,Символ героизма героя Магсарджава.,,,,
129,1,Байгалийн үзэсгэлэнт газар,Бүрэнхаан уул (2008м) Булган,Burenkhaan Mountain Bulgan (2008m),Булган,Bulgan,Хишиг-Өндөр,Khishig-Undur,48.4006,103.44724,Хишиг-Өндөр сумын төвөөс хойд зүгт 10 км зайтай орших далайн түвшнээс дээр 2008 метр өндөрт оршино. ,It is located 10 km north of the center of Khishig-Ondur soum at an altitude of 2008 meters above sea level.,https://www.dropbox.com/scl/fi/xr0kqiac49v4zq9n8a5o0/.jpg?rlkey=i63hkz95v4dd61329tl9yvgl3&raw=1,부렌칸 산,ブレンカーン山,布伦坎山,Гора Буренхаан,Khishig-Ondur soum 중심에서 북쪽으로 10km 떨어진 해발 2008m 높이에 위치해 있습니다.,キシグ・オンドゥル・ソムの中心部から北に10km、標高2008メートルに位置しています。,它位于Khishig-Ondur soum中心以北10公里处，海拔2008米。,Он расположен в 10 км к северу от центра сомона Хишиг-Ондур на высоте 2008 метров над уровнем моря.
130,1,Байгалийн үзэсгэлэнт газар,Сэлэнгэ мөрөн,Selenge River,Булган,Bulgan,Сэлэнгэ,"Bayan-Agt, Khutag-Undur, Selenge",49.67404,104.64154,"Сэлэнгэ мөрний нийт урт 1024 километр, түүнээс 615 км нь тус улсын нутагт байна.  Дэлгэр, Идэр, Хануй, Эг, Орхон зэрэг голууд цутгана.","The total length of the Selenge River is 1,024 kilometers, of which 615 kilometers are within the country. It is drained by the Delger, Ider, Khanuy, Eg, and Orkhon rivers.",https://www.dropbox.com/scl/fi/vv9yab2cm86fygpt82j2x/.jpg?rlkey=nw7q3htse78t2lq432q758jmc&raw=1,셀렝가 강,セレンガ川,色楞格河,Река Селенга,"셀렝게강의 총 길이는 1,024km이며, 그 중 615km가 국내에 속한다. Delger, Ider, Khanuy, Eg 및 Orkhon 강에서 배수됩니다.","セレンゲ川の全長は 1,024 キロメートルで、そのうち 615 キロメートルが国内にあります。デルガー川、イデル川、カヌイ川、エグ川、オルホン川によって排水されています。",色楞格河全长1024公里，其中境内615公里。其水源包括德尔格河、伊德尔河、哈努伊河、埃格河和鄂尔浑河。,"Общая длина реки Селенги составляет 1024 километра, из них 615 километров приходится на территорию страны. Его дренируют реки Дэлгер, Идер, Хануй, Эг, Орхон."
131,2,Түүхийн дурсгалт газар,Аав хөшөө,Father Statue,Говь-Алтай,Govi-Altai,Чандмань,Chandmani,45.32763,97.88825,Чандмань сумын төвөөс баруун зүгт 8 км зайтай Ботгон голын эрэгт оршино. ,"It is located on the banks of the Botgon River, 8 km west of the center of Chandman soum.",https://www.dropbox.com/scl/fi/n8i9o1p9vtfr02tfun518/.jpg?rlkey=32h8kxlkwq0i1fxkszx0zov07&raw=1,아버지 동상,父の像,父亲雕像,Статуя отца,Chandman soum 중심에서 서쪽으로 8km 떨어진 Botgon 강 유역에 위치하고 있습니다.,チャンドマン スームの中心部から西​​に 8 km、ボトゴン川のほとりに位置しています。,它位于 Botgon 河岸，距 Chandman soum 中心以西 8 公里。,"Он расположен на берегу реки Ботгон, в 8 км к западу от центра сума Чандман."
132,1,Байгалийн үзэсгэлэнт газар,Аж богдын уул (3802м),Аj Bogd Mountain (3802m),Говь-Алтай,Govi-Altai,Алтай,Altai,44.80211,95.23946,"Монгол Алтайн нурууны салбар уул бөгөөд хамгийн өндөр оргил нь Хүрэн товон далайн төвшнөөс дээш 3802 метр өндөр. Аж богдын нурууны өврөөс Индэр, Гишүүнтэй, Их гол, ар талаас нь Урт, Дөрөлжийн голууд эх аван урсдаг. ","It is a branch of the Mongolian Altai Mountains, and its highest peak is Khuren Tovon, which is 3,802 meters above sea level. The Inder, Gishuuntei, and Ikh rivers originate from the foot of the Ajbogd Range, and the Urt and Dorolji rivers flow from the rear.",https://www.dropbox.com/scl/fi/huxms6djl5izsqd4krb35/.jpg?rlkey=rykzetusxdffo3khs2jtetnsw&raw=1,Аj 복드 산,Аj ボグド山,阿吉·博格德山,Ай Богд Гора,"몽골 알타이 산맥의 지류이며 최고봉은 쿠렌토본(Khuren Tovon)으로 해발 3,802m이다. Inder 강, Gishuuntei 강, Ikh 강은 Ajbogd 산맥 기슭에서 발원하고 뒤쪽에서는 Urt 강과 Dorolji 강이 흐릅니다.","モンゴルのアルタイ山脈の支脈であり、最高峰は標高3,802メートルのクーレン・トヴォンです。インデル川、ギシュンテイ川、イフ川はアジボグド山脈の麓から源を発し、ウルト川とドロルジ川が後部から流れています。",它是蒙古阿尔泰山脉的一支，最高峰呼伦托翁，海拔3802米。因德尔河、吉舒恩泰河和伊赫河发源于阿杰博格德山脉脚下，乌尔特河和多罗尔吉河从后方流过。,"Это ответвление гор Монгольского Алтая, а его самая высокая вершина — Хурен Товон, высота которой составляет 3802 метра над уровнем моря. Реки Индер, Гишуунтей, Их берут начало у подножия хребта Айбогд, а реки Урт и Доролджи текут с тыла."
133,1,Байгалийн үзэсгэлэнт газар,Алаг хайрхан уул(3738м),Alag Khairkhan Mountain (3738m),Говь-Алтай,Govi-Altai,Бугат,Bugat,45.57154,94.11714,Бугат сумын төвөөс 30 км зайтай далайн түвшнээс дээш 3738 метр өргөгдөн оршино. ,"It is located 3738 meters above sea level, 30 km from the center of Bugat soum.",https://www.dropbox.com/scl/fi/gduc2yhvttisxoih1oqz9/.jpg?rlkey=qolbrewxjrbs4s5liv7t8zafq&raw=1,알라그 카이르칸 산,アラグ・カイルカン山,阿拉格凯尔汗山,Гора Алаг Хайрхан,"해발 3738m, 부가솜 중심에서 30km 떨어져 있다.",ブガット ソムの中心部から 30 km、海抜 3738 メートルに位置しています。,它海拔3738米，距离布加特苏姆市中心30公里。,"It is located 3738 meters above sea level, 30 km from the center of Bugat soum."
134,2,Түүхийн дурсгалт газар,Кристиан Освальдын хөшөө,Monument for Christian Oswald,Говь-Алтай,Govi-Altai,Бугат,Bugat,45.5391,93.62717,Тахийн талд тахийг дахин нутагшуулах ажлыг санаачилсан Кристиан Освальдын дурсгалд зориулсан хөшөө.хөшөө,"A monument to Christian Oswald, who initiated the reintroduction of the tahi in the tahi valley.",https://www.dropbox.com/scl/fi/6n6c24op77ho5cjgdzn19/.jpg?rlkey=00wmp5ibovikt7p0kfvbs1jmk&raw=1,크리스티안 오스왈드를 위한 기념비,クリスチャン・オズワルドの記念碑,克里斯蒂安·奥斯瓦尔德纪念碑,Памятник Кристиану Освальду,타히 계곡에 타히의 재도입을 시작한 크리스티안 오스왈드(Christian Oswald)를 기리는 기념비입니다.,タヒ渓谷へのタヒの再導入を始めたクリスチャン・オズワルドの記念碑。,克里斯蒂安·奥斯瓦尔德 (Christian Oswald) 的纪念碑，他发起了在塔希谷重新引入塔希族的活动。,"A monument to Christian Oswald, who initiated the reintroduction of the tahi in the tahi valley."
135,3,Шашны дурсгалт газар,Арын хүрээний туурь,Aryn Monastery Ruin,Говь-Алтай,Govi-Altai,Жаргалан,Jargalant,46.85744,95.72878,Жаргалан сумын төвөөс баруун урд  зүгт 25 км зайтай оршино.,It is located 25 km southwest of the center of Jargalan soum.,https://www.dropbox.com/scl/fi/cvzw0c7wn8sw8wcb5g7wk/.jpg?rlkey=rfp2cxic02wvsasg57wuz4ge7&raw=1,아린 수도원 폐허,アリン修道院跡,阿林修道院遗址,Руины монастыря Арын,자르갈란 숨(Jargalan soum) 중심에서 남서쪽으로 25km 떨어져 있습니다.,ジャルガラン ソムの中心部から南西 25 km に位置します。,它位于贾尔加兰苏姆中心西南25公里处。,Он расположен в 25 км к юго-западу от центра сомона Жаргалан.
136,1,Байгалийн үзэсгэлэнт газар,Бигэр нуур,Biger Lake,Говь-Алтай,Govi-Altai,Бигэр,Biger,45.76243,97.17836,Бигэр сумын төвөөс хойд зүгт 4 км зайтай оршино.,It is located 4 km north of the center of Biger soum.,https://www.dropbox.com/scl/fi/rjxmduealwpnd9tkztihc/.jpg?rlkey=h4f28mx29u33aiovcb7qb2wuv&raw=1,비거 호수,ビガー・レイク,更大的湖,Бигер-Лейк,비거솜(Biger soum) 중심에서 북쪽으로 4km 떨어져 있습니다.,ビガー スームの中心部から北に 4 km に位置します。,它位于比格苏姆中心以北4公里处。,Он расположен в 4 км к северу от центра Бигер-сума.
137,1,Байгалийн үзэсгэлэнт газар,Бурхан буудай уул (3765м),Burkhan Buudai Mountain (3765),Говь-Алтай,Govi-Altai,Цогт,Tsogt,45.67503,96.75017,"Говь-Алтай аймгийн Бигэр, Цогт, Халиун сумдын нутагт орших өвөрмөц үзэсгэлэнт тогтоц бүхий, ноён оргил нь далайн түвшнээс дээш 3765 мерт өргөгдсөн мөнх цастай уул байдаг. ","Located in the Biger, Tsogt, and Khaliun soums of Gobi-Altai aimag, there is a uniquely beautiful mountain with eternal snow, its highest peak rising 3,765 meters above sea level.",https://www.dropbox.com/scl/fi/4xjbshlht72zntwa4j96p/.jpg?rlkey=oiwzt4500i4tq8wwx64zrx2bu&raw=1,부르칸 부우다이 산,ブルカン・ブダイ山,布尔罕布戴山,Гора Бурхан Буудай,"고비알타이 아이막의 비거(Biger), 촉트(Tsogt), 칼리운 솜(Khaliun soums)에 위치한 이 산은 만년설이 내리는 독특하고 아름다운 산으로, 최고봉은 해발 3,765m이다.","ゴビアルタイアイマグのビガー、ツォグト、ハリウンの各スムに位置し、永遠の雪に覆われた独特の美しい山があり、その最高峰は海抜 3,765 メートルです。",位于戈壁-阿尔泰地区的比格尔、措格特、哈利伦苏木斯地区，有一座独特的美丽山峰，终年积雪，最高峰海拔3765米。,Error 500 (Server Error)!!1500.That’s an error.There was an error. Please try again later.That’s all we know.
138,1,Байгалийн үзэсгэлэнт газар,Говийн их  дархан цаазат газар А,Great Gobi Strictly Protected Area A,Говь-Алтай,Govi-Altai,Эрдэнэ,Erdene,43.252,97.44196,"Говийн Их Дархан Цаазат Газрын А хэсэг нь Монголын говь цөлийн экосистемийг хамгаалах, түүх, соёлын өвийг хадгалахад чухал үүрэгтэй, 4.6 сая га талбайг хамардаг.","Part A of the Gobi Desert is important for protecting the ecosystem of Mongolia's Gobi Desert and preserving its historical and cultural heritage, covering an area of ​​4.6 million hectares.",https://www.dropbox.com/scl/fi/fmkt2e448le4yj6bcuu1d/.jpg?rlkey=vfrzv3mxvk52u8lfi86twzvrk&raw=1,그레이트 고비 엄격 보호 구역 A,大ゴビ厳重保護区A,大戈壁严格保护区A,Строго охраняемая территория «Большая Гоби» А,고비사막 A부분은 몽골 고비사막의 생태계를 보호하고 역사문화유산을 보존하는 데 중요한 지역으로 460만 헥타르에 달한다.,ゴビ砂漠のAパートは、モンゴルのゴビ砂漠の生態系を保護し、その歴史的および文化的遺産を保存するために重要であり、460万ヘクタールの面積をカバーしています。,戈壁沙漠A部分对于保护蒙古戈壁沙漠生态系统和保存其历史文化遗产具有重要意义，面积达460万公顷。,"Часть А пустыни Гоби важна для защиты экосистемы пустыни Гоби в Монголии и сохранения ее исторического и культурного наследия, занимая площадь 4,6 миллиона гектаров."
139,2,Түүхийн дурсгалт газар,Гочоосүрэнгийн суварга,Gochoosuren Stupa,Говь-Алтай,Govi-Altai,Чандмань,Chandmani,45.31666,97.85258,Чандмань сумын төвөөс баруун зүгт 11 км зайтай оршино.,It is located 11 km west of the center of Chandman soum.,https://www.dropbox.com/scl/fi/6odm7opnjenkaskepq4fq/.jpg?rlkey=8xnipbbf7cwhojm3zc4bxcg1s&raw=1,고초수렌 스투파,ごちょうおすれん仏塔,果乔苏伦佛塔,Ступа Гочоосурэн,Chandman soum 중심에서 서쪽으로 11km 떨어져 있습니다.,チャンドマン スームの中心部から西​​に 11 km に位置します。,它位于昌德曼苏姆市中心以西11公里处。,Он расположен в 11 км к западу от центра сума Чандман.
140,1,Байгалийн үзэсгэлэнт газар,Гэгээн нуур,Gegeen Lake,Говь-Алтай,Govi-Altai,Тайшир,Taishir,46.70391,96.76257,"Тайширын усан цахилгаан станцыг барих үед үүссэн 20 км урт, 10 км өргөн хиймэл нуур.","An artificial lake 20 km long and 10 km wide, created during the construction of the Taishir hydroelectric power station.",https://www.dropbox.com/scl/fi/whni0hpw3i3dxm2m12mib/.jpg?rlkey=diewfxq1sos897fi3gj9rfdw8&raw=1,게긴 호수,ゲジーン湖,格金湖,Озеро Геген,"타이시르 수력 발전소 건설 중에 만들어진 길이 20km, 폭 10km의 인공 호수입니다.",太白水力発電所の建設中にできた長さ20km、幅10kmの人造湖。,长20公里、宽10公里的人工湖，是泰希尔水电站建设过程中形成的。,"Искусственное озеро длиной 20 км и шириной 10 км, созданное при строительстве Тайширской ГЭС."
141,1,Байгалийн үзэсгэлэнт газар,Зоос хад,Coin rock,Говь-Алтай,Govi-Altai,Чандмань,Chandmani,45.49216,98.23883,Чандмань сумын төвөөс зүүн хойд зүгт 42 км зайтай оршино.,It is located 42 km northeast of the center of Chandman soum.,https://www.dropbox.com/scl/fi/uaozt48snbbydnpde1z8p/.jpg?rlkey=i2smr4r7l5iu6n1bkngr952n5&raw=1,코인 락,コインロック,硬币岩石,Монетный камень,Chandman soum 중심에서 북동쪽으로 42km 떨어져 있습니다.,チャンドマン スームの中心部から北東 42 km に位置します。,它位于昌德曼苏姆中心东北42公里处。,Он расположен в 42 км к северо-востоку от центра сума Чандман.
142,1,Байгалийн үзэсгэлэнт газар,Ихэс нуур,Ikhes Lake,Говь-Алтай,Govi-Altai,Дарви,Darwi,46.46125,94.06104,Ихэс нуурын зүүн эрэг дээр  Дарви сумын төв байдаг.,The center of Darvi soum is located on the eastern shore of Lake Ihes.,https://www.dropbox.com/scl/fi/g5sasoa4qxhwp3knn6fsn/.jpg?rlkey=zf0ernu31ep8xhzr8xwfwukmm&raw=1,이케스 호수,イクシュ湖,伊克什湖,Озеро Ихес,Darvi soum의 중심은 Ihes 호수의 동쪽 해안에 위치하고 있습니다.,ダルヴィ スームの中心部はイヘス湖の東岸にあります。,达尔维苏姆的中心位于伊赫斯湖的东岸。,Центр сума Дарви расположен на восточном берегу озера Ихес.
143,1,Байгалийн үзэсгэлэнт газар,Шаргын говь,Shargyn Gobi,Говь-Алтай,Govi-Altai,Дарви,"Darwi, Tugrug, Sharga, Khaliun, Tonkhil",46.0429,94.94007,"Говь-Алтай аймгийн Дарви, Төгрөг, Шарга, Халиун, Тонхил сумдын нутгийг дамжин оршино.","It passes through the territories of Darvi, Togrug, Sharga, Khaliun, and Tonkhil soums of Gobi-Altai aimag. Save translation",https://www.dropbox.com/scl/fi/5nqedkbspdinzi2ug7nf5/.JPG?rlkey=snddujicw1rrmjaxqecbkeecx&raw=1,샤르긴 고비,シャーギン・ゴビ,沙尔根戈壁,Шаргин Гоби,"그것은 Gobi-Altai aimag의 Darvi, Togrug, Sharga, Khaliun 및 Tonkhil soum의 영토를 통과합니다. 번역 저장",ゴビアルタイアイマグのダルヴィ、トグルグ、シャルガ、ハリウン、トンキルの領土を通過します。翻訳を保存する,它经过戈壁-阿尔泰地区的达尔维、托古鲁、沙尔加、哈利伦和通基勒苏姆地区。保存翻译,"Проходит по территориям сумов Дарви, Тогруг, Шарга, Халиун и Тонхил Гоби-Алтайского аймака. Сохранить перевод"
144,1,Байгалийн үзэсгэлэнт газар,Мазаалайн ус,Mazaalain Us,Говь-Алтай,Govi-Altai,Эрдэнэ,Erdene,43.25734,97.33213,Эрдэнэ сумын төвөөс урд зүгт 230 км зайд Говийн их дархан цаазат газарт байна. ,"It is located 230 km south of the center of Erdene soum, in the Gobi National Park.",https://www.dropbox.com/scl/fi/zhbc3xq2ggc7waxdlpyo0/.jpeg?rlkey=wk94zwdpxel1digcy5alkdvkz&raw=1,마잘라인 우리,マザライン・アス,马扎兰美国,Мазаалайн Ус,고비 국립공원의 에르덴 숨(Erdene soum) 중심에서 남쪽으로 230km 떨어져 있습니다.,ゴビ国立公園内のエルデネ ソムの中心部から南に 230 km に位置しています。,它位于额尔登苏姆中心以南230公里处，戈壁国家公园内。,"Он расположен в 230 км к югу от центра сума Эрдэнэ, на территории Гобинского национального парка."
145,1,Байгалийн үзэсгэлэнт газар,Монгол элс,Mongol Sand,Говь-Алтай,Govi-Altai,Хөхморьт,Khukhmorit,47.49862,95.07601,Хөх морьт сумын хойд талаар нийтдээ 215 гаруй км үргэлжилнэ.,The northern part of Khokh Morit soum extends for a total of more than 215 km.,https://www.dropbox.com/scl/fi/p68q92kruqqogxmqvq2xg/.jpg?rlkey=wjgac294x0sqnjo3899d2nlhd&raw=1,몽골 모래,モンゴルサンド,蒙古沙,Монгольский песок,Khokh Morit soum의 북부 부분은 총 215km 이상 뻗어 있습니다.,コーク モリット スームの北部は全長 215 km 以上に及びます。,Khokh Morit soum 北部总长度超过 215 公里。,Северная часть сума Хох Морит простирается в общей сложности более чем на 215 км.
146,1,Байгалийн үзэсгэлэнт газар,Нарийн худаг,Nariin Khudag,Говь-Алтай,Govi-Altai,Эрдэнэ,Erdene,44.81484,97.3287,Эрдэнэ сумын төвөөс баруун өмнө зүгт 57 км зайд оршино.,It is located 57 km southwest of the center of Erdene soum.,https://www.dropbox.com/scl/fi/pk9gghxvn30zih3x0iynu/.jpg?rlkey=c0gynk42lpu15c1nj2h1d6sov&raw=1,나린 쿠다그,ナリン・クダグ,纳里因·库达格,Нариин Худаг,Erdene soum 중심에서 남서쪽으로 57km 떨어져 있습니다.,エルデネ・ソムの中心部から南西に57kmに位置しています。,它位于额尔登苏姆市中心西南57公里处。,Расположен в 57 км к юго-западу от центра сомона Эрдэнэ.
147,3,Шашны дурсгалт газар,Бигэр Номуун ханы хүрээний туурь,Biger Nomuun Khan Monastery Ruin,Говь-Алтай,Govi-Altai,Бигэр,Biger,45.8068,97.00925,"Бигэр сумын төвөөс баруун хойд зүгт 17.5 км оршино. Засагт хан аймгийн Ёст засгийн хошуу, Итгэмжит засгийн хошуутай зах нийлж байв. Ардын дунд Бигэрийн Номун хан хутагт хэмээн алдаршчээ. ",It is located 17.5 km northwest of the center of Biger soum. It was a market town with Yost Khosh and Itgemjit Khosh of Zasagt Khan aimag. He was known among the people as Nomun Khan Khutugt of Biger.,https://www.dropbox.com/scl/fi/vyxdjakr5iz3w2skayzvp/.jpg?rlkey=eyqq9iop05sbt1jxa1y9oj3cq&raw=1,더 큰 노무운 칸 수도원 유적,ビッグ・ノムーン・カーン僧院跡,比格诺蒙汗寺遗址,Руины монастыря Бигэр Номуун-хана,비거솜 중심에서 북서쪽으로 17.5km 떨어진 곳에 위치해 있다. Zasagt Khan aimag의 Yost Khosh와 Itgemjit Khosh가 있는 시장 도시였습니다. 그는 사람들 사이에서 Biger의 Nomun Khan Khutugt로 알려졌습니다.,ビガー スームの中心部から北西 17.5 km に位置します。そこはザサグト・カーン・アイマグのヨスト・コシュとイトゲムジット・コシュがいる市場町でした。彼は人々の間ではビガーのノムン・カーン・クトゥクトとして知られていました。,它位于比格苏姆中心西北17.5公里处。这是一个集镇，有扎萨特汗艾马格的 Yost Khosh 和 Itgemjit Khosh。他被人们称为比格的诺蒙汗呼图格特。,"Он расположен в 17,5 км к северо-западу от центра Бигер-сума. Это был торговый городок с Йост-Хошем и Итгемжит-Хошем аймака Засагт-хана. В народе он был известен как Номун-хан Хутугт из Бигера."
148,1,Байгалийн үзэсгэлэнт газар,Онцын улаан явар,Ontsyn Ulaan Yavar,Говь-Алтай,Govi-Altai,"Бигэр, Халиун","Biger, Khaliun",45.89859,96.76142,Бигэр сумын төвөөс баруун хойд зүгт 37 км зайтай оршино.,It is located 37 km northwest of the center of Biger soum.,https://www.dropbox.com/scl/fi/gi7ko4hffpwj7cinl237m/.jpg?rlkey=t9o6gdg9rebdk46tx9qjso4qg&raw=1,온친 울란 야바르,オンツィン・ウラーン・ヤヴァル,翁岑乌兰亚瓦尔,Онцин Улаан Явар,비거솜(Biger soum) 중심에서 북서쪽으로 37km 떨어진 곳에 위치해 있다.,ビガー スームの中心部から北西 37 km に位置します。,它位于比格苏姆中心西北37公里处。,Он расположен в 37 км к северо-западу от центра Бигер-сума.
149,3,Шашны дурсгалт газар,Өлзийт булгийн хийдийн туурь ,Ulziit Bulag Monastery Ruin,Говь-Алтай,Govi-Altai,Чандмань,Chandmani,45.46551,98.23848,Чандмань сумын төвөөс зүүн хойд зүгт 39 км зайтай оршино.,It is located 39 km northeast of the center of Chandman soum.,https://www.dropbox.com/scl/fi/0b2q1yolybs06trufxmwf/.jpg?rlkey=jgrx6qeuhjdgrvg9a1jjzmgsa&raw=1,울지트 불라그 수도원 폐허,ウルツィット・ブラグ修道院跡,乌尔济特·布拉格修道院遗址,Руины монастыря Улзиит Булаг,Chandman soum 중심에서 북동쪽으로 39km 떨어져 있습니다.,チャンドマン スームの中心部から北東 39 km に位置します。,它位于昌德曼苏姆中心东北39公里处。,Он расположен в 39 км к северо-востоку от центра сума Чандман.
150,1,Байгалийн үзэсгэлэнт газар,Сутай хайрхан уул (4090м),Sutai Khairkhan Mountain (4090m),Говь-Алтай,Govi-Altai,Тонхил,Tonkhil,46.61776,93.59401,"Төрийн тахилгат Сутай хайрхан уулын ихэнх нь Говь-Алтай аймгийн Тонхил сумын нутагт оршдог боловч цаад талаараа Ховд аймгийн Дарви, Цэцэг сумын нутагт хамаарах хайрхан юм. Ноён оргил Цаст богд нь д.т.д 4234 метр өндөр бөгөөд Сутай хайрхан уул 60 км сунаж тогтсон. ","Most of the state-sanctioned Sutai Khairkhan Mountain is located in the territory of Tonkhil soum of Gobi-Altai aimag, but the rest of the mountain belongs to the territories of Darvi and Tsetseg soums of Khovd aimag. The peak is Tsast Bogd, which is 4234 meters above sea level, and Sutai Khairkhan Mountain stretches for 60 km.",https://www.dropbox.com/scl/fi/5hes8eoy7ozu9wbfx241m/.jpg?rlkey=gkfs8m4ajpil5bxonlmx4bl14&raw=1,수타이 카이르칸 산,スタイ・ハイルカン山,苏泰凯尔汗山,Гора Сутай Хайрхан,"국가가 승인한 Sutai Khairkhan 산의 대부분은 Gobi-Altai aimag의 Tonkhil soum 영토에 위치하고 있지만 나머지 산은 Khovd aimag의 Darvi 및 Tsetseg soum 영토에 속합니다. 최고봉은 해발 4234m의 차스트 복드(Tsast Bogd)이며, 수타이 카이르칸산(Sutai Khairkhan Mountain)은 60km에 걸쳐 뻗어 있다.",国家認可のスタイ・ハイルハン山のほとんどはゴビ・アルタイ地域のトンキル・ソムの領土に位置しているが、山の残りの部分はホブド・アイマグのダルヴィ・ソムとツェツェグ・ソムの領土に属している。頂上は標高4234メートルのツァスト・ボグドで、スタイ・ハイルカン山は60キロメートルにわたって伸びています。,国家批准的苏泰凯尔汗山的大部分位于戈壁-阿尔泰省的通基勒苏姆地区，但山的其余部分属于科布多省的达尔维和采采格苏姆地区。最高峰是察斯特博格德，海拔4234米，苏泰凯尔汗山绵延60公里。,"Большая часть санкционированной государством горы Сутай Хайрхан расположена на территории сума Тонхил Гоби-Алтайского аймака, но остальная часть горы принадлежит территориям сомонов Дарви и Цецег аймака Ховд. Вершина — Цаст Богд, высота которой составляет 4234 метра над уровнем моря, а гора Сутай Хайрхан протянулась на 60 км."
151,1,Байгалийн үзэсгэлэнт газар,Сухайтын булаг,Sukhait Spring,Говь-Алтай,Govi-Altai,Цогт,Tsogt,45.0792,96.64386,Цогт сумын төвөөс өмнө зүгт 40 км зайтай оршино.,It is located 40 km south of the center of Tsogt soum.,https://www.dropbox.com/scl/fi/6d0la99ro179w0crw3k6v/.jpg?rlkey=thte3nfykra0ab3ulsl51e5f7&raw=1,수카이트 봄,スカイト 春,素凯 春天,Сухаит Весна,Tsogt soum 중심에서 남쪽으로 40km 떨어져 있습니다.,ツォグト・スムの中心部から南に40kmに位置しています。,它位于措格特苏姆中心以南40公里处。,Он расположен в 40 км к югу от центра сума Цогт.
152,1,Байгалийн үзэсгэлэнт газар,Тайгам нуур,Taigam Lake,Говь-Алтай,Govi-Altai,Дэлгэр,Delger,46.36218,97.40159,Тайгам нуур далайн түвшнээс дээш 1780 метр өндөрт байдаг. Тус нуурын баруун өмнө эрэгт Дэлгэр сумын төв байрладаг. ,"Lake Taigam is located at an altitude of 1,780 meters above sea level. The center of Delger soum is located on the southwestern shore of the lake.",https://www.dropbox.com/scl/fi/q2udex58kqmf15x7oc9fp/.jpg?rlkey=dfp76ble1zqwb71085br9d7kj&raw=1,태감호,タイガム湖,泰伽姆湖,Озеро Тайгам,"타이감호는 해발 1,780m에 위치해 있다. Delger soum의 중심은 호수 남서쪽 해안에 위치하고 있습니다.","タイガム湖は海抜 1,780 メートルの高地にあります。デルガー スームの中心部は湖の南西岸にあります。","Taigam湖海拔1,780米。德尔格苏姆的中心位于湖的西南岸。",Озеро Тайгам расположено на высоте 1780 метров над уровнем моря. Центр сомона Дэлгер расположен на юго-западном берегу озера.
153,2,Түүхийн дурсгалт газар,Тайширын усан цахилгаан станц,Taishir Hydropower Station,Говь-Алтай,Govi-Altai,Тайшир,Taishir,46.69481,96.6654,Тайшир сумын төвөөс зүүн урд зүгт 13 км зайтай оршино.,It is located 13 km southeast of the center of Taishir soum.,https://www.dropbox.com/scl/fi/jfnix9sn27879ifmt26u6/.jpg?rlkey=qmwe2mu7ujfb705ay8dpxg157&raw=1,타이시르 수력발전소,太子水力発電所,太舍尔水电站,Тайширская ГЭС,Taishir soum 중심에서 남동쪽으로 13km 떨어져 있습니다.,タイシル・ソムの中心部から南東13kmに位置する。,它位于Taishir soum中心东南13公里处。,Расположен в 13 км к юго-востоку от центра Тайширского сума.
154,1,Байгалийн үзэсгэлэнт газар,Тонхил нуур,Tonkhil Lake,Говь-Алтай,Govi-Altai,Тонхил,Tonkhil,46.18285,93.90512,Тонхил сумаас өмнө зүгт 16 км зайтай оршино.,It is located 16 km south of Tonkhil soum.,https://www.dropbox.com/scl/fi/772fzt4wzji76bkwoggk2/.jpg?rlkey=0cfa43vuxio721bkanso83k8c&raw=1,톤힐 호수,トンキル湖,通基尔湖,Озеро Тонхил,Tonkhil soum에서 남쪽으로 16km 떨어져 있습니다.,トンヒル・ソムの南16kmに位置する。,它位于Tonkhil soum以南16公里处。,Он расположен в 16 км к югу от сума Тонхил.
155,1,Байгалийн үзэсгэлэнт газар,Хутаг нуур,Khutag Lake,Говь-Алтай,Govi-Altai,Чандмань,Chandmani,45.23655,98.34225,Чандмань сумын төвөөс зүүн урд зүгт 30 км зайтай оршино. ,It is located 30 km southeast of the center of Chandman soum.,https://www.dropbox.com/scl/fi/8xuzfi05jtvzw9dszablf/.jpg?rlkey=ibk9zysudu3m3idc36clw5899&=1,쿠타그 호수,クータグ湖,库塔格湖,Озеро Хутаг,Chandman soum 중심에서 남동쪽으로 30km 떨어져 있습니다.,チャンドマン スームの中心部から南東 30 km に位置します。,它位于昌德曼苏姆中心东南30公里处。,Он расположен в 30 км к юго-востоку от центра сума Чандман.
156,1,Байгалийн үзэсгэлэнт газар,Харандаа хад,Pencil Rock,Говь-Алтай,Govi-Altai,Тайшир,Taishir,46.69488,96.58191,Тайшир сумын төвөөс зүүн урд зүгт 5 км зайтай оршино.,It is located 5 km southeast of the center of Taishir soum.,https://www.dropbox.com/scl/fi/h7muczk7ugiqueluknsts/.jpg?rlkey=p8na1rxd1ithrq6fbd29q9w5o&raw=1,펜슬 락,ペンシルロック,铅笔摇滚,Карандаш Рок,Taishir soum 중심에서 남동쪽으로 5km 떨어져 있습니다.,タイシル・ソムの中心部から南東に5キロメートル離れたところに位置する。,它位于Taishir soum中心东南5公里处。,Расположен в 5 км к юго-востоку от центра Тайширского сума.
157,1,Байгалийн үзэсгэлэнт газар,Хасагт хайрхан уул (3522м),Khasagt Kharkhan Mountain (3522m),Говь-Алтай,Govi-Altai,Шарга,Sharga,46.71945,95.85806,"Хасагт хайрхан уул нь Говь-Алтай аймгийн  Шарга, Жаргалан сумдын нутагт орших, далайн түвшнээс дээш 3578 метр өндөртэй, дархан цаазат газар юм.","Khasagt Khairkhan Mountain is a protected area located in the Sharga and Jargalan soums of Gobi-Altai aimag, at an altitude of 3,578 meters above sea level.",https://www.dropbox.com/scl/fi/1pw1vase6u6u4cg5x4mm8/.jpg?rlkey=8l4pubjj7ek5fv9njzuxo5umf&raw=1,카삭트 카르칸 산,カサグト ハルカン山,卡萨格特喀尔汗山,Гора Хасагт Хархан,"Khasagt Khairkhan Mountain은 해발 3,578m 고도의 Gobi-Altai aimag의 Sharga 및 Jargalan soum에 위치한 보호 지역입니다.","カサグト ヘアカン山は、ゴビ アルタイ アイマグのシャルガ スームとジャルガラン スームに位置する、標高 3,578 メートルの保護区です。","Khasagt Khairkhan山是位于戈壁-阿尔泰地区Sharga和Jargalan苏姆的保护区，海拔3,578米。","Гора Хасагт Хайрхан — охраняемая территория, расположенная в сумах Шарга и Джаргалан Гоби-Алтайского аймака, на высоте 3578 метров над уровнем моря."
158,1,Байгалийн үзэсгэлэнт газар,Хөлмийн нуур,Khulmiin Lake,Говь-Алтай,Govi-Altai,Тонхил,Tonkhil,46.18564,93.54615,Тонхил сумаас баруун өмнө зүгт 34 км зайтай оршино.,It is located 34 km southwest of Tonkhil soum.,https://www.dropbox.com/scl/fi/1pw1vase6u6u4cg5x4mm8/.jpg?rlkey=8l4pubjj7ek5fv9njzuxo5umf&raw=1,쿨미인 호수,クルミン湖,库尔敏湖,Озеро Хулмиин,Tonkhil soum에서 남서쪽으로 34km 떨어져 있습니다.,トンヒル・ソムの南西34kmに位置する。,它位于Tonkhil soum西南34公里处。,Он расположен в 34 км к юго-западу от сума Тонхил.
159,2,Түүхийн дурсгалт газар,Хөшөө чулуу,Khushuu Chuluu ,Говь-Алтай,Govi-Altai,Чандмань,Chandmani,45.30794,97.96203,Чандмань сумын төвөөс баруун өмнө зүгт 3.4 км зайтай оршино.,It is located 3.4 km southwest of the center of Chandman soum.,https://www.dropbox.com/scl/fi/87d017kzucnpldjh10hvd/.jpg?rlkey=k8zw3fpk7ptpqqw7khzh2ntq3&raw=1,쿠슈 출루,クシュウ・チュルウ,胡舒楚鲁,Хушуу Чулуу,Chandman soum 중심에서 남서쪽으로 3.4km 떨어져 있습니다.,チャンドマン・スームの中心部から南西に3.4kmに位置しています。,它位于昌德曼苏姆市中心西南3.4公里处。,"Он расположен в 3,4 км к юго-западу от центра сума Чандман."
160,1,Байгалийн үзэсгэлэнт газар,Тэцэг нуур,Tetseg Lake,Говь-Алтай,Govi-Altai,Эрдэнэ,Erdene,45.19364,97.54099,Эрдэнэ сумын төвөөс баруун хойд зүгт 18 км зайд оршино.,It is located 18 km northwest of the center of Erdene soum.,https://www.dropbox.com/scl/fi/9z0cwq1ttswbmmrckm2c7/.jpg?rlkey=eziizrerwk3aflkpcmh4md1fl&raw=1,테테그 호수,テテグ湖,特特格湖,Озеро Тецег,Erdene soum 중심에서 북서쪽으로 18km 떨어져 있습니다.,エルデネ・ソムの中心部から北西に18kmに位置しています。,位于额尔登苏姆市中心西北18公里处。,Он расположен в 18 км к северо-западу от центра сомона Эрдэнэ.
161,1,Байгалийн үзэсгэлэнт газар,Шаргын цагаан нуур,Shargyn Tsagaan Lake,Говь-Алтай,Govi-Altai,Шарга,Sharga,46.26585,95.01069,Шарга сумаас баруун зүгт 25 км зайтай оршино.,It is located 25 km west of Sharga soum.,https://www.dropbox.com/scl/fi/yxfdvg1ndzx82dzst1ovq/.jpg?rlkey=yovfnc5mad6xvk73a7seym0e9&raw=1,샤긴 차강 호수,シャルギン・ツァガーン湖,沙尔金·察干湖,Озеро Шаргын Цаган,샤르가 숨(Sharga soum)에서 서쪽으로 25km 떨어져 있습니다.,シャルガ ソムの西 25 km に位置します。,它位于Sharga soum以西25公里处。,Он расположен в 25 км к западу от сума Шарга.
162,1,Байгалийн үзэсгэлэнт газар,Талын хүрхрээ, Steppe Waterfall,Говь-Алтай,Govi-Altai,Шарга,Sharga,46.59569,95.56402,Шарга сумын төвөөс зүүн хойд зүгт 45 км зайтай оршино.,It is located 45 km northeast of the center of Sharga soum.,https://www.dropbox.com/scl/fi/9qdy5wjhvy0i71t99wqum/.jpg?rlkey=mw0ojos8e6cis4r9buwhtkcse&raw=1,스텝 폭포,ステップの滝,草原瀑布,Степной Водопад,샤르가 숨(Sharga soum) 중심에서 북동쪽으로 45km 떨어져 있습니다.,シャルガ スームの中心部から北東 45 km に位置します。,它位于Sharga soum中心东北45公里处。,Error 500 (Server Error)!!1500.That’s an error.There was an error. Please try again later.That’s all we know.
163,1,Байгалийн үзэсгэлэнт газар,Эрээн нуур,Ereen Lake,Говь-Алтай,Govi-Altai,Жаргалан,Jargalant,47.33629,95.7625,Жаргалан сумын төвөөс хойд зүгт 45 км зайтай оршино.,It is located 45 km north of the center of Jargalan soum.,https://www.dropbox.com/scl/fi/v515zxa641zydwf6u7xt1/.jpg?rlkey=p54se29dlgp6z40hilva7zmw8&raw=1,에린 호수,エリーン・レイク,艾琳湖,Эрин Лейк,자르갈란 숨(Jargalan soum) 중심에서 북쪽으로 45km 떨어져 있습니다.,ジャルガラン ソムの中心部から北に 45 km に位置します。,它位于贾尔加兰苏姆中心以北45公里处。,Error 500 (Server Error)!!1500.That’s an error.There was an error. Please try again later.That’s all we know.
164,1,Байгалийн үзэсгэлэнт газар,Ээж хайрхан уул (2274м),Eej Khairkhan Mountain (2274m),Говь-Алтай,Govi-Altai,"Цогт,Алтай","Tsogt, Altai",44.92833,96.20378,"Цогт , Алтай сумдын хилийн заагт далайн түвшнээс дээш 2274 метр өргөгдсөн ноён оргил бүхий байгалийн өвөрмөц тогтоцтой уул юм. Баянтоорой багийн төвөөс баруун зүгт 45 км зайтай орнино.",It is a unique natural mountain with a peak of 2274 meters above sea level on the border of Tsogt and Altai soums. It is located 45 km west of the center of Bayantoojoo.,https://www.dropbox.com/scl/fi/5kieqbs1wrt9suu616tjq/.jpg?rlkey=5k2wk3y06n8zsnsa1j9dn7ypn&raw=1,에이즈 카이르칸 산,イージ・ハイルカン山,伊吉海尔汗山,Гора Идж Хайрхан,Tsogt와 Altai soums의 경계에 해발 2274m의 봉우리가 있는 독특한 천연 산입니다. 바얀투주 중심에서 서쪽으로 45km 떨어져 있다.,ツォグトとアルタイの国境にある標高2274メートルのユニークな自然の山です。バヤントゥージュの中心部から西​​に 45 km に位置します。,它是措格特和阿尔泰苏苏姆交界处的一座独特的天然山峰，主峰海拔2274米。它位于Bayantojoo中心以西45公里处。,Это уникальная природная гора с вершиной 2274 метра над уровнем моря на границе сумов Цогт и Алтай. Он расположен в 45 км к западу от центра Баянтуджу.
165,3,Шашны дурсгалт газар,Хонгорын хүрээний туурь,Ruins of Khongor Monastery,Говь-Алтай,Govi-Altai,Жаргалан,Jargalan,46.82147,95.98906,Жаргалан сумын төвөөс зүүн өмнө зүгт 28 км зайтай оршино.,It is located 28 km southeast of the center of Jargalan soum.,https://www.dropbox.com/scl/fi/kawod0s7t73s3wdmsc6px/.jpg?rlkey=v0ksw2ia5jd70fn440k3gb402&raw=1,콩고르 수도원 유적,ホンゴル修道院の遺跡,洪戈尔寺遗址,Руины монастыря Хонгор,자르갈란 숨(Jargalan soum) 중심에서 남동쪽으로 28km 떨어져 있습니다.,ジャルガラン ソムの中心部から南東 28 km に位置します。,它位于贾尔加兰苏姆中心东南28公里处。,Расположен в 28 км к юго-востоку от центра сомона Жаргалан.
166,3,Шашны дурсгалт газар,Вандан дашилин хүрээний туурь,Ruins of Vandan Dashiling Monastery,Говь-Алтай,Govi-Altai,Баян-Уул,Bayan-Uul,46.8663,95.4549,Баян-Уул сумын төвөөс зүүн өмнө зүгт 28.5 км зайтай оршино.,It is located 28.5 km southeast of the center of Bayan-Uul soum.,https://www.dropbox.com/scl/fi/r6s184skmuh9zia96nle5/.jpg?rlkey=dsbaoo3bvi814zc6m92rcn0mr&raw=1,반단 다실링 수도원 유적,ヴァンダン・ダシリン寺院の遺跡,万丹大什林寺遗址,Руины монастыря Вандан Дашилин,Bayan-Uul soum 중심에서 남동쪽으로 28.5km 떨어져 있습니다.,バヤン・オール・スームの中心部から南東28.5kmに位置する。,位于Bayan-Uul soum中心东南28.5公里处。,"Расположен в 28,5 км к юго-востоку от центра сомона Баян-Уул."
167,3,Шашны дурсгалт газар,Бичигтийн хийдийн туурь,Ruins of Bichigt Monastery,Говь-Алтай,Govi-Altai,Баян-Уул,Bayan-Uul,47.10289,95.0785,Баян-Уул сумын төвөөс баруун хойд зүгт 16 км зайтай оршино.,It is located 16 km northwest of the center of Bayan-Uul soum.,https://www.dropbox.com/scl/fi/spqq0pkqfk99eyk1kf2f9/.jpg?rlkey=do45zgy7335f593tww71m7hpp&raw=1,비치그트 수도원 유적,ビチグト修道院の遺跡,比奇格特寺遗址,Руины монастыря Бичигт,Bayan-Uul soum 중심에서 북서쪽으로 16km 떨어져 있습니다.,バヤン・オール・スームの中心部から北西16kmに位置しています。,位于Bayan-Uul soum市中心西北16公里处。,Расположен в 16 км к северо-западу от центра сомона Баян-Уул.
168,1,Байгалийн үзэсгэлэнт газар,Сангийн далай нуур (Говь-Алтай),Sangiin Dalai Lake (Govi-Altai),Говь-Алтай,Govi-Altai,Хөх морьт,Khukhmorit,47.40732,94.95572,Хөх морьт сумын төвөөс зүүн зүгт 33 км зайтай Монгол элсний чанх өмнө оршино.,"It is located 33 km east of the center of Khokh Moryt soum, just before the Mongolian Els.",https://www.dropbox.com/scl/fi/1t8x7zbgig4q2ugzfmfco/.jpg?rlkey=hlpede9dyuya8wmzcvvvy3di4&raw=1,상긴 호수,サンギン湖,桑金湖,Озеро Сангин Далай,"Khokh Moryt soum 중심에서 동쪽으로 33km, 몽골 엘스 바로 앞에 위치해 있습니다.",ホフ・モーリット・スームの中心部から東に33km、モンゴルエルスの直前に位置しています。,它位于 Khokh Moryt soum 中心以东 33 公里处，就在蒙古埃尔斯之前。,"Он расположен в 33 км к востоку от центра сума Хох Морыт, прямо перед монгольским Элсом."
169,1,Байгалийн үзэсгэлэнт газар, Хасагт хайрхан уул (3578м),Khasagt Khairkhan Mountain (3578m),Говь-Алтай ,Govi-Altai,Жаргалан,jargalan,46.78919,95.80084,"Жаргалан сумын төвөөс баруун урд зүгт 25 км зайтай оршино. Далайн түвшнээс дээш 3578 меэр өргөгсөн байна,","This mountain, located 25 km southwest of the center of Jargalan soum, rises 3,578 meters above sea level.",https://www.dropbox.com/scl/fi/opv2zu8fw92shhixrmt81/.jpg?rlkey=0lthkjoip7hmjj9uki6upjn4z&raw=1,카삭트 카이르칸 산,カサグト ヘアカン山,卡萨格特凯尔汗山,Гора Хасагт Хайрхан,"자르갈란 숨(Jargalan soum) 중심에서 남서쪽으로 25km 떨어진 곳에 위치한 이 산은 해발 3,578m이다.","この山はジャルガラン ソムの中心部から南西 25 km に位置し、標高 3,578 メートルです。","这座山位于贾尔加兰苏姆中心西南25公里处，海拔3,578米。","Эта гора, расположенная в 25 км к юго-западу от центра сума Джаргалан, возвышается на 3578 метров над уровнем моря."
170,1,Байгалийн үзэсгэлэнт газар,Улаан толгойн нуур,Ulaan Tolgion Lake,Говь-Алтай,Govi-Altai,Есөнбулаг,Yesunbulag,46.38334,96.26167,Аймгийн төийн яг зүүн хойд талд оршино.,It is located just northeast of the provincial capital.,https://www.dropbox.com/scl/fi/58qypagbdisrrw8ubqgin/.jpeg?rlkey=mtkro169w2cx8mcohu86u6g10&raw=1,울란 톨고인 호수,ウラン・トルゴイン湖,乌兰陶勒贡湖,Озеро Улан-Толгоин,그것은 지방 수도의 바로 북동쪽에 위치하고 있습니다.,州都のすぐ北東に位置します。,它位于省会城市东北部。,Он расположен к северо-востоку от столицы провинции.
171,1,Байгалийн үзэсгэлэнт газар,Чойрын богд уул (1678м),Choiryn Bogd Mountain (1678m),Говьсүмбэр,Govisumber,Сүмбэр,Sumber,46.2431,108.78257,"Далайн түвшнээс дээш 1678 метр оргил бүхий Чойрын богд уул Говьсүмбэр, Дорноговь аймгийн хил дамнан байршина. Сүмбэр сумын төвөөс зүүн өмнө зүгт 38 км зайд оршино. ","Choirin Bogd Mountain, with a peak of 1,678 meters above sea level, is located on the border of Govisumber and Dornogovi aimags. It is located 38 km southeast of the center of Sumber soum.",https://www.dropbox.com/scl/fi/mvjmz6mroi4pq5wtzqja6/.jpg?rlkey=vr6mm1s07qp5gjghrppgw68ab&raw=1,초이린 복드 산,チョイリン ボグド マウンテン,乔林博格德山,Гора Чойрин Богд,"해발 1,678m의 최고봉인 Choirin Bogd 산은 Govisumber와 Dornogovi aimags의 경계에 위치해 있습니다. Sumber soum 중심에서 남동쪽으로 38km 떨어져 있습니다.","標高 1,678 メートルのチョイリン ボグド山は、ゴビスンベル州とドルノゴビ州の国境に位置しています。スンベル・ソムの中心部から南東に 38 km に位置します。","乔伊林博格德山 (Choirin Bogd Mountain) 位于戈维森伯省和东戈维省交界处，主峰海拔 1,678 米。它位于Sumber soum中心东南38公里处。",Гора Чойрин Богд с вершиной 1678 метров над уровнем моря расположена на границе аймаков Говисумбер и Дорногови. Расположен в 38 км к юго-востоку от центра Сумберского сумера.
172,2,Түүхийн дурсгалт газар,Нарантолгойн худаг,Narantolgoin Khudag,Дархан-Уул,Darkhan-Uul,Дархан,Darkhan,49.48538,105.95101,Дархан сумын нутагт оршино.,It is located in Darkhan soum.,,나란톨고인 쿠다그,ナラントルゴイン・クダーグ,纳兰托尔戈因胡达格,Нарантолгоин Худаг,다르칸 솜(Darkhan soum)에 위치하고 있습니다.,ダルハン・スームにあります。,它位于达尔汗苏姆。,Он расположен в сумоне Дархан.
173,3,Шашны дурсгалт газар,Бясалгалын зуун найман  агуй,One hundred and eight meditation caves,Дорноговь,Dornogovi,Өргөн,Urgun,44.61799,110.28367,Хамрын хийдээс зүүн хойд зүгт 3.0 км зайтай оршино.,It is located 3.0 km northeast of Khamar Monastery.,https://www.dropbox.com/scl/fi/zd2mtfllo4dpjty2hd34v/108.jpg?rlkey=37b4q5ddokimstf0ikqbjwvqk&raw=1,108개의 명상 동굴,108の瞑想洞窟,一百零八个冥想洞穴,Сто восемь пещер для медитации,카마르 수도원(Khamar Monastery)에서 북동쪽으로 3.0km 떨어진 곳에 위치해 있습니다.,ハマル僧院の北東 3.0 km に位置します。,它位于卡马尔寺东北3.0公里处。,"Он расположен в 3,0 км к северо-востоку от монастыря Хамар."
174,3,Шашны дурсгалт газар,Өвгөн суварга,Uvgun Stupa,Дорноговь,Dornogovi,Сайншанд,Sainshand,44.59906,110.27175,Хамрын хийдэд байна,It's at the Khamrin Monastery.,,우브군 스투파,ウヴグン仏塔,乌夫贡佛塔,Ступа Увгун,캄린 수도원(Khamrin Monastery)에 있어요.,カムリン僧院にあります。,这是在康林寺。,Это в монастыре Хамрин.
175,3,Шашны дурсгалт газар,Мөөмтэй овоо,hill with breast,Дорноговь,Dornogovi,Сайншанд,Sainshand,44.60444,110.26894,Хамрын хийдээс баруун хойд зүгт 1.4 км зайтай оршино.,It is located 1.4 km westeast of Khamar Monastery.,https://www.dropbox.com/scl/fi/rzhj0hbwhx7el2u20rmwu/.jpg?rlkey=z42ejjxhechrxrfhzaiv0ftl2&raw=1,가슴이 있는 언덕,胸のある丘,山丘与乳房,холм с грудью,카마르 수도원(Khamar Monastery)에서 서쪽으로 1.4km 떨어진 곳에 위치해 있습니다.,ハマール僧院の西東 1.4 km に位置します。,位于卡马尔寺西1.4公里处。,"Он расположен в 1,4 км к западу-востоку от монастыря Хамар."
176,3,Шашны дурсгалт газар,Монголын анхны театрын туурь,Ruins of Mongolia's first theater,Дорноговь,Dornogovi,Сайншанд,Sainshand,44.60319,110.27736,Хамрын хийдээс зүүн хойд зүгт 0.8 км зайтай оршино.,It is located 0.8 km northeast of Khamar Monastery.,https://www.dropbox.com/scl/fi/31rszlkheuug6wmv0gia1/.jpg?rlkey=kmv1dsgh8ohp63vboya8eaaim&raw=1,몽골 최초의 극장 유적,モンゴル初の劇場の遺跡,蒙古第一座剧院遗址,Руины первого театра Монголии,카마르 수도원(Khamar Monastery)에서 북동쪽으로 0.8km 떨어져 있습니다.,Error 500 (Server Error)!!1500.That’s an error.There was an error. Please try again later.That’s all we know.,它位于卡马尔寺东北0.8公里处。,"Он расположен в 0,8 км к северо-востоку от монастыря Хамар."
177,3,Шашны дурсгалт газар,Хамрын хийд энергийн төв,Khamryn Monastery Energy Center,Дорноговь,Dornogovi,Сайншанд,Sainshand,44.61779,110.27524,Хамрын хийдээс хойд зүгт 2.4 км зайтай оршино.,It is located 2.4 km north of Khamar Monastery.,https://www.dropbox.com/scl/fi/g6cv0gogmg69wqjc2w44b/.jpg?rlkey=zn1gcsj8uwvow45b4pkfposmq&raw=1,캄린 수도원 에너지 센터,カムリン修道院エネルギーセンター,康林寺能源中心,Энергетический центр монастыря Хамрин,카마르 수도원에서 북쪽으로 2.4km 떨어져 있습니다.,ハマル僧院の北 2.4 km に位置します。,它位于卡马尔寺以北2.4公里处。,"Он расположен в 2,4 км к северу от монастыря Хамар."
178,3,Шашны дурсгалт газар,Хамарын хийд,Khamar Monastery,Дорноговь,Dornogovi,Сайншанд,Sainshand,44.59737,110.27338,Сайншанд сумаас зүүн өмнө зүгт 36 км зайтай оршино.,It is located 36 km southeast of Sainshand soum.,https://www.dropbox.com/scl/fi/kwaj8h5cfhmzllwvlsmlq/.jpg?rlkey=wnmdltvmn6w0idays2hai3npk&raw=1,카마르 수도원,ハマール修道院,卡玛尔寺,Монастырь Хамар,사인샨드 솜(Sainshand soum)에서 남동쪽으로 36km 떨어져 있습니다.,サインシャンド・ソムの南東36キロに位置する。,它位于Sainshand soum东南36公里处。,Error 500 (Server Error)!!1500.That’s an error.There was an error. Please try again later.That’s all we know.
179,1,Байгалийн үзэсгэлэнт газар,Хан Баянзүрх уул,Khan Bayanzurkh Mountain,Дорноговь,Dornogovi,Өргөн,Urgun,44.69225,110.04438,Сайншанд сумаас баруун өмнө зүгт 42 км зайтай оршино.,It is located 42 km southwest of Sainshand soum.,https://www.dropbox.com/scl/fi/i159itvcp4xkn3ka24yti/.jpg?rlkey=2fxpuwje522hu8sgee4rbcj07&raw=1,칸 바얀주르크 산,ハーン・バヤンズルク山,汗巴彦祖尔赫山,Гора Хан-Баянзурх,Sainshand soum에서 남서쪽으로 42km 떨어져 있습니다.,サインシャンド・ソムの南西42kmに位置する。,它位于Sainshand soum西南42公里处。,Он расположен в 42 км к юго-западу от сума Сайншанд.
180,1,Байгалийн үзэсгэлэнт газар,Хэцүү тээгийн өрх агуй,Khetsuu Teeg Urkh Cave,Дорноговь,Dornogovi,Айраг,Airag,45.33916,108.7519,Айраг сумын төвөөс зүүн өмнө зүгт 75 км зайтай оршино.,It is located 75 km southeast of the center of Airag soum.,,케츠우 티그 우르크 동굴,ケツウ・ティーグ・ウルク洞窟,克苏·提格·乌尔赫洞穴,Пещера Хетсуу Тиг Урх,Airag soum 중심에서 남동쪽으로 75km 떨어져 있습니다.,アイラグ・スムの中心部から南東75kmに位置する。,它位于艾拉格苏姆中心东南75公里处。,Расположен в 75 км к юго-востоку от центра сума Айраг.
181,1,Байгалийн үзэсгэлэнт газар,Цагаан дэл агуй,Tsagaan Del Cave,Дорноговь,Dornogovi,Айраг,Airag,45.62551,109.10707,Айраг сумын төвөөс баруун урд зүгт 26 км зайтай оршино.,It is located 26 km southwest of the center of Airag soum.,https://www.dropbox.com/scl/fi/6ulkw3jfqkbwpwpoqv9s6/.jpg?rlkey=7ygq2bdwgweeif1thhs01rybl&raw=1,차가안 델 케이브,ツァガーン デル ケーブ,查甘德尔凯夫,Пещера Цагаан Дель,Airag soum 중심에서 남서쪽으로 26km 떨어져 있습니다.,アイラグ・スムの中心部から南西26kmに位置する。,它位于艾拉格苏姆中心西南26公里处。,Расположен в 26 км к юго-западу от центра сума Айраг.
182,1,Байгалийн үзэсгэлэнт газар,Цонжийн чулуу,Tsonjiin Rock,Дорноговь,Dornogovi,Дэлгэрэх,Delgerekh,45.98263,111.4363,Дэлгэрэх сумын төвөөс зүүн хойд зүгт 29 км зайтай оршино.,It is located 29 km northeast of the center of Delgereh soum.,https://www.dropbox.com/scl/fi/74k6g47rsw69mrd78v8t3/.jpg?rlkey=dmsxvi2ak8fqywq6qzgyqzh4v&raw=1,Tsonjiin Rock,ツォンジン岩,尊济岩,Цонджин Рок,Delgereh soum 중심에서 북동쪽으로 29km 떨어져 있습니다.,デルゲレ ソムの中心部から北東 29 km に位置します。,它位于Delgereh soum中心东北29公里处。,Он расположен в 29 км к северо-востоку от центра сума Дельгере.
183,1,Байгалийн үзэсгэлэнт газар,Эргэлийн зоо,Ergeliin Zoo,Дорноговь,Dornogovi,Хатанбулаг,Khatanbulag,43.31536,108.92646,"Эргэлийн зоо нь Дорноговь аймгийн Хатанбулаг сумын нутагт орших байгалийн өвөрмөц тогтоцтой, палеонтологийн олдвор ихтэй газар юм. Хатанбулаг сумын төвөөс баруун хойд зүгт 28 км зайтай оршино.",Ergel Zoo is a unique natural site with a rich collection of paleontological finds in the Khatanbulag soum of Dornogovi aimag. It is located 28 km northwest of the center of Khatanbulag soum.,https://www.dropbox.com/scl/fi/3efc6et96olx47qexb2x3/.jpg?rlkey=dp9qn3jfagnb8f5chgtdhmvsn&raw=1,에르겔린 동물원,エルゲライン動物園,埃尔格林动物园,Эргелийн зоо,Error 500 (Server Error)!!1500.That’s an error.There was an error. Please try again later.That’s all we know.,エルゲル動物園は、ドルノゴビ アイマグのハタンブラグ ソムにある豊富な古生物学的発見物を集めたユニークな自然遺産です。ハタンブラグ・ソムの中心部から北西28kmに位置しています。,埃尔格尔动物园是一处独特的自然景点，位于东戈壁省的 Khatanbulag soum，拥有丰富的古生物学发现。它位于Khatanbulag soum中心西北28公里处。,Зоопарк Эргель – уникальный природный объект с богатой коллекцией палеонтологических находок в сомоне Хатанбулаг аймака Дорногови. Расположен в 28 км к северо-западу от центра сума Хатанбулаг.
184,3,Шашны дурсгалт газар,Өлгий хийдийн туурь,Ruins of Ulgii Monastery,Дорноговь,Dornogovi,Мандах,Mandakh,43.60132,108.20959,Мандах сумын төвөөс өмнө зүгт 120 км зайтай оршино.,It is located 120 km south of the center of Mandakh soum.,https://www.dropbox.com/scl/fi/d0syfee2v33builkrhn41/.jpg?rlkey=kkm3q85zz8vqe37ozpra2bjl3&raw=1,울기 수도원 유적,ウルギイ修道院の遺跡,乌尔吉修道院遗址,Руины монастыря Ульгий,Error 500 (Server Error)!!1500.That’s an error.There was an error. Please try again later.That’s all we know.,マンダック・スームの中心部から南に120kmに位置します。,它位于曼达赫苏姆中心以南120公里处。,Он расположен в 120 км к югу от центра сума Мандак.
185,3,Шашны дурсгалт газар,Жанчив Дэчинлэн хийд,Janchiv Dechinlen Monastery,Дорноговь,Dornogovi,Мандах,Mandakh,43.60289,108.2108,Мандах сумын төвөөс өмнө зүгт 120 км зайтай оршино.,It is located 120 km south of the center of Mandakh soum.,https://www.dropbox.com/scl/fi/lpzgnucpzcb3j5ropwztr/.jpg?rlkey=o24l1dx5dbr4qozyaxeu35xi5&raw=1,잔치브 데친렌 수도원,ジャンチウ・デチンレン僧院,詹奇夫·德钦伦修道院,Монастырь Жанчив Дечинлен,Mandakh soum 중심에서 남쪽으로 120km 떨어져 있습니다.,マンダック・スムの中心部から南に120kmに位置します。,它位于曼达赫苏姆中心以南120公里处。,Он расположен в 120 км к югу от центра сума Мандак.
186,3,Шашны дурсгалт газар,Тугийн сүмийн туурь,Ruins of Tugiin Temple,Дорнод,Dornod,Булган,Bulgan,47.99356,113.42183,Чингс хааны хар сүлдийг тахадаг байсан сум Булаг сумын төвөөс баруун зүгт 30 км зайтай оршино.,The temple where Genghis Khan's black coat of arms was placed is located 30 km west of the center of Bulag soum.,"https://www.dropbox.com/scl/fi/l9m1znf9afhjp3tdrovv7/.jpg?rlkey=9vz0fkl2pl34im41tafs18iqf&raw=1,https://www.dropbox.com/scl/fi/epnb1whn3zcwj5q7h69tk/1.jpg?rlkey=et2x4adscuoh0wnjs7q5rvflu&raw=1",투긴 사원 유적,トゥギイン寺院の遺跡,图金寺遗址,Руины храма Тугиин,징기스칸의 검은 문장이 안치된 사원은 불라그 솜 중심에서 서쪽으로 30km 떨어진 곳에 위치해 있다.,チンギス・ハーンの黒い紋章が置かれた寺院は、ブラグ・スムの中心部から西​​に 30 km のところにあります。,放置成吉思汗黑色纹章的寺庙位于布拉格苏姆市中心以西30公里处。,"Храм, где был установлен черный герб Чингисхана, расположен в 30 км к западу от центра сума Булаг."
187,3,Шашны дурсгалт газар,Угтамын хийд,Ugtam Monastery,Дорнод,Dornod,Баяндун,Bayandun,49.28652,113.76981,Баяндун сумын төвөөс зүүн хойд зүгт 38 км зайтай оршино.,It is located 38 km northeast of the center of Bayandun soum.,https://www.dropbox.com/scl/fi/1e50i216vyas2cbqvobf2/.jpg?rlkey=hc0gwsgbq28sxsh28j2fb5hxt&raw=1,우그탐 사원,ウグタム修道院,乌格塔姆寺,Монастырь Угтам,Bayandun Soum은 Bayandun Soum에서 북동쪽으로 38km 떨어져 있습니다.,バヤンドゥン ソウムはバヤンドゥン ソウムの北東 38 km に位置します。,Error 500 (Server Error)!!1500.That’s an error.There was an error. Please try again later.That’s all we know.,Соум Баяндун расположен в 38 км к северо-востоку от Сума Баяндун.
188,1,Байгалийн үзэсгэлэнт газар,Хөх нуур,Khukh Lake,Дорнод,Dornod,Чойбалсан,Choibalsan,49.52508,115.58288,Далайн түвшнээс дээш 565 метр өндөрт орших Монгол улсын хамгийн нам дор газар,"The lowest point in Mongolia, at 565 meters above sea level",https://www.dropbox.com/scl/fi/0jedv0tbjmteljvtfpmho/.jpg?rlkey=x53f9tkwzg9sjghuneldmj0cp&raw=1,쿠크 호수,クフ湖,库赫湖,Озеро Хух,"몽골에서 가장 낮은 곳, 해발 565m",モンゴルで最も低い地点、標高565メートル,蒙古最低点，海拔565米,"Самая низкая точка Монголии, высота 565 метров над уровнем моря."
189,2,Түүхийн дурсгалт газар,Эртний хотын туурь,Ruins of an ancient city,Дорнод,Dornod,Чойбалсан,Choibalsan,49.36317,116.08702,Чулуунхороот сумын төвөөс зүүн өмнө  зүгт 65 км зайтай оршино. ,It is located 65 km southeast of the center of Chuluunkhoroot soum.,https://www.dropbox.com/scl/fi/a2pt6ikdkb1aj5lshwtvx/.jpg?rlkey=cs24lv88fr1o18sh7h4dpzphv&raw=1,고대 도시의 유적,古代都市の遺跡,古城遗址,Руины древнего города,Chuluunkhoroot soum 중심에서 남동쪽으로 65km 떨어져 있습니다.,チュルンホルート・ソムの中心部から南東に 65 km に位置します。,它位于楚伦霍鲁特苏姆中心东南65公里处。,Расположен в 65 км к юго-востоку от центра сомона Чулуунхороот.
190,2,Түүхийн дурсгалт газар,Алтач,Altach,Дорнод,Dornod,Цагаан-Овоо,Tsagaan-Ovoo,48.57129,113.55958,Цагаан-Овоо сумаас зүүн зүгт 26 км зайтай Алтачийн бүрд гэх газар алтан тэрэг булсан гэх домог бүхий газар юм.,"Altachi Burd, located 26 km east of Tsagaan-Ovoo soum, is a place where a legend says that a golden chariot was buried.",,알타크,アルタッハ,阿尔塔赫,Альтах,Tsagaan-Ovoo soum에서 동쪽으로 26km 떨어진 Altachi Burd는 황금 마차가 묻혀 있었다는 전설이 있는 곳입니다.,ツァガーン・オヴォー・ソムの東 26 km に位置するアルタチ ブルドは、黄金の戦車が埋葬されたという伝説が残る場所です。,阿尔塔奇布尔德位于查干敖包苏姆以东26公里处，传说埋葬着一辆金色战车。,"Алтачи Бурд, расположенный в 26 км к востоку от сума Цагаан-Овоо, является местом, где, согласно легенде, была закопана золотая колесница."
191,1,Байгалийн үзэсгэлэнт газар,Ар сүмийн хоолой,Ar Sumiin Khooloi,Дорнод,Dornod,Халхгол,Khalkhgol,46.876,119.753,"Хянганы нурууны ойт хээрээс Төв Азийн хуурай хээрт шилжих шилжилтийн онцлогийг харуулсан Нөмрөгийн дархан цаазат газрын жижиг гол горхины татмууд, бургасан шугуйт хөндий, ой бүхий бэсрэг уулс, уулс хоорондын нуга, намгархаг газар, элсэн манхан бүхий дов толгод, дэнж маягийн тал, нугачаануудтай байгалийн гайхамшигт тогтоц бүхий газар юм.","The Nomruk Reserve, which represents the transition from the forest-steppe of the Hyangan Mountains to the dry steppe of Central Asia, is a place of magnificent natural formations with small river valleys, willow-covered valleys, forested lowlands, intermountain meadows, wetlands, sand dune hills, terraced plains, and meadows.",https://www.dropbox.com/scl/fi/lfmmfak9w8m7bvkf1xca9/.jpg?rlkey=6qol7phzm8zujyb0c79umwaku&raw=1,아르 수미인 쿨로이,アル・スミイン・クーロイ,阿尔·苏米因·库洛伊,Ар Сумиин Холой,"향안산맥의 숲 초원에서 중앙아시아의 건조 초원으로의 전환기를 대표하는 놈룩 보호구역은 작은 강 계곡, 버드나무로 뒤덮인 계곡, 숲이 우거진 저지대, 산간 초원, 습지, 사구 언덕, 계단식 평야, 초원 등으로 이루어진 장엄한 자연 지형을 지닌 곳이다.",ヒャンガン山脈の森林草原から中央アジアの乾燥した草原への移行を代表するノムルク保護区は、小さな川の谷、柳に覆われた谷、森林に覆われた低地、山間の牧草地、湿地、砂丘の丘、段々畑、牧草地などの壮大な自然の形成の場所です。,诺姆鲁克保护区代表着从香安山脉的森林草原到中亚干旱草原的过渡，这里拥有壮丽的自然景观，有小河谷、柳树覆盖的山谷、森林低地、山间草甸、湿地、沙丘丘陵、梯田平原和草甸。,"Заповедник Номрук, представляющий собой переход от лесостепи Хянганских гор к сухой степи Средней Азии, представляет собой место великолепных природных образований с долинами небольших рек, поросшими ивами долинами, лесистыми низменностями, межгорными лугами, заболоченными территориями, холмами песчаных дюн, террасированными равнинами и лугами."
192,3,Шашны дурсгалт газар,Ар хамбын хийдийн туурь,Ruins of Ar Khamby Monastery,Дорнод,Dornod,Матад,Mathad,47.05824,115.05824,Матад сумын төвөөс баруун хойд 39.5 км зайтай оршино.,It is located 39.5 km northwest of the center of Matad soum.,https://www.dropbox.com/scl/fi/yhj90p8zhgjk178seuc5h/.jpg?rlkey=s32ez56hp8vp51h3udpuocum6&raw=1,아르캄비 수도원 유적,アル・カンビー修道院の遺跡,阿坎比寺遗址,Руины монастыря Ар Хамбын,마타드 솜(Matad soum) 중심에서 북서쪽으로 39.5km 떨어진 곳에 위치해 있다.,マタド・スムの中心部から北西39.5kmに位置する。,它位于马塔德苏姆中心西北39.5公里处。,"Расположен в 39,5 км к северо-западу от центра сума Матад."
193,2,Түүхийн дурсгалт газар,Арслан хадны зураг,Picture on Lion Rock,Дорнод,Dornod,Баяндун,Bayandun,49.05383,113.06099,Баяндун сумын төвөөс баруун урд зүгт 50 гаруй км зайтай оршино. ,It is located more than 50 kilometers southwest of the center of Bayandun soum.,https://www.dropbox.com/scl/fi/bdbcfghfmidcc4wrooy9n/.jpg?rlkey=8r55e91vmmv33yaglzzooq040&raw=1,라이언 록의 그림,ライオンロックに描かれた絵,在狮子岩上作画,Рисование на Львиной скале,Bayandun soum 중심에서 남서쪽으로 50km 이상 떨어져 있습니다.,バヤンドゥン スームの中心部から南西に 50 キロ以上離れた場所にあります。,位于巴彦墩苏木中心西南50多公里处。,Он расположен более чем в 50 километрах к юго-западу от центра сума Баяндун.
194,1,Байгалийн үзэсгэлэнт газар,Бүүргэний цагаан нуур,White Lake of Burgen,Дорнод,Dornod,Баяндун,Bayandun,49.40431,113.25075,Баяндун сумын төвөөс баруун хойд зүгт 21 км зайтай далайн түвшнээс дээш 812 метрт байна. ,"It is located 21 km northwest of the center of Bayandun soum, at an altitude of 812 meters above sea level.",https://www.dropbox.com/scl/fi/fwwwrypl0m1b52vb27fdg/.jpg?rlkey=aaqqh78p2id8e75g54617s6xo&raw=1,부르겐의 백호수,バーゲンのホワイトレイク,布尔根白湖,Белое озеро Бурген,"Bayandun Soum 중심에서 북서쪽으로 21km, 해발 812m에 위치해 있습니다.",Error 500 (Server Error)!!1500.That’s an error.There was an error. Please try again later.That’s all we know.,位于巴彦墩苏木中心西北21公里处，海拔812米。,"Он расположен в 21 км к северо-западу от центра Сума Баяндун, на высоте 812 метров над уровнем моря."
195,1,Байгалийн үзэсгэлэнт газар,Баян хангай,Bayan Khangai,Дорнод,Dornod,Матад,Mathad,46.86662,115.23547,Матад сумын төвөөс баруун өмнө зүгт 16 км зайтай оршино.,It is located 16 km southwest of the center of Matad soum.,https://www.dropbox.com/scl/fi/42fjk04l377lxemnd6rqr/.jpg?rlkey=21mzapgp7145gsb1za7h1tvg7&raw=1,바얀 항가이,バヤン・ハンガイ,巴彦康爱,Баян Хангай,마타드 솜(Matad soum) 중심에서 남서쪽으로 16km 떨어져 있습니다.,マタド・スムの中心部から南西に16kmに位置しています。,它位于马塔德苏姆中心西南16公里处。,Расположен в 16 км к юго-западу от центра сума Матад.
196,2,Түүхийн дурсгалт газар,Бөмбөг дэлбэрсэн ул мөр,Bombing Trace,Дорнод,Dornod,Халхгол,Khalkhgol,47.70092,118.55413,Халх гол сумын төвөөс баруун хойд зүгт 11.5 км зайтай оршино.,It is located 11.5 km northwest of the center of Khalkh Gol soum.,https://www.dropbox.com/scl/fi/gsgpn9em1gn2y7x09w7ki/.jpg?rlkey=w9r5io2jfkliy8kndy493hjex&raw=1,폭격 흔적,爆撃跡,轰炸痕迹,След бомбардировки,Khalkh Gol soum 중심에서 북서쪽으로 11.5km 떨어져 있습니다.,ハルク・ゴル・ソムの中心部から北西11.5kmに位置する。,它位于Khalkh Gol soum中心西北11.5公里处。,"Он расположен в 11,5 км к северо-западу от центра сомона Халх-Гол."
197,1,Байгалийн үзэсгэлэнт газар,Буйр нуур,Buir Lake,Дорнод,Dornod,Халхгол,Khalkhgol,47.78282,117.68649,"Зүүн хойноос баруун урагш 40 километр,  өргөн нь 21 километр, эргийн шугамын урт 113 километр. Далайн түвшнээс дээш 581 метр өндөрт байна.","It is 40 kilometers long from northeast to southwest, 21 kilometers wide, and has a coastline of 113 kilometers. It is 581 meters above sea level.",https://www.dropbox.com/scl/fi/2wtqbzsx904fc14wj11wp/.jpg?rlkey=vic5ibyadhs65yjbv0wbloc5y&raw=1,뷰어 호수,ブイル湖,贝尔湖,Озеро Буир,"북동쪽에서 남서쪽으로 길이가 40km, 너비가 21km, 해안선이 113km에 이릅니다. 해발 581m이다.",北東から南西までの長さは 40 キロメートル、幅は 21 キロメートル、海岸線は 113 キロメートルです。標高は581メートルです。,东北至西南长40公里，宽21公里，海岸线长113公里。海拔581米。,"Его длина с северо-востока на юго-запад составляет 40 километров, ширина 21 километр, а длина береговой линии составляет 113 километров. Высота 581 метр над уровнем моря."
198,3,Шашны дурсгалт газар,Бурхант хад,Burkhant Rock,Дорнод,Dornod,Баяндун,Bayandun,48.99143,113.40843,Баяндун сумын төвөөс зүүн өмнө зүгт 40 км зайтай оршино. ,It is located 40 km southeast of the center of Bayandun soum.,https://www.dropbox.com/scl/fi/hxy9qs3g7sfsv6xad58qk/.jpg?rlkey=vs5jg1oqbunjmk1o4g104ta1y&raw=1,부르칸트 록,ブルカント ロック,布尔坎特岩,Бурхант Рок,Bayandun soum 중심에서 남동쪽으로 40km 떨어져 있습니다.,バヤンドゥン スームの中心部から南東 40 km に位置します。,位于巴彦墩苏木中心东南40公里处。,Расположен в 40 км к юго-востоку от центра сума Баяндун.
199,1,Байгалийн үзэсгэлэнт газар,Галуут нуур,Galuut Lake,Дорнод,Dornod,Чулуунхороот,Chuluunkhroot,49.75047,115.2769,Чулуунхороот сумын төвөөс баруун өмнө  зүгт 33 км зайтай оршино. ,It is located 33 km southwest of the center of Chuluunkhoroot soum.,https://www.dropbox.com/scl/fi/ifbivn3y9sw5cmbb9t5ei/.jpg?rlkey=8bfzz8ngbw5suowkouauwwv3o&raw=1,갈루트 호수,ガルート湖,加鲁特湖,Галуутское озеро,Chuluunkhoroot soum 중심에서 남서쪽으로 33km 떨어져 있습니다.,チュルンホルート・ソムの中心部から南西に 33 km に位置します。,它位于Chuluunkhoroot soum中心西南33公里处。,Расположен в 33 км к юго-западу от центра сомона Чулуунхороот.
200,1,Байгалийн үзэсгэлэнт газар,Жирэмийн цагаан нуур Дорнод,White Lake of Jirem,Дорнод,Dornod,Чулуунхороот,Chuluunkhroot,49.58517,116.04255,Чулуунхороот сумын төвөөс зүүн өмнө  зүгт 43 км зайтай оршино. ,It is located 43 km southeast of the center of Chuluunkhoroot soum.,https://www.dropbox.com/scl/fi/rok0x8gykb855fdaug49z/.jpg?rlkey=s6udrbboaq21k6pdzndw9f2od&raw=1,지렘의 백호,ジレムの白い湖,吉里姆白湖,Белое озеро Джирем,Chuluunkhoroot soum 중심에서 남동쪽으로 43km 떨어져 있습니다.,チュルンホルート・ソムの中心部から南東に 43 km に位置します。,它位于楚伦霍鲁特苏姆中心东南43公里处。,Расположен в 43 км к юго-востоку от центра сомона Чулуунхороот.
201,1,Байгалийн үзэсгэлэнт газар,Гурваны нуур,Gurvan Nuur Lake,Дорнод,Dornod,Баянтүмэн,Bayantumen,48.18698,114.43628,Чойбалсан хотоос  хойд зүгт 14 км зайтай оршино. ,It is located 14 km north of Choibalsan city.,https://www.dropbox.com/scl/fi/5o7ozme53eaagtqymmahe/.jpg?rlkey=ridwfrggeb8cd3ia46s2xcq9w&raw=1,구르반 누르 호수,グルバン ヌール湖,古尔万努尔湖,Озеро Гурван Нуур,초이발산시에서 북쪽으로 14km 떨어져 있다.,チョイバルサン市の北14kmに位置します。,它位于乔巴山市以北14公里处。,Он расположен в 14 км к северу от города Чойбалсан.
202,2,Түүхийн дурсгалт газар,Дандар баатрын хөшөө,Dandar Hero Statue,Дорнод,Dornod,Халхгол,Khalkhgol,47.70918,118.54864,Халх гол сумын төвөөс баруун хойд зүгт 12.5 км зайтай оршино.,It is located 12.5 km northwest of the center of Khalkh Gol soum.,https://www.dropbox.com/scl/fi/4bpuaacftuzici1n0wy3s/.jpg?rlkey=s4xm7yxub0wr00oahul37ij53&raw=1,단다르 영웅 동상,,丹达尔英雄雕像,Статуя героя Дандара,Khalkh Gol soum 중심에서 북서쪽으로 12.5km 떨어져 있습니다.,ハルク ゴル スムの中心部から北西 12.5 km に位置します。,它位于Khalkh Gol soum中心西北12.5公里处。,"Он расположен в 12,5 км к северо-западу от центра сомона Халх-Гол."
203,2,Түүхийн дурсгалт газар,Ерин баатрын хөшөө,90 Heroes Monument,Дорнод,Dornod,Халхгол,Khalkhgol,47.71165,118.56549,Халх гол сумын төвөөс баруун хойд зүгт 12.5 км зайтай оршино.,It is located 12.5 km northwest of the center of Khalkh Gol soum.,https://www.dropbox.com/scl/fi/6to146iakl05mibly8wip/.jpg?rlkey=mayarzwhpzro3d6qf3v0zz37s&raw=1,90인 영웅 기념비,90 人の英雄の記念碑,90英雄纪念碑,Памятник 90 героям,Khalkh Gol soum 중심에서 북서쪽으로 12.5km 떨어져 있습니다.,ハルク ゴル スムの中心部から北西 12.5 km に位置します。,它位于Khalkh Gol soum中心西北12.5公里处。,"Он расположен в 12,5 км к северо-западу от центра сомона Халх-Гол."
204,3,Шашны дурсгалт газар,Их бурхант,Ikh Burkhant ,Дорнод,Dornod,Халхгол,Khalkhgol,47.87385,118.45103,Халх гол сумын төвөөс баруун хойд зүгт 118 км зайтай оршино.,It is located 118 km northwest of the center of Khalkh Gol soum.,https://www.dropbox.com/scl/fi/jtnb3axgssaps5ww4yo60/.jpg?rlkey=a9i6jvl0bmdgxionnsl82n1bv&raw=1,이크 부르칸트,イク・ブルカント,伊克·布尔坎特,Их Бурхант,Khalkh Gol soum 중심에서 북서쪽으로 118km 떨어져 있습니다.,ハルク・ゴル・ソムの中心部から北西118kmに位置する。,它位于Khalkh Gol soum中心西北118公里处。,Он расположен в 118 км к северо-западу от центра сомона Халх-Гол.
205,1,Байгалийн үзэсгэлэнт газар,Их газрын чулуу(Дорнод),Ikh Gazriin Chuluu(Dornod),Дорнод,Dornod,Баяндун,Bayandun,49.08071,113.13204,Баяндун сумын төвөөс баруун өмнө зүгт 53 км зайтай оршино. ,It is located 53 km southwest of the center of Bayandun soum.,https://www.dropbox.com/scl/fi/opev1oxzs763n936c5htb/.jpg?rlkey=ulb98ey8r5s24d0zy0nigzo2j&raw=1,이크 가즈린 출루우,イフ・ガズリン・チュルウ,伊赫·加兹林·楚鲁,Их Газриин Чулуу,Bayandun Soum에서 남서쪽으로 53km 떨어져 있습니다.,バヤンドゥン・ソウムの南西53キロに位置する。,位于巴彦墩苏姆西南53公里处。,Он расположен в 53 км к юго-западу от Сума Баяндун.
206,1,Байгалийн үзэсгэлэнт газар,Сүмийн нуур,Sumiin Nuur Lake,Дорнод,Dornod,Гурванзагал,Gurvanzagal,49.12828,114.82616,Гурванзагал сумын төвөөс баруун урд зүгт 2.5 км зайтай оршино,It is located 2.5 km southwest of the center of Gurvanzagal soum.,https://www.dropbox.com/scl/fi/ht73u24c56lfbhjst9rrw/.jpg?rlkey=zakqq3gky7bqg440qvetepvqv&raw=1,수미인 누르 호수,スミイン・ヌール湖,苏米因努尔湖,Озеро Сумиин-Нур,Gurvanzagal soum 중심에서 남서쪽으로 2.5km 떨어져 있습니다.,グルヴァンザガル・スームの中心部から南西2.5kmに位置しています。,它位于Gurvanzagal soum中心西南2.5公里处。,"Он расположен в 2,5 км к юго-западу от центра сума Гурванзагал."
207,2,Түүхийн дурсгалт газар,То вангийн хүүхдийн овоо,"The ""children's stone pile"" of To Wang",Дорнод,Dornod,Халхгол,Khalkhgol,47.86408,118.47193,Халх гол сумын төвөөс баруун хойд зүгт 116 км зайтай оршино.,It is located 116 km northwest of the center of Khalkh Gol soum.,https://www.dropbox.com/scl/fi/tr9z1kn6zi83pbebydief/.jpg?rlkey=9qvrqx3ogkgard6f2pgbfhcqj&raw=1,"토왕의 ""아이들의 돌무더기""",トー・ワンの「子供の石積み」,托王的“儿童石堆”,Детская груда камней То Вана,Khalkh Gol soum 중심에서 북서쪽으로 116km 떨어져 있습니다.,ハルク・ゴル・ソムの中心部から北西116kmに位置する。,它位于Khalkh Gol soum中心西北116公里处。,Он расположен в 116 км к северо-западу от центра сомона Халх-Гол.
208,1,Байгалийн үзэсгэлэнт газар,Тэмээн уулын агуй,Temeen Uul Cave,Дорнод,Dornod,Баяндун,Bayandun,49.03687,113.28454,Баяндун сумын төвөөс зүүн хойд зүгт 27.5 км зайтай оршино.,It is located 27.5 km northeast of the center of Bayandun soum.,https://www.dropbox.com/scl/fi/b3bt3t7jg1gsoclisa7rd/.jpg?rlkey=8ttgiedjzrm9h1bo4fk97g0ai&raw=1,테민 울 동굴,テミーン・ウル洞窟,特明乌尔洞穴,Пещера Темеен Уул,Bayandun Soum에서 북동쪽으로 27.5km 떨어져 있습니다.,バヤンドゥン・ソウムの北東27.5kmに位置する。,位于巴彦墩苏木东北27.5公里处。,"Он расположен в 27,5 км к северо-востоку от сума Баяндун."
209,1,Байгалийн үзэсгэлэнт газар,Утаат минчүүр рашаан,Utaat Minchuur Mineral Water,Дорнод,Dornod,Чойбалсан,Choibalsan,48.71666,115.08228,Чойбалсан хотоос  зүүн хойд зүгт 40 км зайтай оршино. ,It is located 40 km northeast of Choibalsan city.,,우타트 민츄르 미네랄 워터,ウタアト ミンチュール ミネラルウォーター,乌塔特明楚尔矿泉水,Минеральная вода Утаат Минчуур,초이발산시에서 북동쪽으로 40km 떨어진 곳에 위치해 있다.,チョイバルサン市の北東40kmに位置する。,它位于乔巴山市东北40公里处。,Он расположен в 40 км к северо-востоку от города Чойбалсан.
210,2,Түүхийн дурсгалт газар,Хал голын ялалтын хөшөө,Khalkh River Victory Statue,Дорнод,Dornod,Халхгол,Khalkhgol,47.63496,118.59919,Халх гол сумын төвөөс баруун хойд зүгт 1.5 км зайтай оршино.,It is located 1.5 km northwest of the center of Khalkh Gol soum.,https://www.dropbox.com/scl/fi/s0xundmj4b39dmywlmw2o/.jpg?rlkey=8jol9wmxkbwfosbm03uvj5ous&raw=1,할크 강 승리 동상,ハルフ川の勝利の像,喀尔赫河胜利雕像,Статуя Победы на реке Халх,Khalkh Gol soum 중심에서 북서쪽으로 1.5km 떨어져 있습니다.,ハルク ゴル スムの中心部から北西 1.5 km に位置します。,它位于Khalkh Gol soum中心西北1.5公里处。,"Он расположен в 1,5 км к северо-западу от центра сомона Халх-Гол."
211,2,Түүхийн дурсгалт газар,Ханан хөшөө,Wall statue,Дорнод,Dornod,Халхгол,Khalkhgol,47.81996,118.53907,Халх гол сумын төвөөс баруун хойд зүгт 25.5 км зайтай оршино.,It is located 25.5 km northwest of the center of Khalkh Gol soum.,https://www.dropbox.com/scl/fi/mk26majj7g4b5ihj7t8ok/.jpg?rlkey=yle25n09adyoelklp8nt7ty9g&raw=1,벽 조각상,壁の彫像,壁像,Настенная статуя,Khalkh Gol soum 중심에서 북서쪽으로 25.5km 떨어져 있습니다.,ハルク・ゴル・ソムの中心部から北西25.5kmに位置する。,它位于Khalkh Gol soum中心西北25.5公里处。,Error 500 (Server Error)!!1500.That’s an error.There was an error. Please try again later.That’s all we know.
212,2,Түүхийн дурсгалт газар,"Хувьсгалт цэргийн хөшөө, дурсгал",Revolutionary Soldier Monument,Дорнод,Dornod,Халхгол,Khalkhgol,47.73447,118.52768,Халх гол сумын төвөөс баруун хойд зүгт 16 км зайтай оршино.,It is located 16 km northwest of the center of Khalkh Gol soum.,https://www.dropbox.com/scl/fi/7cphqj20u0po4k36q82zw/.jpg?rlkey=ca3wlvpggqrt99fnmwc59g1gj&raw=1,혁명군 기념비,革命戦士記念碑,革命战士纪念碑,Памятник революционному солдату,Khalkh Gol soum 중심에서 북서쪽으로 16km 떨어져 있습니다.,ハルク ゴル ソムの中心部から北西 16 km に位置します。,它位于Khalkh Gol soum中心西北16公里处。,Он расположен в 16 км к северо-западу от центра сомона Халх-Гол.
213,2,Түүхийн дурсгалт газар,Хуягт машинт хөшөө,Armored vehicle statue,Дорнод,Dornod,Халхгол,Khalkhgol,47.72701,118.64149,Халх гол сумын төвөөс 16 км зайтай оршино.,It is located 16 km from the center of Khalkh Gol soum.,https://www.dropbox.com/scl/fi/k0uhaxuxudk13fufkxyie/.jpg?rlkey=cdk551hm7tw524ke8bv0mctzg&raw=1,장갑차 동상,装甲車両の像,装甲车雕像,Статуя бронемашины,이 숙소는 Khalkh Gol soum 중심에서 16km 떨어져 있습니다.,ハルク・ゴル・スムの中心部から16kmに位置しています。,距离Khalkh Gol soum市中心有16公里。,Он расположен в 16 км от центра сума Халх-Гол.
214,1,Байгалийн үзэсгэлэнт газар,Хүрхрээ,Waterfall,Дорнод,Dornod,Халхгол,Khalkhgol,47.06976,119.13491,Халх гол сумын төвөөс зүүн өмнө зүгт 92 км зайтай Дэлгэр гол дээр оршино.,"It is located on the Delger River, 92 km southeast of the center of Khalkh Gol soum.",https://www.dropbox.com/scl/fi/fcgtkn6f3kdsohib2adf4/.jpg?rlkey=2o7x3zkxf4nmgreu06v91cuii&raw=1,폭포,滝,瀑布,Водопад,Khalkh Gol soum 중심에서 남동쪽으로 92km 떨어진 Delger 강에 위치하고 있습니다.,ハルク ゴル ソムの中心部から南東 92 km、デルガー川沿いに位置しています。,它位于德尔格河畔，距哈尔赫戈尔苏姆中心东南92公里。,"Он расположен на реке Дельгер, в 92 км к юго-востоку от центра сомона Халх-Гол."
215,2,Түүхийн дурсгалт газар,Хэрлэн барс хотын туурь,Kherlen Bars Ruin,Дорнод,Dornod,Цагаан-Овоо,Tsagaan-Ovoo,48.05493,113.36421,Чойбалсан хотоос  баруун  зүгт 86 км зайтай оршино. ,It is located 86 km west of Choibalsan city.,https://www.dropbox.com/scl/fi/kany7yyxvs1nlovr3u00o/.jpg?rlkey=hfqm5fd6hyu3fhns2t0bftuoa&raw=1,케를렌 바 폐허,ヘルレン・バーズ廃墟,克鲁伦巴尔斯遗址,Херлен Барс Руины,초이발산시에서 서쪽으로 86km 떨어져 있다.,チョイバルサン市の西86kmに位置する。,它位于乔巴山市以西86公里处。,Он расположен в 86 км к западу от города Чойбалсан.
216,1,Байгалийн үзэсгэлэнт газар,Цагаан нуур (Дорнод),Tsagaan Lake (Dornod),Дорнод,Dornod,Сэргэлэн,Sergelen,48.505,113.915,Сэргэлэн сумын төвөөс баруун зүгт 7.5 км зайтай оршино.,It is located 7.5 km west of the center of Sergelen soum.,https://www.dropbox.com/scl/fi/8fz1uyhpoyxlcsvjqr69g/.jpg?rlkey=7nltxbjiy1z2fodjczyxjahde&raw=1,차가안 호수,ツァガーン湖,查干湖,Озеро Цагаан,Sergelen soum 중심에서 서쪽으로 7.5km 떨어져 있습니다.,セルゲレン・ソムの中心部から西​​に7.5kmに位置しています。,它位于谢尔盖伦苏姆中心以西7.5公里处。,"Он расположен в 7,5 км к западу от центра сума Сергелен."
217,2,Түүхийн дурсгалт газар,Шонх таван толгой дахь хүн чулуун хөшөө,The Human Stone Statue at Shonkh Tavan Tolgoi,Дорнод,Dornod,Халхгол,Khalkhgol,47.96425,118.15927,Халх гол сумын төвөөс баруун хойд  зүгт 53 км зайтай оршино.,It is located 53 km northwest of the center of Khalkh Gol soum.,https://www.dropbox.com/scl/fi/nvrlwgbd5hduse8y0g1dv/.jpg?rlkey=8l8ac7y33lm64sw6zhnzfddmu&raw=1,쇼크 타반 톨고이의 인간 석상,ションク・タヴァン・トルゴイの人間の石像,尚克-塔万陶勒盖 的人体石像,Каменная статуя человека в Шонх Таван Толгое,Khalkh Gol soum 중심에서 북서쪽으로 53km 떨어져 있습니다.,ハルク ゴル ソムの中心部から北西 53 km に位置します。,它位于Khalkh Gol soum中心西北53公里处。,Он расположен в 53 км к северо-западу от центра сомона Халх-Гол.
218,2,Түүхийн дурсгалт газар,Яковлевийн танктай хөшөө,Monument to Yakovlev with a tank,Дорнод,Dornod,Халхгол,Khalkhgol,47.81355,118.54736,Халх гол сумын төвөөс баруун хойд зүгт 24.5 км зайтай оршино.,It is located 24.5 km northwest of the center of Khalkh Gol soum.,https://www.dropbox.com/scl/fi/bj2ayyhxb0fjqc6d1dsgt/.jpg?rlkey=7hu8t2t8jhn76istm2olqgnpw&raw=1,탱크가 있는 야코블레프 기념비,戦車のあるヤコブレフの記念碑,雅科夫列夫纪念碑，旁边是一辆坦克,Памятник Яковлеву с танком,Khalkh Gol soum 중심에서 북서쪽으로 24.5km 떨어져 있습니다.,ハルク ゴル スムの中心部から北西 24.5 km に位置します。,它位于Khalkh Gol soum中心西北24.5公里处。,"Он расположен в 24,5 км к северо-западу от центра сомона Халх-Гол."
219,1,Байгалийн үзэсгэлэнт газар,Яхь нуур,Yakh Lake,Дорнод,Dornod,Сэргэлэн,Sergelen,48.63701,114.42385,Сэргэлэн сумын төвөөс зүүн хойд зүгт 113 км зайтай оршино. Далайн түвшнээс дээш 660 метр өндөрт байна. ,It is located 113 km northeast of the center of Sergelen soum. It is 660 meters above sea level.,https://www.dropbox.com/scl/fi/1duyplb73djxg02237caa/.jpg?rlkey=td2mlv8dkd5yqh6q7vvb48tcn&raw=1,야크 호수,ヤク湖,雅克湖,Яхское озеро,Sergelen soum 중심에서 북동쪽으로 113km 떨어져 있습니다. 해발 660m이다.,セルゲレン・ソムの中心部から北東113kmに位置しています。標高は660メートルです。,它位于谢尔盖伦苏姆中心东北113公里处。海拔660米。,Расположен в 113 км к северо-востоку от центра сума Сергелен. Высота 660 метров над уровнем моря.
220,1,Байгалийн үзэсгэлэнт газар,Сүмбэрийн цагаан нуур,Sumber White Lake,Дорнод,Dornod,Халхгол,Khalkhgol,47.57549,118.63437,Халх гол сумын төвөөс өмнө зүгт 6 км зайтай оршино.,It is located 6 km south of the center of Khalkhgol soum.,https://www.dropbox.com/scl/fi/qc9t7swm2cbc1zu8w5is4/.jpg?rlkey=zurap40d9016cpplqs1hnf4op&raw=1,섬버의 화이트 레이크,サンバーズ・ホワイト・レイク,萨姆伯白湖,Озеро Сумберин Цаган,Khalkhgol ​​soum 중심에서 남쪽으로 6km 떨어져 있습니다.,ハルクゴル・スームの中心部から南に6kmに位置しています。,它位于Khalkhgol​​ soum中心以南6公里处。,Он расположен в 6 км к югу от центра сума Халхгель.
221,1,Байгалийн үзэсгэлэнт газар,Нөмрөгийн дархан цаазат газар,Numrug Strictly Protected Area ,Дорнод,Dornod,Халхгол,Khalkhgol,46.81965,119.51112,Тус бүс нутагт Хянганы нурууны ойт хээрээс Төв Азийн хуурай хээрт шилжих шилжилтийн онцлогийг онгон төрхөөр нь үзэж танилцах боломжтой цорын ганц нутаг юм. Халх гол сумын төвөөс зүүн өмнө зүгт 80 км зайтай оршино.,t is the only place in the region where you can experience the transition from the forest-steppe of the Khyangan Mountains to the dry steppes of Central Asia in its pristine form.,https://www.dropbox.com/scl/fi/fjp4ystefqeg2dl8vzq92/.jpg?rlkey=51i7qmll21cjvc1nqta7rfn57&raw=1,누므루그 엄격보호구역,ヌムルグ厳重保護区,努姆鲁格严格保护区,Строго охраняемая территория Нумруг,이곳은 캉안산맥의 산림 대초원에서 중앙아시아의 건조한 대초원으로의 자연 그대로의 변화를 경험할 수 있는 이 지역의 유일한 장소입니다.,ここは、キヤンガン山脈の森林草原から中央アジアの乾燥した草原への移行を自然のままの姿で体験できる、この地域で唯一の場所です。,这里是该地区唯一一个可以体验从干甘山脉森林草原到中亚干燥草原原始形态的转变的地方。,"Это единственное место в регионе, где можно ощутить переход от лесостепи Хьянганских гор к сухим степям Средней Азии в первозданном виде."
222,1,Байгалийн үзэсгэлэнт газар,Дорнод Монголын дархан цаазат газар,Dornod Mongol Strictly Protected Area ,Дорнод,Dornod,Халхгол,Khalkhgol,46.63172,117.1023,"Төв Азийн хялганат хээрийн хэв шинжийг бүрэн харуулсан, онгон байдлаа хадгалж үлдсэн, цагаан зээрийн нүүдэллэх газар юм.","It is a pristine, pristine, and migratory place for the white-tailed deer, fully reflecting the rugged steppe nature of Central Asia.",https://www.dropbox.com/scl/fi/xx9o78zauisgkxdgdh8jh/.jpg?rlkey=fj1o3iptui3ei6gviui9iz4xu&raw=1,도르노드 몽골 엄격보호구역,ドルノドモンゴル厳重保護区,东蒙古严格保护区,Строго охраняемая территория Дорнод Монгол,이곳은 중앙아시아의 험준한 대초원 자연을 그대로 반영한 청정하고 깨끗한 흰꼬리사슴의 이동지입니다.,ここはオジロジカの自然のままの自然の渡りの地であり、中央アジアの険しい草原の自然をよく反映しています。,这里是白尾鹿原始、原始、迁徙的地方，充分体现了中亚崎岖的草原本质。,"Это девственное, первозданное и мигрирующее место белохвостого оленя, полностью отражающее суровую степную природу Средней Азии."
223,1,Байгалийн үзэсгэлэнт газар,Вангийн цагаан уул,Vangiin Tsagaan Mountain,Дорнод,Dornod,"Халхгол, Матад","Khalkhgol, Matad",46.67105,116.99389,"Далайн түвшнээс дээш 1099 метр өргөгдсөн Халгол, Матад сумдын яг хийлийн зааг дээр оршино.","It is located right on the border of Khalgol and Matad sums, at an elevation of 1,099 meters above sea level.",https://www.dropbox.com/scl/fi/05zcy9v2xvy4g4g1bfhpm/.jpg?rlkey=lnuybqv4b7gzc5sf7v8tnntmt&raw=1,왕의 백산,王氏白山,王氏白山,Гора Вангин Цаган,"해발 1,099m 높이의 칼골(Khalgol)과 마타드섬(Matad sums)의 경계에 바로 위치해 있습니다.","ハルゴル山とマタド山との境界に位置し、標高は 1,099 メートルです。","它位于Khalgol和Matad sums的边界，海拔1,099米。","Он расположен прямо на границе мысов Халгол и Матад, на высоте 1099 метров над уровнем моря."
224,2,Түүхийн дурсгалт газар,Гүн саваа цайз,Gun sawaa castle,Дорнод,Dornod,Сэргэлэн,Sergelen,48.58525,114.27681,Сэргэлэн сумын төвөөс зүүн хойд зүгт 20 км зайтай оршино.,It is located 20 km northeast of the center of Sergelen soum.,https://www.dropbox.com/scl/fi/yual6wi5h3q5qy67uwzhj/.jpg?rlkey=gm1xdqshmg7z1di8nrbuihno3&raw=1,군 사와 성,ガンサワア城,贡萨瓦城堡,Замок Ган Саваа,Sergelen soum 중심에서 북동쪽으로 20km 떨어져 있습니다.,セルゲレン・ソムの中心部から北東20kmに位置しています。,它位于谢尔盖伦苏姆中心东北20公里处。,Расположен в 20 км к северо-востоку от центра сума Сергелен.
225,1,Байгалийн үзэсгэлэнт газар,Баруун баян нуур,Baruun Bayan Lake,Дорнод ,Dornod,Сэргэлэн,Sergelen,48.41029,114.07909,Сэргэлэн сумын төвөөс 15.5 км зайтай оршино.,It is located 15.5 km from the center of Sergelen soum.,https://www.dropbox.com/scl/fi/5axfiegi147d4455si1qa/.jpg?rlkey=doqxexv83l327b5ht9y8cto0j&raw=1,바룬 바얀 호수,バルウン バヤン湖,巴鲁恩巴彦湖,Озеро Баруун Баян,이 숙소는 Sergelen soum 중심부에서 15.5km 떨어져 있습니다.,セルゲレン・スムの中心部から15.5kmに位置しています。,距离谢尔盖伦苏姆市中心有15.5公里。,"Расположен в 15,5 км от центра Сума Сергелен."
226,1,Байгалийн үзэсгэлэнт газар,Соёлз уулын модот хамар,Soyolz Uulyn Modot Khamar,Дорнод ,Dornod,Халхгол,Khalkhgol,46.722,119.931,Монгол улсын зүүн захын цэг.,The easternmost point of Mongolia.,https://www.dropbox.com/scl/fi/jwzs7v9zg1udyor5ybofq/.jpg?rlkey=vadf2uqqd96v5qym666a5iiyw&raw=1,소욜즈 울린 모도트 카마르,ソヨルズ・ウーリン・モドット・カマル,索约尔兹·乌林·莫多特·卡马尔,Сойолз Уулин Модот Хамар,몽골의 가장 동쪽 지점.,モンゴルの最東端。,蒙古国最东端。,Самая восточная точка Монголии.
227,1,Байгалийн үзэсгэлэнт газар,Халх гол,Khalkh River,Дорнод ,Dornod,Халхгол,Khalkhgol,47.78272,118.56445,"Их Хянганы нуруунаас эх авч, 233 километр урсаад Буйр нуурт цутгадаг. Хөлөнбуйрын дундуур урсаж Монголын газар нутагт орж ирээд, Дорнод аймгийн Халхгол сумын нутгаар урсдаг. Төгсгөл хэсэг нь хоёр салаалдаг бөгөөд нэг нь Буйр нуурын баруун хойд хэсэгт цутгана. Гэтэл нөгөө салаа нь  Буйр нуурын яг хойноос эх авч урсах Орчун голд нийлж явсаар хятадын Хөлөн нуурт цутгадаг.","It originates in the Great Khyangan Range and flows for 233 kilometers before emptying into Lake Buir. It flows through the Khulunbuir and enters Mongolian territory, flowing through the Khalkhgol ​​soum of Dornod aimag. Its final section branches into two, one of which flows into the northwest part of Lake Buir. The other branch, however, merges with the Orchun River, which originates just west of Lake Buir, and flows into Lake Hulon in China.",https://www.dropbox.com/scl/fi/ozty0529qzz0k2lfre1x4/.jpg?rlkey=vcvpxo4yzgjy99spav6gl8zgz&raw=1,칼크 강,ハルフ川,喀尔赫河,Река Халх,"대향안 산맥(Great Khyangan Range)에서 발원하여 뷰르 호수(Lake Buir)로 흘러들어가기 전까지 233km를 흐른다. Khulunbuir를 거쳐 Dornod aimag의 Khalkhgol ​​​​soum을 거쳐 몽골 영토로 들어갑니다. 마지막 구간은 두 개로 갈라지며, 그 중 하나는 Buir 호수의 북서쪽으로 흘러갑니다. 그러나 다른 지류는 Buir 호수 바로 서쪽에서 발원하여 중국의 Hulon 호수로 흘러가는 Orchun 강과 합류합니다.",大キヤンガン山脈に源を発し、ブイル湖に注ぐまで 233 キロメートル流れます。クルンブワールを通ってモンゴル領土に入り、ドルノド・アイマグのハルクゴル・ソムを流れます。その最後のセクションは 2 つに分岐し、そのうちの 1 つはブイール湖の北西部に流れ込みます。しかし、もう一方の支流はブイル湖のすぐ西で源を発し、中国のヒューロン湖に注ぐオルチュン川と合流します。,它发源于大肯甘山脉，流经 233 公里，最后注入贝尔湖。它流经呼伦贝尔河进入蒙古境内，流经多尔诺德艾玛格的哈勒其苏姆。它的最后一部分分成两部分，其中一部分流入贝尔湖的西北部。然而，另一条支流与发源于贝尔湖以西的奥尔春河汇合，流入中国的休伦湖。,"Она берет начало в Большом Хьянганском хребте и течет на протяжении 233 километров, прежде чем впадает в озеро Буир. Протекает через Хулунбуир и попадает на территорию Монголии, протекая через сумон Халхгол аймака Дорнод. Его последний участок разветвляется на два, один из которых впадает в северо-западную часть озера Буир. Другой рукав, однако, сливается с рекой Орчун, которая берет начало к западу от озера Буир и впадает в озеро Хулон в Китае."
228,1,Байгалийн үзэсгэлэнт газар,Сүм хөх бүрд нуур,Sum Khukh Burd Lake,Дундговь,Dundgovi,Адаацаг,Adaatsag,46.15856,105.7575,Адаацаг сумын төвөөс өмнө зүгт 28 км зайтай оршино.,It is located 28 km south of the center of Adaatsag soum.,https://www.dropbox.com/scl/fi/eji3x4pjwadkvli2p4m2z/.jpg?rlkey=ayg28w1vt79x1b5sw3n1x3u1b&raw=1,숨 쿠크 부르드 호수,サム・クク・バード湖,萨姆库赫布尔德湖,Озеро Сум Хух Бурд ,Adaatsag soum 중심에서 남쪽으로 28km 떨어져 있습니다.,アダーツァグ・ソムの中心部から南に28kmに位置しています。,它位于阿达萨格苏姆中心以南28公里处。,Он расположен в 28 км к югу от центра сума Адаацаг.
229,2,Түүхийн дурсгалт газар,Сүм хөх бүрдийн туурь,Ruins of the Blue Burd Church,Дундговь,Dundgovi,Адаацаг,Adaatsag,46.16077,105.76005,Адаацаг сумын төвөөс өмнө зүгт 28 км зайтай оршино.,It is located 28 km south of the center of Adaatsag soum.,"https://www.dropbox.com/scl/fi/agxh8c298rcdbu3ovyxm1/.jpg?rlkey=a9b9l0bt7wqxyxnj9ruxwj0l2&raw=1,https://www.dropbox.com/scl/fi/0euizc4e8p6674h7htbmh/1.jpg?rlkey=2meoyzhtzs3kcipttwb4xfvjz&raw=1",블루 버드 교회 유적,青い鳥の教会の遺跡,蓝鸟教堂遗址,Руины церкви Сум Хух Бурд,Adaatsag soum 중심에서 남쪽으로 28km 떨어져 있습니다.,アダーツァグ・ソムの中心部から南に28kmに位置しています。,它位于阿达萨格苏姆中心以南 28 公里处。,Он расположен в 28 км к югу от центра сума Адаацаг.
230,1,Байгалийн үзэсгэлэнт газар,Бага газрын чулуу,Baga Gazryn Chuluu,Дундговь,Dundgovi,Дэлгэрцогт,Delgertsogt,46.20738,106.01798,Дэлгэрцогт сумын төвөөс баруун зүгт 37 км зайтай оршино. Ноён оргил нь далайн түвшнээс дээш 1768 метр өндөрт өргөгдсөн.,"It is located 37 km west of the center of Delgertsogt soum. Noyon Peak rises to an altitude of 1,768 meters above sea level.",https://www.dropbox.com/scl/fi/8gwf9lmmnpqvoo1h323ob/.jpg?rlkey=o57uprb5osq3xfj4ucygc8k7k&raw=1,바가 가즈린 출루우,バガ・ガズリン・チュルウ,巴加·加兹林·楚鲁,Бага Газрын Чулуу,"Delgertsogt soum 중심에서 서쪽으로 37km 떨어져 있습니다. 노용봉(Noyon Peak)은 해발 1,768m 높이에 솟아 있다.","デルゲルツォグト ソムの中心部から西​​に 37 km に位置します。ノヨン山は標高 1,768 メートルに達します。","它位于Delgertsogt soum中心以西37公里处。努瓦永峰海拔 1,768 米。",Он расположен в 37 км к западу от центра сума Дельгерцогт. Пик Нойон поднимается на высоту 1768 метров над уровнем моря.
231,1,Байгалийн үзэсгэлэнт газар,Баян борын улаан нуур,Bayan Boryn Ulaan Lake,Дундговь,Dundgovi,Баянжаргалан,Bayanjargalan,45.79595,108.51686,Баянжаргалан сумын төвөөс баруун зүгт 47 км зайтай оршино.,It is located 47 km west of the center of Bayanjargalan soum.,https://www.dropbox.com/scl/fi/kttuqyj2hd56jybxug2s7/.jpg?rlkey=q00iqz7s5ovar86sk7y9tvr3a&raw=1,바얀 보린 울란 호수,バヤン・ボリン・ウラーン湖,巴彦博林乌兰湖,Озеро Баян Борын Улаан,Bayanjargalan soum 중심에서 서쪽으로 47km 떨어져 있습니다.,バヤンジャルガラン スームの中心部から西​​に 47 km に位置します。,它位于Bayanjargalan soum中心以西47公里处。,Он расположен в 47 км к западу от центра сума Баянжаргалан.
232,3,Шашны дурсгалт газар,Бурхантын агуй,Burkhantyn Cave,Дундговь,Dundgovi,Гурвансайхан,Gurvansaikhan,45.75759,107.2414,Гурвансайхан сумын төвөөс зүүн хойд зүгт 33 км зайтай оршино.,It is located 33 km northeast of the center of Gurvansaikhan soum.,,부르칸틴 동굴,ブルカンティン洞窟,布尔汉廷洞,Бурхантинская пещера,Gurvansaikhan soum 중심에서 북동쪽으로 33km 떨어져 있습니다.,Error 500 (Server Error)!!1500.That’s an error.There was an error. Please try again later.That’s all we know.,它位于Gurvansaikhan soum中心东北33公里处。,Расположен в 33 км к северо-востоку от центра сомона Гурвансайхан.
233,1,Байгалийн үзэсгэлэнт газар,Өвгөн хад,Old rock,Дундговь,Dundgovi,Гурвансайхан,Gurvansaikhan,45.74408,107.23306,Энэ хад Их газрын чулуунд байна.,This rock is in the Great Land of Stone.,https://www.dropbox.com/scl/fi/tlgq0p36u1pzmg02veis4/.jpg?rlkey=6tpae6sewxyqg7jfxkackw1ah&raw=1,오래된 바위,古い岩,老摇滚,Старый камень,이 바위는 Great Land of Stone에 있습니다.,Error 500 (Server Error)!!1500.That’s an error.There was an error. Please try again later.That’s all we know.,这块石头就在石之大地。,Эта скала находится в Великой Стране Камней.
234,3,Шашны дурсгалт газар,Дэлгэрийн хийд,Delger Monastery,Дундговь,Dundgovi,Дэлгэрцогт,Delgertsogt,46.14605,106.15184,Дэлгэрцогт сумын төвөөс баруун зүгт 16.5 км затай оршино.,It is located 16.5 km west of the center of Delgertsogt soum.,https://www.dropbox.com/scl/fi/103aysso5ijmnrf8dhi3o/.jpeg?rlkey=bppvcsm4f0yt6s903v6fji69x&raw=1,델거 수도원,デルガー修道院,德尔格修道院,Дельгерский монастырь,Delgertsogt soum 중심에서 서쪽으로 16.5km 떨어져 있습니다.,デルゲルツォグト ソムの中心部から西​​に 16.5 km に位置します。,Error 500 (Server Error)!!1500.That’s an error.There was an error. Please try again later.That’s all we know.,"Он расположен в 16,5 км к западу от центра сума Дельгерцогт."
235,1,Байгалийн үзэсгэлэнт газар,Дэлгэрхангай уул,Delgerkhangai Mountain,Дундговь,Dundgovi,Дэлгэрхангай,Delgerkhangai,45.21458,104.72456,Дэлгэрхангай сумын төвөөс өмнө зүгт 6 км зайтай оршино. Ноён оргил нь далайн түвшнээс дээш 1913 метр өндөрт байх Тахилгын овоо юм.,"It is located 6 km south of the center of Delgerkhangai soum. The highest peak is Takhilgin Ovoo, which is 1913 meters above sea level.",https://www.dropbox.com/scl/fi/k1x9tfq7u13y7o8pgakpv/.jpg?rlkey=cn2z2342iag34herg429n6etc&raw=1,델게르항가이 산,デルゲルハンガイ山,德尔格汉爱山,Гора Дэлгерхангай,Delgerkhangai soum 중심에서 남쪽으로 6km 떨어져 있습니다. 가장 높은 봉우리는 타힐긴 오부(Takhilgin Ovoo)로 해발 1913m이다.,デルゲルハンガイ ソムの中心部から南に 6 km に位置します。最高峰は標高1913メートルのタキルギン・オブーです。,它位于Delgerkhangai soum中心以南6公里处。最高峰是塔基金敖包，海拔1913米。,"Он расположен в 6 км к югу от центра Дэлгерхангайского сума. Самая высокая вершина – Тахилгин Овоо, высота которой составляет 1913 метров над уровнем моря."
236,2,Түүхийн дурсгалт газар,Задгай театр,Open-Air Theater,Дундговь,Dundgovi,Гурвансайхан,Gurvansaikhan,45.73221,107.24992,Гурвансайхан сумын төвөөс зүүн хойд зүгт 39 км зайтай Их газрын чулууны өмнө хэсэгт оршино.,"It is located 39 km northeast of the center of Gurvansaikhan soum, south of the Great Stone.",https://www.dropbox.com/scl/fi/wl9o9isc0muvu0f5w2bhp/.jpg?rlkey=z7uxdxgt2zy70gssul99qs4ln&raw=1,야외극장,野外劇場,露天剧场,Театр под открытым небом,Error 500 (Server Error)!!1500.That’s an error.There was an error. Please try again later.That’s all we know.,グルバンサイハン ソムの中心部から北東 39 km、グレート ストーンの南に位置します。,它位于Gurvansaikhan soum中心东北39公里处，巨石以南。,"Расположен в 39 км к северо-востоку от центра сомона Гурвансайхан, к югу от Великого камня."
237,1,Байгалийн үзэсгэлэнт газар,Их газрын чулуу (Дундговь),Ikh Gazryn Chuluu (Dundgovi),Дундговь,Dundgovi,Гурвансайхан,Gurvansaikhan,45.75,107.248,Гурвансайхан сумын төвөөс зүүн хойд зүгт 39 км зайтай оршино.,It is located 39 km northeast of the center of Gurvansaikhan soum.,https://www.dropbox.com/scl/fi/zbpd07horxee2i5vdes7x/.jpeg?rlkey=mknlms2w9ctvcs3pmorucaikj&raw=1,이크 가즈린 출루우,イフ・ガズリン・チュルー,伊克·加兹林·楚鲁,Их Газрын Чулуу,Gurvansaikhan soum 중심에서 북동쪽으로 39km 떨어져 있습니다.,グルバンサイカン・ソムの中心部から北東39kmに位置しています。,它位于Gurvansaikhan soum中心东北39公里处。,Расположен в 39 км к северо-востоку от центра сомона Гурвансайхан.
238,1,Байгалийн үзэсгэлэнт газар,Ихрийн агуй,Ikhriin Cave,Дундговь,Dundgovi,Гурвансайхан,Gurvansaikhan,45.75596,107.23251,Гурвансайхан сумын төвөөс зүүн хойд зүгт 33 км зайтай оршино.,It is located 33 km northeast of the center of Gurvansaikhan soum.,,이크리인 동굴,イフリン洞窟,伊克林洞,Пещера Ихриин,Gurvansaikhan soum 중심에서 북동쪽으로 33km 떨어져 있습니다.,グルバンサイカン・ソムの中心部から北東に 33 km に位置します。,Error 500 (Server Error)!!1500.That’s an error.There was an error. Please try again later.That’s all we know.,Расположен в 33 км к северо-востоку от центра сомона Гурвансайхан.
239,1,Байгалийн үзэсгэлэнт газар,Мандалын нуур,Mandal Lake,Дундговь,Dundgovi,Сайнцагаан,Saintsagaan,45.67862,106.3295,Сайнцагаан сумын төвөөс зүүн өмнө зүгт 9.8 км зайтай оршино. ,It is located 9.8 km southeast of the center of Saintsagaan soum.,https://www.dropbox.com/scl/fi/419bn82tt4ququvb7mqdy/.jpg?rlkey=4n2gibkywcfujmojho0utgc60&raw=1,만달 호수,マンダル湖,曼达尔湖,Озеро Мандал,Saintsagaan soum 중심에서 남동쪽으로 9.8km 떨어져 있습니다.,サンサガーン・ソムの中心部から南東に9.8kmに位置する。,它位于Saintsagaan soum中心东南9.8公里处。,"Он расположен в 9,8 км к юго-востоку от центра сума Сенсаган."
240,2,Түүхийн дурсгалт газар,Норовбанзадын гэрэлт хөшөө,Norovbanzad Statue,Дундговь,Dundgovi,Гурвансайхан,Gurvansaikhan,45.72508,107.22373,Гурвансайхан сумын төвөөс зүүн хойд зүгт 30 км зайтай оршино.,It is located 30 km northeast of the center of Gurvansaikhan soum.,https://www.dropbox.com/scl/fi/53pz81f4kpn4owwcu7qy4/.jpg?rlkey=rj3zvqbmugxc87823lebp7g29&raw=1,노로브반자드 동상,ノロフバンザド像,诺罗夫班扎德雕像,Статуя Норовбанзада,Gurvansaikhan soum 중심에서 북동쪽으로 30km 떨어져 있습니다.,グルバンサイカン・ソムの中心部から北東30kmに位置しています。,它位于Gurvansaikhan soum中心东北30公里处。,Он расположен в 30 км к северо-востоку от центра сомона Гурвансайхан.
241,1,Байгалийн үзэсгэлэнт газар,Өөш манхан,Uush Mankhan,Дундговь,Dundgovi,Өлзийт,Ulziit,44.69511,107.06636,Өлзийт сумын төвөөс баруун хойд зүгт 65.7 км зайтай оршино.,It is located 65.7 km northwest of the center of Ulziit soum.,https://www.dropbox.com/scl/fi/c99vlyhtzhrlods523ud0/.jpg?rlkey=u78l177aqq2ouhqi4jvbduzg2&raw=1,우쉬 만칸,ウーシュ・マンカーン,乌什·曼汗,Ууш Манхан,Error 500 (Server Error)!!1500.That’s an error.There was an error. Please try again later.That’s all we know.,ウルジート・ソムの中心部から北西65.7kmに位置する。,它位于乌尔济特苏姆中心西北65.7公里处。,"Расположен в 65,7 км к северо-западу от центра сума Улзийт."
242,1,Байгалийн үзэсгэлэнт газар,Босоо хэвтэйн агуй,Bosoo Khevtein Cave,Дундговь,Dundgovi,Өлзийт,Ulziit,44.5942,105.79318,Өлзийт сумын төвөөс баруун өмнө зүгт 70 км зайтай оршино.,It is located 70 km southwest of the center of Ulziit soum.,https://www.dropbox.com/scl/fi/v5cw5h8xgrsr5h5qpmm8c/.jpg?rlkey=icgfnjeilf5z50540driqtn5z&raw=1,보수 케브테인 동굴,ボソ・ケブテイン洞窟,博索赫夫坦洞穴,Пещера Босу Хевтейн,Ulziit soum 중심에서 남서쪽으로 70km 떨어져 있습니다.,ウルジート・スームの中心部から南西に70kmに位置する。,它位于Ulziit soum中心西南70公里处。,Он расположен в 70 км к юго-западу от центра сума Улзийт.
243,3,Шашны дурсгалт газар,Баруун билүүний хийдийн туурь,Ruins of the Western Biluun Monastery,Дундговь,Dundgovi,Өлзийт,Ulziit,44.44206,105.86621,Өлзйт сумын төвөөс баруун өмнө зүгт 80 км зайнд оршино. ,It is located 80 km southwest of the center of Ulzyt soum.,https://www.dropbox.com/scl/fi/txqlrlachskxeyedafdop/.jpg?rlkey=wmz9vtg61ovsh41nm6sneadf8&raw=1,서쪽 빌룬 사원 유적,西ビルーン修道院の遺跡,西比伦修道院遗址,Руины монастыря Западный Билуун,Ulzyt soum 중심에서 남서쪽으로 80km 떨어져 있습니다.,ウルズィット・スームの中心部から南西80kmに位置する。,它位于乌尔济特苏姆中心西南80公里处。,Расположен в 80 км к юго-западу от центра сума Улзыт.
244,2,Түүхийн дурсгалт газар,Дэл уулын хадны зураг.,Rock painting of Del Mountain,Дундговь,Dundgovi,Өлзийт,Ulziit,44.45136,105.97602,Өлзйт сумын төвөөс баруун өмнө зүгт 70 км зайнд оршино. ,It is located 70 km southwest of the center of Ulzyt soum.,https://www.dropbox.com/scl/fi/57bgwt9y78hcdrdoxsnjo/.jpg?rlkey=buzdyab38w2odug5n85rj3eyu&raw=1,델 산의 암벽화,Deru yama no iwa e,德尔山岩画,Наскальные рисунки на горе Дель,Ulzyt soum 중심에서 남서쪽으로 70km 떨어져 있습니다.,ウルズィット・スームの中心部から南西に70kmに位置しています。,它位于乌尔济特苏姆中心西南70公里处。,Расположен в 70 км к юго-западу от центра сума Улзыт.
245,3,Шашны дурсгалт газар,Сумийн туурь,Monastery Riun,Дундговь,Dundgovi,Дэлгэрцогт,Delgertsogt,46.20114,106.03453,Дэлгэрцогт сумын төвөөс баруун зүгт 28.6 км зайтай оршино.,It is located 28.6 km west of the center of Delgertsogt soum.,,수도원 리운,リウン修道院,留恩寺,Монастырь Риун,Delgertsogt soum 중심에서 서쪽으로 28.6km 떨어져 있습니다.,デルゲルツォグト・ソムの中心部から西​​に28.6kmに位置しています。,它位于德尔格特索格特苏姆中心以西28.6公里处。,"Он расположен в 28,6 км к западу от центра сума Дельгерцогт."
246,1,Байгалийн үзэсгэлэнт газар,Тоонот агуй,Toonot Cave,Дундговь,Dundgovi,Гурвансайхан,Gurvansaikhan,45.74232,107.21945,Гурвансайхан сумын төвөөс зүүн хойд зүгт 31 км зайтай оршино.,It is located 31 km northeast of the center of Gurvansaikhan soum.,https://www.dropbox.com/scl/fi/gslh8pvlxlr9exu95h5d9/.jpg?rlkey=7mf6g3wa2lv9rzply8uq8i9xp&raw=1,투놋 동굴,トゥーノット洞窟,图诺特洞穴,Пещера Тунот,Gurvansaikhan soum 중심에서 북동쪽으로 31km 떨어져 있습니다.,グルバンサイカン・ソムの中心部から北東31kmに位置しています。,Error 500 (Server Error)!!1500.That’s an error.There was an error. Please try again later.That’s all we know.,Расположен в 31 км к северо-востоку от центра сомона Гурвансайхан.
247,1,Байгалийн үзэсгэлэнт газар,Умбын цагаан нуур,Umbiin Tsagaan Lake,Дундговь,Dundgovi,Цагаандэлгэр,Tsagaandelger,46.693,107.907,Цагаандэлгэр сумын төвөөс зүүн хойд зүгт 46.5 км зайтай оршино.,It is located 46.5 km northeast of the center of Tsagaandelger soum.,https://www.dropbox.com/scl/fi/tstjcinze3d2wnoz1r807/.jpg?rlkey=k1sn14awlj8ecleljvrzvomnx&raw=1,움비인 차강 호수,ウンビン・ツァガーン湖,翁比因查干湖,Озеро Умбиин Цагаан,Tsagaandelger 호수에서 북동쪽으로 46.5km 떨어져 있습니다.,ツァガーンデルガー湖の北東 46.5 km に位置します。,位于察甘德尔格尔湖东北46.5公里处。,"Он расположен в 46,5 км к северо-востоку от озера Цагаандельгер."
248,1,Байгалийн үзэсгэлэнт газар,Хур харцагын тагт,Khur Khartsagyn Tagt,Дундговь,Dundgovi,Гурвансайхан,Gurvansaikhan,45.74389,107.21742,Гурвансайхан сумын төвөөс зүүн хойд зүгт 31 км зайтай оршино.,It is located 31 km northeast of the center of Gurvansaikhan soum.,https://www.dropbox.com/scl/fi/3df5brymmjzsxxxgk0nn8/.jpg?rlkey=so508zfegb6zpjlopoqxza45j&raw=1,쿠르 카르차긴 타그트,クール・ハルツァギン・タグト,库尔·哈察金·塔格特,Хур Харцагын Тагт,Gurvansaikhan soum 중심에서 북동쪽으로 31km 떨어져 있습니다.,グルバンサイカン・ソムの中心部から北東31kmに位置しています。,它位于Gurvansaikhan soum中心东北31公里处。,Расположен в 31 км к северо-востоку от центра сомона Гурвансайхан.
249,1,Байгалийн үзэсгэлэнт газар,Цагаан суварга,Tsagaan Suvarga,Дундговь,Dundgovi,Өлзийт,Ulziit,44.58982,105.78613,Өлзийт сумын төвөөс баруун өмнө зүгт  67.4 км зайтай оршино.,It is located 67.4 km southwest of the center of Ulziit soum.,https://www.dropbox.com/scl/fi/0djk4s8uwk8849h08cm2z/.jpeg?rlkey=13du2i1jukd8ein3anyjmzw9m&raw=1,차가안 수바르가,ツァガーン・スヴァルガ,查甘·苏瓦尔加,Цагаан Суварга,Ulziit soum 중심에서 남서쪽으로 67.4km 떨어져 있습니다.,ウルジート・ソムの中心部から南西67.4kmに位置する。,它位于乌尔济特苏姆中心西南67.4公里处。,"Расположен в 67,4 км к юго-западу от центра сума Улзийт."
250,1,Байгалийн үзэсгэлэнт газар,Эхийн умай агуй,Ekhiin Umai Cave,Дундговь,Dundgovi,Гурвансайхан,Gurvansaikhan,45.74643,107.22528,Гурвансайхан сумын төвөөс зүүн хойд зүгт 32 км зайтай оршино.,It is located 32 km northeast of the center of Gurvansaikhan soum.,https://www.dropbox.com/scl/fi/fkkwmpums1xuswzop6eml/.jpg?rlkey=ifykfnizvlz4c6jt3ifarw0zp&raw=1,에키인 우마이 동굴,駅院うまい洞窟,埃克欣乌迈洞,Пещера Эхиин Умай,Gurvansaikhan soum 중심에서 북동쪽으로 32km 떨어져 있습니다.,グルバンサイカン・ソムの中心部から北東に 32 km に位置します。,它位于Gurvansaikhan soum中心东北32公里处。,Расположен в 32 км к северо-востоку от центра сомона Гурвансайхан.
251,3,Шашны дурсгалт газар,Онгийн хийд,Ongi Monastery,Дундговь,Dundgovi,Сайхан-Овоо,Saikhan-Ovoo,45.33988,104.00429,Сайхан-Овоо сумын төвөөс зүүн өмнө зүгт 17 км зайтай оршино.,It is located 17 km southeast of the center of Saikhan-Ovoo soum.,https://www.dropbox.com/scl/fi/h4q2fs7a32hqkmqqpsabo/.jpg?rlkey=mvrp4pk3ula72r8bsybwv6cth&raw=1,옹 수도원,オング寺院,翁寺,Монастырь Онги,Saikhan-Ovoo soum 중심에서 남동쪽으로 17km 떨어져 있습니다.,サイハン・オヴォー・スームの中心部から南東17kmに位置する。,它位于赛汗敖包苏姆中心东南17公里处。,Расположен в 17 км к юго-востоку от центра сума Сайхан-Овоо.
252,1,Байгалийн үзэсгэлэнт газар,Баянбулаг,Bayanbulag Spring,Дундговь,Dundgovi,Говь-Угтаал,Govi-Ugtaal,45.74105,107.36762,Говь-Угтаал сумын төвөөс баруун өмнө зүгт 42 км зайтай оршино.,It is located 42 km southwest of the center of Govi-Ugtaal soum.,https://www.dropbox.com/scl/fi/wpytmaj1a8teav6fis9dp/.jpg?rlkey=mwiw55k7pwh1deorh8851lhwq&raw=1,바얀불라그 샘,バヤンブラグの泉,巴彦布拉格泉,Источник Баянбулаг,Error 500 (Server Error)!!1500.That’s an error.There was an error. Please try again later.That’s all we know.,Error 500 (Server Error)!!1500.That’s an error.There was an error. Please try again later.That’s all we know.,它位于Govi-Ugtaal soum中心西南42公里处。,Расположен в 42 км к юго-западу от центра сума Гови-Угтаал.
253,1,Байгалийн үзэсгэлэнт газар,Бага нуур,Baga Lake,Завхан,Zavkhan,Эрдэнэхайрхан,Erdenekhairkhan,48.4217,95.95819,Улаагчийн хар нуураас баруун хойд зүгт 8 км зайтай оршино.,It is located 8 km northwest of Ulaagchig Black Lake.,https://www.dropbox.com/scl/fi/ix8tw03rh0ieyuxssu80v/.jpg?rlkey=yngqb4u4ljit2refulveypdmo&raw=1,바가 호수,バガ湖,巴加湖,Озеро Бага,Ulaagchig Black Lake에서 북서쪽으로 8km 떨어져 있습니다.,ウラーグチグ黒湖の北西 8 km に位置します。,位于乌拉齐黑湖西北8公里处。,Он расположен в 8 км к северо-западу от Черного озера Улаагчиг.
254,1,Байгалийн үзэсгэлэнт газар,Баян нуур (Завхан),Bayan Lake (Zavkhan),Завхан,Zavkhan,Сантмаргац,Santmargats,48.45357,95.1251,"Нуурын өмнөд эрэг нь элсэрхэг тул илүүдэл ус үүгээр шүүгдэж, үүний ачаар цэнгэг устай байдаг ажээ. Баян нуур нь хэдийгээр бага талбайтай боловч Монголын цэнгэг уст нууруудаас эзлэхүүнээрээ 6-д жагсдаг Сантмаргац сумын төвөөс баруун урд зүгт 32 км зайтай оршино","The southern shore of the lake is sandy, which filters excess water, thereby providing it with fresh water. Bayan Lake, although small in area, is the sixth largest freshwater lake in Mongolia, located 32 km southwest of the center of Santmargats soum.",https://www.dropbox.com/scl/fi/k1zu1nu44nbp402dwo1fb/.jpg?rlkey=ebpoxls9coq0im0ewz9divo5f&raw=1,바얀 호수,バヤン湖,巴彦湖,Озеро Баян,호수의 남쪽 해안은 모래로 되어 있어 과도한 물을 걸러내어 신선한 물을 공급합니다. 바얀 호수(Bayan Lake)는 면적은 작지만 몽골에서 6번째로 큰 담수호로 산트마르가츠 솜(Santmargats soum) 중심에서 남서쪽으로 32km 떨어져 있습니다.,湖の南岸は砂地で、過剰な水を濾過して淡水が供給されます。バヤン湖は面積は小さいですが、モンゴルで 6 番目に大きい淡水湖で、サンマルガツ ソムの中心部から南西 32 km に位置しています。,湖南岸是沙质的，可以过滤多余的水，从而提供淡水。巴颜湖面积虽小，但却是蒙古国第六大淡水湖，位于桑特马尔加茨苏姆中心西南32公里处。,"Южный берег озера песчаный, который фильтрует лишнюю воду, тем самым обеспечивая ее пресной водой. Озеро Баян, хотя и небольшое по площади, является шестым по величине пресноводным озером Монголии, расположенным в 32 км к юго-западу от центра сума Сантмаргатс."
255,1,Байгалийн үзэсгэлэнт газар,Бор хярын элс,Sands of Bor Khyara,Завхан,Zavkhan,"Сантмаргац, Завханмандал","Santmargats, Zavkhanmandal",48.39068,94.99093,"Ургамал сумын араар зүүн тийш үргэлжлэн Хүнгийн голыг даган хөвөөлдөг бөгөөд Баруун Монгол, Зүүн Монгол хэмээх хоёр ихэр уулын өмнө талд оршдог. Элсэн манханы нийт урт 180 орчим километр үргэлжлэх бөгөөд Эрдэнэхайрхан сумын хойгуур гарч Яруу сумын нутаг хүртэл тэлнэ. ","It continues eastward behind Urgamal soum, following the Khung River, and lies in front of the twin mountains of West Mongolia and East Mongolia. The total length of the sand dunes is about 180 kilometers, extending from the outskirts of Erdenekhairkhan soum to the territory of Yaruu soum.",https://www.dropbox.com/scl/fi/cerez4dc04e696qmsrjas/.jpg?rlkey=f08lba58hne7lq8z1ypbzh0f6&raw=1,보르키아라의 모래,ボル・キヤラの砂,博尔·凯亚拉的沙子,Пески Бор Хяра,"쿵 강을 따라 우르가말 솜 뒤에서 동쪽으로 계속 이어지며, 서몽골과 동몽골의 쌍둥이 산 앞에 놓여 있습니다. 사구의 총 길이는 약 180km로, 에르데네카이르칸 솜 외곽에서 야루 솜 영토까지 이어집니다.",ウルガマル ソムの背後からクン川に沿って東へ続き、西モンゴルと東モンゴルの双子の山の前にあります。砂丘の全長は約180キロメートルで、エルデネハイルカン・ソム郊外からヤルー・ソムの領土まで広がっています。,它在乌尔加马尔苏姆之后继续向东，沿着洪河而行，位于西蒙古和东蒙古的双山前面。沙丘总长约180公里，从额尔登内海尔汗苏姆郊区一直延伸到亚鲁苏姆境内。,"Он продолжается на восток за сумомом Ургамал, вдоль реки Хунг и лежит перед горами-близнецами Западной Монголии и Восточной Монголии. Общая длина песчаных дюн составляет около 180 километров и простирается от окраины сомона Эрдэнехаирхан до территории сомона Яруу."
256,1,Байгалийн үзэсгэлэнт газар,Бүст нуур,Bust Lake,Завхан,Zavkhan,Тэлмэн,Telmen,49.13976,97.48426,Тэлмэн сумын төвөөс хойд зүгт 60 км зайтай оршино.,It is located 60 km north of the center of Telmen soum.,https://www.dropbox.com/scl/fi/fcr18g97wbkngwxy6j7pv/.jpg?rlkey=m9wwnthre2p1dcidc0uagwclk&raw=1,버스트 레이크,バストレイク,胸围湖,Бюст-Лейк,Telmen soum 중심에서 북쪽으로 60km 떨어져 있습니다.,テルメン・ソムの中心部から北に60kmに位置しています。,它位于泰尔门苏姆中心以北60公里处。,Он расположен в 60 км к северу от центра сума Тельмень.
257,1,Байгалийн үзэсгэлэнт газар,Дархан уул,Darkhan Mountain,Завхан,Zavkhan,Тосонцэнгэл,Tosontsengel,48.75248,98.25738,Далайн түвшнээс дээш 1871 метр өндөрт өргөгдсөн Дархан уулын зүүн хормойд Тосонцэнгэл сумын төв оршино.,"The center of Tosontsengel soum is located on the eastern slopes of Darkhan Mountain, which rises 1,871 meters above sea level.",https://www.dropbox.com/scl/fi/w3g0hraic6a6f8xe9uuj5/.jpg?rlkey=3e27f73gkmub7m1qynapc9hx2&raw=1,다르칸 산,ダルハン山,达尔汗山,Гора Дархан,"Tosontsengel soum의 중심은 해발 1,871m의 Darkhan 산의 동쪽 경사면에 위치하고 있습니다.","トソンツェンゲル スームの中心部は、海抜 1,871 メートルのダルハン山の東斜面に位置しています。","Tosontsengel soum的中心位于达尔汗山的东坡，海拔1,871米。","Центр сомона Тосонценгель расположен на восточных склонах горы Дархан, возвышающейся на 1871 метр над уровнем моря."
258,1,Байгалийн үзэсгэлэнт газар,Даян уул,Dayan Mountain,Завхан,Zavkhan,Алдархаан,Aldarkhaan,47.61931,97.31346,Алдархаан сумын нутэгт Хөх нуурын баруун хажууд байна. ,It is located on the west side of Lake Khokh in Aldarkhaan soum.,https://www.dropbox.com/scl/fi/3g4ad3nue95uheedtmf9s/.jpg?rlkey=n7e91u3m3o3o67jnh8jh0abmc&raw=1,다얀 산,大岩,达彦山,Гора Даян,Aldarkhaan soum의 Khokh 호수 서쪽에 위치하고 있습니다.,アルダークハーン・ソムのコク湖の西側に位置しています。,它位于Aldarkhaan soum 的Khokh 湖西侧。,Он расположен на западном берегу озера Хох в сумоне Алдархан.
259,1,Байгалийн үзэсгэлэнт газар,Богдын голын хүрхрээ,Bogd River Waterfall,Завхан,Zavkhan,Алдархаан,Aldarkhaan,47.68649,97.20851,Улиастай хотоос зүүн урд зүгт 35 км зайтай орших Богдын голын үзэсгэлэнт хүрхрээ.,"A beautiful waterfall on the Bogd River, located 35 km southeast of the city of Uliastai.",https://www.dropbox.com/scl/fi/0osegblqn0jcjrrcxcohj/.jpg?rlkey=b0xfnc6rma2ce63zqamdcbwhr&raw=1,보그드 강 폭포,ボグド川の滝,博格德河瀑布,Водопад на реке Богд,울리아스타이(Uliastai) 시에서 남동쪽으로 35km 떨어진 복드강(Bogd River)에 있는 아름다운 폭포입니다.,ウリアスタイ市の南東 35 km に位置するボグド川にある美しい滝。,博格德河上美丽的瀑布，位于乌利亚斯塔伊市东南 35 公里处。,"Красивый водопад на реке Богд, расположенный в 35 км к юго-востоку от города Улиастай."
260,2,Түүхийн дурсгалт газар,Богдын усан цахилгаан станц,Bogd Hydropower plant,Завхан,Zavkhan,Алдархаан,Aldarkhaan,47.68648,97.20733,Улиастай хотоос зүүн урд зүгт 35 км зайтай Богдын гол дээр байна.,"It is located on the Bogd River, 35 km southeast of the city of Uliastai.",https://www.dropbox.com/scl/fi/ec9uekp1jkbnmchbdtvtl/.jpg?rlkey=ktlie5w8em1gwktfyxle6w8el&raw=1,보그드 수력 발전소,ボグド水力発電所,博格德水电站,Гидроэлектростанция Богд,울리아스타이(Uliastai) 시에서 남동쪽으로 35km 떨어진 보그드 강(Bogd River)에 위치해 있습니다.,Error 500 (Server Error)!!1500.That’s an error.There was an error. Please try again later.That’s all we know.,它位于博格德河畔，距乌里雅斯塔市东南35公里。,"Он расположен на реке Богд, в 35 км к юго-востоку от города Улиастай."
261,1,Байгалийн үзэсгэлэнт газар,Загастайн даваа,Zagastain Pass,Завхан,Zavkhan,Алдархаан,Aldarkhaan,48.071,97.167,"Энэ даваа нь далайн түвшнээс дээш 2500 метрийн өндөрт байх бөгөөд хамгийн хүнд хүнд, бэрхшээлтэй нөхцөлд тооцогддог.","This pass is at an altitude of 2,500 meters above sea level and is considered one of the most difficult and challenging.",https://www.dropbox.com/scl/fi/4ty0yf691twxljk6y64wu/.jpg?rlkey=ic73hh6wvdj3t84lorpbcuvg6&raw=1,자가스테인 고개,ザガステイン峠,扎加斯坦山口,Перевал Загастайн,"이 고개는 해발 2,500m 고도에 있으며 가장 어렵고 도전적인 고개 중 하나로 간주됩니다.","この峠は標高 2,500 メートルにあり、最も困難で挑戦的な峠の 1 つと考えられています。",这条山口海拔2500米，被认为是最困难和最具挑战性的山口之一。,Этот перевал находится на высоте 2500 метров над уровнем моря и считается одним из самых сложных и сложных.
262,3,Шашны дурсгалт газар,Яруугийн хүрээний туурь,"Ruins of the ""Yaruugi"" monastery",Завхан,Zavkhan,Алдархаан,Aldarkhaan,47.70123,96.62075,Улиастай хотоос баруун зүгт 17 км зайтай оршино.,It is located 17 km west of the city of Uliastai.,"https://www.dropbox.com/scl/fi/k9d2e350yr1wzfp9ilflw/.jpg?rlkey=1g0ab61obyh9j4dckzd5uzggi&raw=1,https://www.dropbox.com/scl/fi/shnv072fynfcp4c2hkxls/.jpg?rlkey=5isoebdiib1nvsepwzwdnumxw&raw=1","""야루기"" 수도원 유적",やるぎ寺の遺跡,亚鲁金寺遗址,Руины монастыря «Ярууги»,Uliastai시에서 서쪽으로 17km 떨어져 있습니다.,ウリヤスタイ市の西 17 km に位置します。,它位于乌利亚斯塔伊市以西17公里处。,Он расположен в 17 км к западу от города Улиастай.
263,1,Байгалийн үзэсгэлэнт газар,Их хайрхан уулын агуй,Ikh Khairkhan Mountain Cave,Завхан,Zavkhan,Завханмандал,Zavkhanmandal,47.95112,94.98887,Завханмандал сумын төвөөс баруун үрд зүгт 55 км зайтай оршино.,It is located 55 km southwest of the center of Zavkhanmandal soum.,,익 카이르칸 산 동굴,イク・ハイルカン山の洞窟,伊赫海尔汗山洞,Горная пещера Их Хайрхан,Zavkhanmandal soum 중심에서 남서쪽으로 55km 떨어져 있습니다.,ザブカンマンダル・ソムの中心部から南西に55kmに位置しています。,它位于Zavkhanmandal soum中心西南55公里处。,Расположен в 55 км к юго-западу от центра сума Завханмандал.
264,1,Байгалийн үзэсгэлэнт газар,Мухартын гол,Mukhartyn River,Завхан,Zavkhan,Эрдэнэхайрхан,Erdenekhairkhan,48.20992,95.94611,Эрдэнэхайрхан сумын төвөөс зүүн  хойд зүгт 30 км зайтай оршино.,It is located 30 km northeast of the center of Erdenekhairkhan soum.,https://www.dropbox.com/scl/fi/2we6099yw7x7g2pk6a0fv/.jpg?rlkey=7qu5pssw7nwrsqz6d2wliyan6&raw=1,무크하틴 강,ムカルティン川,穆哈廷河,Река Мухартын,Erdenekhairkhan Soum 중심에서 북동쪽으로 30km 떨어져 있습니다.,エルデネハイルカン・ソムの中心部から北東に 30 km に位置します。,它位于额尔登内海尔汗苏姆市中心东北30公里处。,Он расположен в 30 км к северо-востоку от центра Сума Эрдэнехайрхан.
265,1,Байгалийн үзэсгэлэнт газар,Нарийн гол,Nariin River,Завхан,Zavkhan,Эрдэнэхайрхан,Erdenekhairkhan,48.23501,95.68979,Элсэн дороос эх аван урсдаг Хүнгүй голын эх юм.,"It is the source of the Hunguy River, which rises from under the sand.",https://www.dropbox.com/scl/fi/4ym67urgs2o2tx2q42o2d/.jpg?rlkey=jl4pjkmwa40voj52dinl03ooo&raw=1,나린강,ナリイン川,纳林河,Река Нариин,모래 밑에서 솟아오르는 헝기강(Hunguy River)의 발원지이다.,砂の下から流れ出るハンギー川の源流です。,它是洪吉河的源头，洪吉河从沙子下面涌出。,"Это исток реки Хунгуй, которая поднимается из-под песка."
266,1,Байгалийн үзэсгэлэнт газар,Хүнгүй гол,Khungui River,Завхан,Zavkhan,Ургамал,Urgamal,48.45492,94.49216,"Завхан аймгийн Эрдэнэхайрхан, Завханмандал, Ургамал, Увс аймгийн Завхан сумдын нутгаар урсан Айраг нуурт цутгана. ","It flows through Erdenekhairkhan, Zavkhanmandal, and Urgamal soums of Zavkhan aimag and empties into Lake Airag.",https://www.dropbox.com/scl/fi/7aenpvs3i5bzbsr5at337/.jpg?rlkey=eg6v17fxl25lugw4xsuvq4ovg&raw=1,쿵구이 강,クングイ川,昆圭河,Khungui River,"이 물은 Zavkhan aimag의 Erdenekhairkhan, Zavkhanmandal 및 Urgamal soum을 통과하여 Airag 호수로 흘러 들어갑니다.",この川はザブハン アイマグのエルデネハイルハン、ザブカンマンダル、ウルガマル ソムを流れ、アイラグ湖に注ぎます。,它流经扎夫汗省的额尔登内海尔汗河、扎夫汗曼达尔河和乌尔加马尔苏姆河，注入艾拉格湖。,"Протекает через сомоны Эрдэнехаирхан, Завханмандал и Ургамал Завханского аймака и впадает в озеро Айраг."
267,1,Байгалийн үзэсгэлэнт газар,Завхан гол,Zavkhan River,Завхан,Zavkhan,Отгон,"Otgon, Shiluustei, Aldarkhaan, Durvuljin",47.67928,94.87182,Хангайн нуруунаас эх аван 800 гаруй км урсан Айраг нуурт цутгана.,It originates in the Khangai Mountains and flows for more than 800 km into Lake Airag.,https://www.dropbox.com/scl/fi/k4zptctf3u1k1yjgkbjhq/.jpg?rlkey=yru1ora7kv8wuehgxu5i8ias0&raw=1,자브칸 강,ザブハン川,扎布汗河,Река Завхан,항가이 산맥에서 발원해 아이락 호수까지 800km 이상 흘러갑니다.,ハンガイ山脈に源を発し、800km以上にわたってアイラグ湖に流れ込みます。,它发源于杭爱山脉，流经800多公里注入艾拉格湖。,Берёт начало в Хангайских горах и на протяжении более 800 км впадает в озеро Айраг.
268,1,Байгалийн үзэсгэлэнт газар,Ногоон нуур Завхан,Nogoon Lake Zavkhan,Завхан,Zavkhan,Түдэвтэй,Tudevtei,49.11567,96.54695,Түдэвтэй сумын төвөөс хойд зүгт 15 км зайтай оршино.,It is located 15 km north of the center of Tudevtei soum.,https://www.dropbox.com/scl/fi/xpbo9wn3is4mk4l35sesm/.jpg?rlkey=hf9rxv28zzjhcldqedrhyzk0l&raw=1,노군 호수,ノグーン湖,诺贡湖,Озеро Ногун,Tudevtei soum 중심에서 북쪽으로 15km 떨어져 있습니다.,トゥデフテイ・ソウムの中心部から北に15kmに位置しています。,它位于Tudevtei soum中心以北15公里处。,Он расположен в 15 км к северу от центра сума Тудевтей.
269,1,Байгалийн үзэсгэлэнт газар,Ойгон нуур,Oigon Lake,Завхан,Zavkhan,Түдэвтэй,Tudevtei,49.16171,96.55832,"Далайн түвшнээс дээш 1664 метрийн өндөрт, Түдэвтэй сумын төвөөс хойд зүгт 18 км зайтай оршино.","It is located at an altitude of 1664 meters above sea level, 18 km north of the center of Tudevtei soum.",https://www.dropbox.com/scl/fi/1hy4qgoqo2kudolq35ar4/.jpg?rlkey=68ew5ecvqicgqht0r2vjyhmet&raw=1,오이곤 호수,オイゴン湖,奥伊贡湖,Озеро Ойгон,그것은 Tudevtei soum 중심에서 북쪽으로 18km 떨어진 해발 1664m의 고도에 위치하고 있습니다.,トゥデフテイ・ソウムの中心部から北に18km、海抜1664メートルの高地に位置しています。,它位于海拔1664米，位于图德夫泰苏姆中心以北18公里处。,"Он расположен на высоте 1664 метра над уровнем моря, в 18 км к северу от центра сума Тудевтей."
270,1,Байгалийн үзэсгэлэнт газар,Отгонтэнгэр хайрхан (3905м),Otgontenger Mountain (3905m),Завхан,Zavkhan,"Алдархаан, Отгон","Aldarkhaan, Otgon",47.607,97.551,"Төрийн тахилгат, далайн түвшнээс дээш 3905 метр өргөгдсөн Отгонтэнгэр хайрхан завхан аймгийн Отгон, Алдархаан сумдын нутгийг дамнан оршино. ","Otgontenger, a state monument and located at an altitude of 3,905 meters above sea level, is located across the territories of Otgon and Aldarkhaan soums of Khairkhan Zavkhan aimag.","https://www.dropbox.com/scl/fi/mchob9a9y4e0w80rnsa0b/.jpg?rlkey=42spp0xpoqi32bruag2h0c0xj&raw=1,https://www.dropbox.com/scl/fi/8vpz571v8ffbg9w6m3q6z/1.jpg?rlkey=l8n21txz0bpn89siwssh6wphq&raw=1",옷곤텡게르 산,オットゴンテンゲル山,奥特贡腾格山,Гора Отгонтенгер,"국가 기념물이자 해발 3,905m 높이에 위치한 Otgontenger는 Khairkhan Zavkhan aimag의 Otgon 및 Aldarkhaan soums 영토 건너편에 위치해 있습니다.","国定記念物であるオトゴンテンゲルは、海抜 3,905 メートルの高地にあり、ハイルハン ザブカーン アイマグのオトゴン ソムとアルダルハーン ソムの領土をまたいで位置しています。","奥特贡腾格尔 (Otgontenger) 是一座国家纪念碑，海拔 3,905 米，横跨凯尔汗扎夫汗省的奥特贡苏姆斯和阿尔达尔汗苏姆斯领土。","Государственный памятник Отгонтенгер, расположенный на высоте 3905 метров над уровнем моря, расположен на территории сумов Отгон и Алдархан аймака Хайрхан Завхан."
271,1,Байгалийн үзэсгэлэнт газар,Сэнжит хад,Senjit Rock,Завхан,Zavkhan,Эрдэнэхайрхан,Erdenekhairkhan,48.21876,96.14979,"Улаагчин хар нуураас өмнө зүгт 25.5 км, Эрдэнэхайрхан сумын төвөөс зүүн хойд зүгт 60 км зайтай оршино. ",It is located 25.5 km south of Ulaagchin Black Lake and 60 km northeast of the center of Erdenekhairkhan soum.,https://www.dropbox.com/scl/fi/qi267rhzeae97wostp1o6/.JPG?rlkey=jmm178fnz08anf7f15vmyhe8v&raw=1,센짓 록,センジット ロック,森吉特摇滚,Сенджит Рок,"Ulaagchin Black Lake에서 남쪽으로 25.5km, Erdenekhairkhan soum 중심에서 북동쪽으로 60km 떨어져 있습니다.",ウラーグチン黒湖の南 25.5 km、エルデネハイルカン ソムの中心部の北東 60 km に位置しています。,它位于乌拉金黑湖以南25.5公里处，额尔登内海尔汗苏姆中心东北60公里处。,"Он расположен в 25,5 км к югу от Черного озера Улаагчин и в 60 км к северо-востоку от центра сомона Эрдэнехайрхан."
272,1,Байгалийн үзэсгэлэнт газар,Тахилт нуур,Takhilt Lake,Завхан,Zavkhan,Нөмрөг,Numrug,48.80841,96.81075,Нөмрөг сумын төвөөс баруун өмнө зүгт 12 км зайтай оршино.,It is located 12 km southwest of the center of Nomrug soum.,https://www.dropbox.com/scl/fi/u4r76ze89e47h94xcec0m/.jpg?rlkey=df0hqasf2ohyyq83wboyw1v6p&raw=1,타힐트 호수,タキルト湖,塔克希尔特湖,Озеро Тахилт,Nomrug soum 중심에서 남서쪽으로 12km 떨어져 있습니다.,ノムルグ・ソムの中心部から南西に12kmに位置しています。,它位于Nomrug soum中心西南12公里处。,Расположен в 12 км к юго-западу от центра сума Номруг.
273,1,Байгалийн үзэсгэлэнт газар,Тэлмэн нуур,Telmen Lake,Завхан,Zavkhan,"Нөмрөг, Тэлмэн","Numrug, Telmen",48.83135,97.29711,"Завхан аймгийн Нөмрөг, Тэлмэн сумдын заагт оршдог давстай нуур. Нууранд гурван арал байх ба нүүдлийн шувууд цуглардаг байна.",A salt lake located on the border of Nomrug and Telmen soums in Zavkhan aimag. There are three islands in the lake and migratory birds gather there.,https://www.dropbox.com/scl/fi/w29deml1kkt64fkuiw29v/.jpg?rlkey=qs0g4cyynavzm3q99yh2io3kf&raw=1,텔멘 호수,テルメン湖,泰尔门湖,Озеро Тельмень,Zavkhan aimag의 Nomrug 및 Telmen soums 경계에 위치한 소금 호수입니다. 호수에는 세 개의 섬이 있는데 거기에 철새들이 모여든다.,ザブハン・アイマグのノムルグ・スムスとテルメン・スムスの境界に位置する塩湖。湖には3つの島があり、渡り鳥が集まります。,位于扎夫汗省诺姆鲁格和泰尔门苏姆斯边界的盐湖。湖中有三座岛屿，候鸟聚集于此。,"Соленое озеро, расположенное на границе сумов Номруг и Тельмен в Завханском аймаке. На озере есть три острова и там собираются перелетные птицы."
274,1,Байгалийн үзэсгэлэнт газар,Тэсийн гол,Tes River,Завхан,Zavkhan,Баянтэс,"Bayantes, Tes",49.737,96.42438,Хөвсгөл аймгийн нутаг Булнайн нуруунаас эх аван 550 км урссаар Увс нуурт цутгадаг манай орны томоохон голуудын нэг юм.,"It is one of the largest rivers in our country, originating in the Bulnai Mountains in Khuvsgul aimag and flowing for 550 km into Uvs Lake.",https://www.dropbox.com/scl/fi/gh3wbhmougcqm0v4yotwt/.jpg?rlkey=8z91wmkgjt8g16yywhmyufpuo&raw=1,테스 강,テス川,特斯河,Река Тес,Khuvsgul aimag의 Bulnai 산맥에서 발원하여 Uvs 호수까지 550km 흐르는 우리나라에서 가장 큰 강 중 하나입니다.,この川は我が国最大の川の一つで、フブスグル・アイマグのブルナイ山脈に源を発し、全長550キロメートルにわたってウブス湖に流れ込みます。,它是我国最大的河流之一，发源于库苏古尔省布尔奈山脉，全长550公里注入乌布苏湖。,"Это одна из крупнейших рек нашей страны, берущая начало в горах Булнай Хубсугулского аймака и впадающая на протяжении 550 км в озеро Увс."
275,1,Байгалийн үзэсгэлэнт газар,Улаагчны хар нуур,Ulaagchny Khar Lake,Завхан,Zavkhan,Эрдэнэхайрхан,Erdenekhairkhan,48.356,96.064,"Эрдэнэхайрхан сумын төвөөс зүүн  хойд зүгт 80 км зайтай оршино. Далайн түвшнээс дээш 1980 метр, 24 км урт, 5-10 км өргөнтэй байна.","It is located 80 km northeast of the center of Erdenekhairkhan soum. It is 1980 meters above sea level, 24 km long, and 5-10 km wide.",https://www.dropbox.com/scl/fi/bgij251gfjrbulxy67h3z/.jpg?rlkey=qkjpzvqdp8iy0nck8hpwryz5e&raw=1,울라그치니 카르 호수,ウラークチヌイ・カール湖,乌拉赫尼卡尔湖,Озеро Улаагчны Хар,Error 500 (Server Error)!!1500.That’s an error.There was an error. Please try again later.That’s all we know.,エルデネハイルカン・ソムの中心部から北東80kmに位置しています。標高は 1980 メートル、長さは 24 km、幅は 5 ～ 10 km です。,它位于额尔登内海尔汗苏姆中心东北80公里处。海拔1980米，长24公里，宽5-10公里。,"Расположен в 80 км к северо-востоку от центра сума Эрдэнехаирхан. Его высота 1980 метров над уровнем моря, длина 24 км, ширина 5-10 км."
276,1,Байгалийн үзэсгэлэнт газар,Хаг нуур,Khag Lake,Завхан,Zavkhan,Яруу,Yaruu,48.06832,96.61838,Яруу сумын төвөөс баруун өмнө зүгт 10 км зайтай оршино.,It is located 10 km southwest of the center of Yaruu soum.,https://www.dropbox.com/scl/fi/hcz2a7u97l56getcnbfys/.jpg?rlkey=yh7gn6mo51zp7aelbefm6mnvh&raw=1,카그 호수,カグ湖,卡格湖,Озеро Хаг,야루솜(Yaruu soum) 중심에서 남서쪽으로 10km 떨어진 곳에 위치해 있다.,ヤルー・ソムの中心部から南西10kmに位置する。,它位于亚鲁苏姆中心西南10公里处。,Расположен в 10 км к юго-западу от центра сума Яруу.
277,1,Байгалийн үзэсгэлэнт газар,Их маргаз уул (2095м),Ikh Margaz Mountain (2095m),Завхан,Zavkhan,Сантмаргац,Santmajgats,48.64108,94.90661,Сантмаргац сумын төвөөс баруун зүгт 38 км зайтай оршино.,It is located 38 km west of the center of Santmargats soum.,https://www.dropbox.com/scl/fi/c5myzfvfipguoycdhr1a0/.jpg?rlkey=tgtsbibxg2inv2gm83mpkldsu&raw=1,이크 마르가즈 산,イフ・マルガズ山,伊赫马尔加兹山,Гора Икх Маргаз,Santmargats soum 중심에서 서쪽으로 38km 떨어져 있습니다.,サンマルガツ・ソムの中心部から西​​に38kmに位置しています。,它位于桑特马加茨苏姆中心以西38公里处。,Он расположен в 38 км к западу от центра сума Сантмаргатс.
278,1,Байгалийн үзэсгэлэнт газар,Бага маргаз уул (1750м),Baga Margaz Mountain (1750m),Завхан,Zavkhan,Сантмаргац,Santmajgats,48.57574,94.77167,Сантмаргац сумын төвөөс баруун зүгт 50 км зайтай оршино.,It is located 50 km west of the center of Santmargats soum.,https://www.dropbox.com/scl/fi/08k64ah47zv2yupqp9ud6/.jpg?rlkey=qxhad0qv6kmrqs1o0lpomh6sn&raw=1,바가 마르가즈 산,バガ・マルガズ山,巴加马尔加兹山,Гора Бага Маргаз,Santmargats soum 중심에서 서쪽으로 50km 떨어져 있습니다.,サンマルガツ・スムの中心部から西​​に50kmに位置しています。,它位于桑特马加茨苏姆中心以西 50 公里处。,Он расположен в 50 км к западу от центра сума Сантмаргатс.
279,1,Байгалийн үзэсгэлэнт газар,Холбоо нуур,Kholboo Lake,Завхан,Zavkhan,Сантмаргац,Santmargats,48.58144,95.41892,Сантмаргац сумын төв Холбоо нуурын зүүн эрэгт оршино.,The center of Santmargats soum is located on the east bank of Lake Soyun.,https://www.dropbox.com/scl/fi/hv1brk4e443h8e5odbspv/.jpg?rlkey=mfg8d6tthf0xb2iydw1o26mai&raw=1,콜부 호수,コルブー湖,科尔布湖,Озеро Холбу,Santmargats soum의 중심은 Soyun 호수의 동쪽 기슭에 위치하고 있습니다.,サンマルガツ ソムの中心部はソユン湖の東岸にあります。,Santmargats soum 的中心位于索云湖东岸。,Error 500 (Server Error)!!1500.That’s an error.There was an error. Please try again later.That’s all we know.
280,1,Байгалийн үзэсгэлэнт газар,Хөх нуур,Khukh Lake,Завхан,Zavkhan,Алдархаан,Aldarkhaan,47.60194,97.34937889,Аймгийн төвөөс зүүн урагш 46 км зайтай оршино.,It is located 46 km southeast of the provincial center.,https://www.dropbox.com/scl/fi/oh9wbfdxcuk7w771b560c/.jpg?rlkey=d7fx4iqptw549j0nxhehsqbun&raw=1,쿠크 호수,クク湖,库克湖,Озеро Хух,지방 중심지에서 남동쪽으로 46km 떨어진 곳에 위치해 있다.,州の中心部から南東に 46 km に位置します。,位于省中心东南46公里处。,Он расположен в 46 км к юго-востоку от областного центра.
281,1,Байгалийн үзэсгэлэнт газар,Цэцэрлэгийн рашаан,Tsetserleg Mineral Water,Завхан,Zavkhan,Цагаанхайрхан,Tsagaankhairkhan,47.46124,97.33434,Цагаанхайрхан сумын төвөөс зүүн  зүгт 44 км зайтай оршино.,It is located 44 km east of the center of Tsagaankhairkhan soum.,,체체를렉 미네랄 워터,ツェツェルレグ ミネラルウォーター,采采勒格矿泉水,Минеральная вода «Цецерлег»,Error 500 (Server Error)!!1500.That’s an error.There was an error. Please try again later.That’s all we know.,ツァガーンハイルハン・ソムから東に44kmに位置します。,它位于Tsagaankhairkhan Soum以东44公里处。,Он расположен в 44 км к востоку от сума Цагаанхайрхан.
282,1,Байгалийн үзэсгэлэнт газар,Шорвог нуур,Shorvog Lake,Завхан,Zavkhan,Түдэвтэй,Tudevtei,49.10414,96.49586,Түдэвтэй сумын төвөөс хойд зүгт 16 км зайтай оршино.,It is located 16 km north of the center of Tudevtei soum.,https://www.dropbox.com/scl/fi/v6bw609unonaoha32kz4g/.jpg?rlkey=knqif3qbi8m97jf8ezyq5kozc&raw=1,쇼보그 호수,ショーヴォーグ湖,绍尔沃格湖,Озеро Шорвог,Tudevtei soum 중심에서 북쪽으로 16km 떨어져 있습니다.,トゥデフテイ・ソウムの中心部から北に16kmに位置しています。,它位于Tudevtei soum中心以北16公里处。,Он расположен в 16 км к северу от центра сума Тудевтей.
283,1,Байгалийн үзэсгэлэнт газар,Ялайт нуур,Yalait Lake,Завхан,Zavkhan,Нөмрөг,Numrug,48.85745,96.94641,Нөмрөг сумын төвөөс баруун өмнө зүгт 1.2 км зайтай оршино.,It is located 1.2 km southwest of the center of Nomrug soum.,https://www.dropbox.com/scl/fi/h11rdryi7wrr8yqi95731/.jpg?rlkey=h7mmqrvcmabgifqhvisza5xb3&raw=1,얄라이트 호수,ヤライト湖,亚莱特湖,Озеро Ялайт,Nomrug soum 중심에서 남서쪽으로 1.2km 떨어져 있습니다.,ノムルグ・ソムの中心部から南西に1.2kmに位置しています。,它位于Nomrug soum中心西南1.2公里处。,"Расположен в 1,2 км к юго-западу от центра сума Номруг."
284,2,Түүхийн дурсгалт газар,Айраг нуурын хиргэсүүр,Airag Nuuryn Khirgesuur,Завхан ,Zavkhan,Сонгино,Songino,48.986639,96.095,Айраг нуурын цогцолбор дурсгал нь манай улсын нутагт бүртгэгдсэн хамгийн том дугуй хүрээтэй хиргисүүр юм. Сонгино сумын төвөөс 16.4 км зайтай оршино.,The Airag Lake complex monument is the largest circular-framed khirgisur monument recorded in our country. It is located 16.4 km from the center of Songino soum.,https://www.dropbox.com/scl/fi/pm4ev6dztj5f7wspziop7/.jpg?rlkey=x4thjto5yqb7jxiprc1dafo85&raw=1,아이락 누린 키르게수르,アイラグ・ヌーリン・キルゲスール,艾拉格·努伦·基格苏尔,Айраг Нуурын Хиргесуур,Error 500 (Server Error)!!1500.That’s an error.There was an error. Please try again later.That’s all we know.,アイラグ湖複合記念碑は、我が国で記録されている最大の円形フレームのキルギスル記念碑です。ソンジーノ・ソムの中心部から16.4kmです。,艾拉格湖综合体纪念碑是我国有记录的最大的圆形框架吉尔吉苏尔纪念碑。距离松吉诺苏姆市中心有16.4公里。,"Комплексный монумент на озере Айраг является крупнейшим памятником Хиргисуру круглой формы, зарегистрированным в нашей стране. Он расположен в 16,4 км от центра сума Сонгино."
285,2,Түүхийн дурсгалт газар,Айргийн хүүхний гозгор,Airgiin Khuukhnii Gozgor,Орхон,Orkhon,Жаргалант,Jargalant,49.013,104.536,Жаргалант сумын төвөөс зүүн тийш 7км зайд орших Айргийн гозгор гэдэг нүцгэн уулын өвөрт орших Хүннүгийн хожуу үеийн бүлэг дурсгал нь том жижиг нийлсэн 90 гаруй бүлэг дурсгал юм.,"Located 7 km east of the center of Jargalant soum, on the slopes of a bare mountain called Airgiin Gozgor, the Late Hunnic Period group of monuments consists of more than 90 large and small monuments.",https://www.dropbox.com/scl/fi/ckav32qdyhcs2oqlj1iy5/.jpg?rlkey=kih0pyvfzs256z6jm04n7h86s&raw=1,에어긴 쿠크니 고즈고르,エアギイン・クークニ・ゴズゴル,艾尔吉因·库赫尼·戈兹戈尔,Аиргийн Хуухний Гозгор,자르갈란트 솜(Jargalant soum) 중심에서 동쪽으로 7km 떨어진 에어긴 고즈고르(Airgiin Gozgor)라는 맨산 기슭에 위치한 후기 훈족 기념물군은 90개 이상의 크고 작은 기념물로 구성되어 있습니다.,ジャルガラント スームの中心部から東 7 km、エアギイン ゴズゴルと呼ばれる裸山の斜面に位置する後期フンニ時代の記念碑群は、90 を超える大小の記念碑で構成されています。,匈奴晚期遗址群位于贾尔加兰特苏姆中心以东7公里处，位于一座名为Airgiin Gozgor的光秃秃的山坡上，由90多座大大小小的纪念碑组成。,"Расположенная в 7 км к востоку от центра сомона Джаргалант, на склонах голой горы Аиргийн Гозгор, группа памятников позднехуннского периода состоит из более чем 90 больших и малых памятников."
286,3,Түүхийн дурсгалт газар,Морины их шүтээн,The great idol of horses,Өвархангай ,Ovorkhangai,Тарагт,Taragt,46.16524,102.65879,Арвайхээр хотоос баруун өмнө зүгт 16.5 км зайтай оршино.,It is located 16.5  km eastwest of the center of Arvaikheer city.,https://www.dropbox.com/scl/fi/afcmm3irhrg9zrogjuwzx/.jpg?rlkey=lbpmgn33pphqqt57h2g4u3nd7&raw=1,말의 위대한 우상,馬の偉大な偶像,马的伟大偶像,Великий кумир лошадей,아르바이헤르(Arvaikheer) 시내 중심에서 동서쪽으로 16.5km 떨어진 곳에 위치해 있습니다.,Error 500 (Server Error)!!1500.That’s an error.There was an error. Please try again later.That’s all we know.,它位于Arvaikheer市中心以东16.5公里处。,"Он расположен в 16,5 км к востоку-западу от центра города Арвайхеер."
287,1,Байгалийн үзэсгэлэнт газар,Арц богдын нуруу,Arts Bogd Mountain,Өвөрхангай,Ovorkhangai,Богд,Bogd,44.55001,102.10914,"Арц богд уул нь Бага Богд уулын зүүн хоолойгоор зааглагдаж, баруун үзүүр нь Бага Богд уултай 20 гаруй километр газраар зөрсөн байдаг. Уулсын ар тал нь эгц, нилээд хадархаг говийн шинжтэй. Ноён оргил нь далайн төвшнөөс дээш 2477 метр өндөр Их баян уул.","The Arts Bogd Mountain is bordered by the eastern gorge of Baga Bogd Mountain, and its western tip is separated from Baga Bogd Mountain by more than 20 kilometers. The backside of the mountains is steep and rocky, with a typical Gobi style. The highest peak is Ikh Bayan Mountain, 2,477 meters above sea level.",https://www.dropbox.com/scl/fi/8n0embpk8yd8bjx4e92ld/.jpg?rlkey=uljr7guu3obclk7j6urgix9w3&raw=1,아트 보그드 마운틴,アーツ ボグド マウンテン,艺术博格德山,Гора Арц Богд,"Arts Bogd Mountain은 Baga Bogd Mountain의 동쪽 협곡과 접해 있으며 서쪽 끝은 Baga Bogd Mountain에서 20km 이상 분리되어 있습니다. 산의 뒷면은 가파르고 바위가 많아 전형적인 고비 스타일입니다. 최고봉은 익바얀산(Ikh Bayan Mountain)으로 해발 2,477m이다.","アーツ ボグド山はバガ ボグド山の東の峡谷に隣接しており、その西端はバガ ボグド山から 20 キロメートル以上離れています。山の裏側は急峻で岩が多く、典型的なゴビ様式です。最高峰は標高2,477メートルのイクバヤン山です。","艺术博格德山与巴嘎博格德山东部峡谷接壤，西端与巴嘎博格德山相距20多公里。山背陡峭，岩石嶙峋，具有典型的戈壁风情。最高峰为伊克巴彦山，海拔2,477米。","Гора Артц Богд граничит с восточным ущельем горы Бага Богд, а ее западная оконечность отделена от горы Бага Богд более чем на 20 километров. Задняя часть гор крутая и скалистая, в типичном гобийском стиле. Самая высокая вершина – гора Их Баян, высота 2477 метров над уровнем моря."
288,1,Байгалийн үзэсгэлэнт газар,Мянган ямаат уул (3263м),Myangan Yamaat Mountain (3263m),Өвөрхангай,Ovorkhangai,Баруунбаян-Улаан,Baruunbayan-Ulaan,44.92109,101.52892,Баруунбаян-Улаан сумын төвөөс зүүн өмнө зүгт 40 гаруй км зайтай оршино. ,It is located 40 kilometers southeast of the center of Baruunbayan-Ulaan soum.,https://www.dropbox.com/scl/fi/wpxwmrbino6d2u5yv0njz/.jpg?rlkey=tffyea3msswowpz4zsane8cvc&raw=1,천양산,サウザンド・ゴーツ・マウンテン,千羊山,Гора Тысячи Коз,Baruunbayan-Ulan soum 중심에서 남동쪽으로 40km 떨어져 있습니다.,バルウンバヤン・ウラン・スームの中心部から南東40キロメートルに位置する。,位于巴伦巴彦-乌兰苏姆市中心东南40公里处。,Он расположен в 40 километрах к юго-востоку от центра сума Баруунбаян-Улан.
289,1,Байгалийн үзэсгэлэнт газар,Богдын тэргүүн уул (3590м),Bogdyn Terguun Mountain (3590),Өвөрхангай,Ovorkhangai,Баруунбаян-Улаан,Baruunbayan-Ulaan,44.89674,101.57662,Бага богдын нурууны ноён оргил далайн түвшнээс дээш 3590 өндөрт өргөгдсөн уулюм. Баруунбаян-Улаан сумын төвөөс зүүн өмнө зүгт 40 гаруй км зайтай оршино. ,"The highest peak of the Baga Bogd mountain range is 3,590 meters above sea level. It is located more than 40 kilometers southeast of the center of Baruunbayan-Ulaan soum.",https://www.dropbox.com/scl/fi/gomxcrvrtyugwx95l0693/.jpeg?rlkey=lfuxgsny2iginpl7copptsw48&raw=1,보그딘 테르군 산,ボグディン・テルグーン山,博格丁·特尔根山,Гора Богдин Тергуун,"Baga Bogd 산맥의 최고봉은 해발 3,590m입니다. Baruunbayan-Ulaan soum 중심에서 남동쪽으로 40km 이상 떨어져 있습니다.",Error 500 (Server Error)!!1500.That’s an error.There was an error. Please try again later.That’s all we know.,巴加博格德山脉的最高峰海拔3590米。位于巴伦巴彦-乌兰苏姆市中心东南40多公里处。,Самая высокая вершина горного хребта Бага Богд находится на высоте 3590 метров над уровнем моря. Он расположен более чем в 40 километрах к юго-востоку от центра сума Баруунбаян-Улан.
290,1,Байгалийн үзэсгэлэнт газар,Зүүн богд уул (3419м),Zuun Bogd Mountain (3419m),Өвөрхангай,Ovorkhangai,Баруунбаян-Улаан,Barunubayan-Ulaan,44.85746,101.55007,"Баруунбаян-Улаан сумаас бага зэрэг зүүн урд зүгт, Баянхонгор аймгийн Богд сумаас зүүн урд зүгт, хоёр сумын хилийг дамнан оршдог хөвч уулс бөгөөд түүний ноён оргил нь Мянган Ямаат уул далайн түвшнээс дээш 3600 метр юм.","A mountain range located slightly southeast of Baruunbayan-Ulaan soum and southeast of Bogd soum of Bayankhongor aimag, straddling the border of the two soums, with its highest peak, Miangan Yamaat Mountain, at 3,600 meters above sea level.",https://www.dropbox.com/scl/fi/ta18sdhfhmo42eouejo72/.jpg?rlkey=fdqjv7w2vj0k9hduzdslmytvl&raw=1,주운 보그드 산,ズーン・ボグド山,祖恩博格德山,Гора Зуун Богд,"Baruunbayan-Ulaan soum의 약간 남동쪽과 Bayankhongor aimag의 Bogd soum의 남동쪽에 위치한 산맥으로 두 솜의 경계를 가로지르고 있으며 최고봉인 Miangan Yamaat 산은 해발 3,600m에 있습니다.",Error 500 (Server Error)!!1500.That’s an error.There was an error. Please try again later.That’s all we know.,位于巴伦巴彦-乌兰苏姆稍东南、巴彦洪郭尔省博格德苏姆东南部的山脉，横跨两苏姆边界，最高峰棉干雅马提山海拔3600米。,"Горный массив, расположенный немного к юго-востоку от сума Баруунбаян-Улан и к юго-востоку от сума Богд аймака Баянхонгор, на границе двух сумов, с самой высокой вершиной, горой Мианган Ямаат, на высоте 3600 метров над уровнем моря."
291,2,Түүхийн дурсгалт газар,Буган чулуун хөшөө,Deer Stone,Өвөрхангай,Ovorkhangai,Бат-Өлзий,Bat-Olzii,46.77045,101.88678,"Бат-Өлзий сумын төвөөс баруун зүгт 19 км зайтай, Орхон голын өмнөхөн талд оршино.","It is located 19 km west of the center of Bat-Ulzii soum, just before the Orkhon River.",https://www.dropbox.com/scl/fi/psf5egifovugbjghlt0c7/.jpg?rlkey=kj6f4lvfyor223ur00z5s9a72&raw=1,사슴 돌,鹿石,鄂尔浑小瀑布,Олений камень,Orkhon 강 바로 앞 Bat-Ulzii soum 중심에서 서쪽으로 19km 떨어져 있습니다.,バト・ウルジイ・スームの中心部から西​​に19km、オルホン川の直前に位置しています。,它位于Bat-Ulzii soum中心以西19公里处，紧邻鄂尔浑河。,"Он расположен в 19 км к западу от центра сомона Бат-Улзий, прямо перед рекой Орхон."
292,1,Байгалийн үзэсгэлэнт газар,Орхоны бага хүрхрээ,Orkhon Small Waterfall,Өвөрхангай,Ovorkhangai,Бат-Өлзий,Bat-Olzii,46.79513,101.94328,Орхон голын Улаан цутгалан хүрхрээнээс баруун хойд зүгт 1.8 км зайтай орших багавтар хүрхрээ.,A small waterfall located 1.8 km northwest of the Ulaan Chutkulan Waterfall on the Orkhon River.,https://www.dropbox.com/scl/fi/r47aiwvtneisuskqqj5wr/.JPG?rlkey=nq3oxxdzt6jduupi0jcvriapr&raw=1,오르혼 소폭포,オルホン小滝,鄂尔浑小瀑布,Малый водопад Орхон,울란 추트쿨란 폭포는 울란 추트쿨란 폭포에서 남서쪽으로 1.8km 떨어진 곳에 위치해 있습니다.,ウラン チュトゥクラン滝は、ウラン チュトゥクラン滝の南西 1.8 km に位置します。,乌兰楚特库兰瀑布位于乌兰楚特库兰瀑布西南1.8公里处。,"Водопад Улан Чуткулан расположен в 1,8 км к юго-западу от водопада Улан Чуткулан."
293,1,Байгалийн үзэсгэлэнт газар,Орхоны хөндий,Orkhon Valley,Өвөрхангай,Ovorkhangai,Бат-Өлзий,Bat-Olzii,46.882,102.298,"Орхоны хөндий нь археологийн болон түүх соёлын олдвороор нэн баялаг бөгөөд YIII-IX зууны Уйгарын нийслэл Хар балгас, Монголын эзэнт гүрний нийслэл Хархорум хот, Төвхөн хийд зэрэг түүх соёлын дурсгалт газрууд оршиж байдаг.","The Orkhon Valley is very rich in archaeological and historical and cultural artifacts, and is home to historical and cultural monuments such as the ruins of the 13th-9th century Uyghur capital, Kharkhorum, the capital of the Mongol Empire, and the Tuvkhan Monastery.",https://www.dropbox.com/scl/fi/f00hn17cxkpqenbusgk9a/OrkhonValley.jpg?rlkey=235harstooqof0y1550lvgel8&raw=1,오르콘 밸리,オルホン渓谷,鄂尔浑河谷,Орхонская долина,"오르콘 계곡은 고고학적, 역사적, 문화적 유물이 매우 풍부하며, 13~9세기 위구르 수도 유적, 몽골 제국의 수도인 하르코룸, 투브칸 수도원 유적과 같은 역사적, 문화적 기념물이 있는 곳입니다.",オルホン渓谷は、考古学的、歴史的、文化的な遺物が非常に豊富で、13 ～ 9 世紀のウイグルの首都、モンゴル帝国の首都ハルコルムの遺跡、トゥフハーン僧院などの歴史的、文化的記念碑があります。,鄂尔浑河谷考古和历史文化遗存十分丰富，拥有13-9世纪维吾尔都城、蒙古帝国都城哈和林遗址、吐夫汗寺等历史文化古迹。,"Долина Орхона очень богата археологическими и историко-культурными артефактами и является домом для исторических и культурных памятников, таких как руины уйгурской столицы 13-9 веков Хархорума, столицы Монгольской империи, и Тувханского монастыря."
294,1,Байгалийн үзэсгэлэнт газар,Таацын цагаан нуур,Taatsiin Tsagaan Lake,Өвөрхангай,Ovorkhangai,Баруунбаян-Улаан,Barunubayan-Ulaan,45.15632,101.47114,"Тус нуур нь ойр орчмын Бөөн цагаан, Адгийн цагаан, Орог нууруудын хамтаар ""Нууруудын хөндий"" гэдэг нэрээр Рамсарын ус, намгархаг газраар бүртгэгдсэн байдаг. Нүүдлийн шувууд хуран цугладаг Нууруудын хөндий нь ховордсон реликт цахлайн үржил явагддаг нутаг юм.","The lake, along with the nearby lakes Bön Tsagaan, Adgiin Tsagaan, and Orog, is registered as a Ramsar site and wetland under the name ""Valley of Lakes"". The Valley of Lakes, where migratory birds gather, is a breeding ground for the endangered relict gull.",https://www.dropbox.com/scl/fi/01lb9i66wyza3ik4sqijc/.webp?rlkey=06ve1n6jl57oo82ggv91umipk&raw=1,차아친 차강 호수,ツァーツィン・ツァガーン湖,查特辛查干湖,Озеро Таацин Цагаан,"이 호수는 인근 호수인 Bön Tsagaan, Adgiin Tsagaan, Orog와 함께 ""Valley of Lakes""라는 이름으로 람사르습지 및 습지로 등록되어 있습니다. 철새들이 모이는 호수계곡은 멸종위기종인 유물갈매기의 번식지이다.",この湖は、近くのボン・ツァガーン湖、アジン・ツァガーン湖、オログ湖とともに、「湖の谷」という名前でラムサール条約湿地および湿地として登録されています。渡り鳥が集まる湖の谷は、絶滅危惧種のカモメの繁殖地です。,该湖与附近的 Bön Tsagaan、Adgiin Tsagaan 和 Orog 湖一起被登记为拉姆萨尔湿地和湿地，名称为“湖泊之谷”。候鸟聚集的湖谷是濒临灭绝的遗鸥的繁殖地。,"Озеро вместе с близлежащими озерами Бон-Цагаан, Адгийн-Цагаан и Орог зарегистрировано как объект Рамсарской конвенции и водно-болотное угодье под названием «Долина озер». Долина озер, где собираются перелетные птицы, является рассадником находящейся под угрозой исчезновения реликтовой чайки."
295,1,Байгалийн үзэсгэлэнт газар,Тамчийн хавцал Өвөрхангай,Tamch Canyon,Өвөрхангай,Ovorkhangai,Бат-Өлзий,Bat-Olzii,46.69451,101.48343,Бат-Өлзий сумын төмөөс баруун өмнө зүгт 67 км зайтай оршино. Эртний их хагарал галт уулын хүрмэн чулууг уулын голын ус зүссэнээс үүссэн маш сүрлэг гүн хавцал оршдог.,"Located 67 km southwest of the capital of Bat-Ulzii soum, it is a majestic deep canyon formed by the cutting of volcanic rocks by mountain rivers through an ancient rift.",https://www.dropbox.com/scl/fi/rk4g01pk9se19y16mqj5e/.jpg?rlkey=n2r2ajderkjtkle6isoajwijt&raw=1,탐치 캐년,タムチキャニオン,塔奇峡谷,Тамчский каньон,수도인 바트울지 숨(Bat-Ulzii soum)에서 남서쪽으로 67km 떨어진 곳에 위치한 이곳은 고대 균열을 통해 산의 강이 화산암을 깎아 형성된 장엄하고 깊은 협곡입니다.,首都バト・ウルジィ・スムの南西67kmに位置するこの渓谷は、古代の亀裂を通って山の川が火山岩を削って形成した雄大な深い渓谷です。,位于巴特-乌尔齐苏姆首府西南67公里处，是山间河流穿过古老裂谷切割火山岩而形成的雄伟深谷。,"Расположенный в 67 км к юго-западу от столицы сомона Бат-Улзий, это величественный глубокий каньон, образованный прорезанием вулканических пород горными реками через древний разлом."
296,3,Шашны дурсгалт газар,Төвхөн хийд,Tuvkhen Monastery,Өвөрхангай,Ovorkhangai,Бат-Өлзий,Bat-Olzii,47.01312,102.2557,Бат-Өлзий сумын төвөөс зүүн хойд зүгт 40 гаруй  км зайтай оршино.Өндөр-Овоот буюу Шивээт-Улаан хэмээх аглаг ой модоор хүрээлэгдсэн асга хадтай өндөр уулын оройн байц хадны багавтар дэвсэг дээр оршдог. ,"It is located more than 40 kilometers northeast of the center of Bat-Ulzii soum. It is located on a small rocky ledge at the top of a high mountain with steep cliffs, surrounded by dense forests called Ondur-Ovoot or Shiveet-Ulaan.",https://www.dropbox.com/scl/fi/ht21g5hxs3dm4h5t7nufl/.jpg?rlkey=pvp9txle5b720runmt77whfgx&raw=1,투브켄 수도원,トゥフケン修道院,图夫肯修道院,Тувхенский монастырь,Bat-Ulzii soum 중심에서 북동쪽으로 40km 이상 떨어져 있습니다. 가파른 절벽이 있는 높은 산 꼭대기의 작은 바위 선반에 위치하고 있으며 Ondur-Ovoot 또는 Shiveet-Ulaan이라고 불리는 울창한 숲으로 둘러싸여 있습니다.,バト・ウルジイ・スームの中心部から北東に40キロ以上離れた場所にあります。オンドゥル・オブートまたはシベット・ウランと呼ばれる鬱蒼とした森に囲まれた、切り立った崖のある高い山の頂上の小さな岩棚に位置しています。,它位于Bat-Ulzii soum中心东北40多公里处。它位于一座高山顶部的一个小岩石壁架上，悬崖陡峭，周围环绕着被称为 Ondur-Ovoot 或 Shiveet-Ulaan 的茂密森林。,"Он расположен более чем в 40 километрах к северо-востоку от центра сума Бат-Улзий. Он расположен на небольшом скалистом уступе на вершине высокой горы с отвесными скалами, окруженной густыми лесами, называемыми Ондур-Овоот или Шивит-Улаан."
297,1,Байгалийн үзэсгэлэнт газар,Тэмээн чулуу,Camel Rock,Өвөрхангай,Ovorkhangai,Бат-Өлзий,Bat-Olzii,46.88041,102.34531,Бат-Өлзий сумын төвөөс зүүн хойд зүгт 10 км зайтай оршино.,It is located 10 km northeast of the center of Bat-Ulzii soum.,https://www.dropbox.com/scl/fi/tza7at34w1stbun79z9i6/.jpg?rlkey=wxtv8nr5bnwid75w5769v7b2t&raw=1,카멜 록,キャメルロック,骆驼岩,Верблюжья скала,Bat-Ulzii soum 중심에서 북동쪽으로 10km 떨어져 있습니다.,バト・ウルジィ・スームの中心部から北東10kmに位置する。,它位于Bat-Ulzii soum中心东北10公里处。,Расположен в 10 км к северо-востоку от центра сума Бат-Улзий.
298,1,Байгалийн үзэсгэлэнт газар,Улаан цутгалан хүрхрээ,Ulaan Tsutgalan Waterfall,Өвөрхангай,Ovorkhangai,Бат-Өлзий,Bat-Olzii,46.78721,101.96066,"Бат-Өлзий сумын төвөөс баруун зүгт 24 км зайтай оршино. Улаан гол Орхон голд цутгахад үүссэн 20 метр өндөр, 10 метр өргөнтэй хүрхрээ.","Located 24 km west of the center of Bat-Ulzii soum, it is a 20-meter-high and 10-meter-wide waterfall formed when the Ulaan River flows into the Orkhon River.",https://www.dropbox.com/scl/fi/bzle8horw889zv28tfkyw/.jpg?rlkey=wbw99b8sli8jqhw693xz3pdjx&raw=1,울란 쿳갈란 폭포,ウラン ツットガラン滝,乌兰楚嘎兰瀑布,Водопад Улаан Цутгалан,"바트 울지 숨(Bat-Ulzii soum) 중심에서 서쪽으로 24km 떨어진 곳에 위치한 울란강(Ulaan River)이 오르혼강(Orkhon River)으로 흘러들면서 형성된 높이 20m, 폭 10m의 폭포이다.",バトウルジイ スームの中心部から西​​に 24 km に位置するこの滝は、ウラン川がオルホン川に流れ込む際に形成される高さ 20 メートル、幅 10 メートルの滝です。,位于巴特乌勒孜苏姆中心以西24公里处，是乌兰河流入鄂尔浑河时形成的高20米、宽10米的瀑布。,"Расположенный в 24 км к западу от центра сомона Бат-Улзий, это водопад высотой 20 метров и шириной 10 метров, образовавшийся при впадении реки Улаан в реку Орхон."
299,1,Байгалийн үзэсгэлэнт газар,Үүртийн тохой,Uurtiin Tokhoi,Өвөрхангай,Ovorkhangai,Хужирт,Khujirt,46.89038,102.41015,Хужирт сумын төвөөс баруун зүгт 29 км зайтай оршино.,It is located 29 km west of the center of Khujirt soum.,https://www.dropbox.com/scl/fi/1heaffcnqk32o0w9wlous/.jpg?rlkey=r2htavkn9zwro354tomhpyy3m&raw=1,우르틴 토호이,ウルティン・トコイ,乌尔廷·托科伊,Ууртин Тохой,Khujirt soum 중심에서 서쪽으로 29km 떨어져 있습니다.,クジルト・ソムの中心部から西​​に29kmに位置しています。,它位于库吉特苏姆中心以西29公里处。,Он расположен в 29 км к западу от центра сомона Худжирт.
300,1,Байгалийн үзэсгэлэнт газар,Хаяа нуур,Khaya Lake,Өвөрхангай,Ovorkhangai,Төгрөг,Tugrug,45.39761,102.82652,Төгрөг сумын төвөөс баруун өмнө зүгт 28 км дайтай оршино.,It is located 28 km southwest of the center of Togrug soum.,https://www.dropbox.com/scl/fi/t9b6x2wa0x45b9kwib6gy/.jpg?rlkey=jz3a25eyq5cyei6427y0f1bzo&raw=1,하야 호수,ハヤ湖,哈亚湖,Озеро Хайя,Togrug soum 중심에서 남서쪽으로 28km 떨어져 있습니다.,トグルグ・ソムの中心部から南西28kmに位置しています。,它位于Togrug soum中心西南28公里处。,Расположен в 28 км к юго-западу от центра сума Тогруг.
301,2,Түүхийн дурсгалт газар,Өргөө Анхны Нийслэл Хотын Буйр,Urga the First Capital City,Өвөрхангай,Ovorkhangai,Бүрд,Burd,47.15533,103.90961,Бүрд сумын төвөөс зүүн хойд зүгт 23 км зайтай Их Монгол уулын зүүн талд оршино. ,"It is located on the eastern side of Ikh Mongol Mountain, 23 km northeast of the center of Burd soum.",https://www.dropbox.com/scl/fi/j3tnynv7mn9ms1egcr9zn/.jpg?rlkey=l0arpgl76ev32mwtgxi1xs62s&raw=1,"우르가, 최초의 수도",最初の首都ウルガ,乌尔加，第一首都,Урга — первая столица,부르드솜 중심에서 북동쪽으로 23km 떨어진 익몽골산(Ikh Mongol Mountain) 동쪽에 위치해 있다.,ブルド スームの中心部から北東 23 km、イク モンゴル山の東側に位置します。,它位于伊赫蒙古山东侧，距布尔德苏姆中心东北23公里。,"Он расположен на восточном склоне горы Их-Монгол, в 23 км к северо-востоку от центра сомона Бурд."
302,1,Байгалийн үзэсгэлэнт газар,Батхаан уул,Batkhaan Moutain,Өвөрхангай,Ovorkhangai,Бүрд,Burd,47.16473,104.15033,"Өвөрхангай, Төв аймгийн заагт орших далайн түвшнээс дээш 2117 метр өндөртэй уул.","Гора высотой 2117 метров над уровнем моря, расположенная на границе аймаков Увурхангай и Тув.",https://www.dropbox.com/scl/fi/2ng4vjpnkxde2uorcaao4/.jpg?rlkey=lkqg25pdv1ot4yxcz5j9xld2s&raw=1,바트칸 산,バトカン山,巴特汗山,Гора Батхан,Uvurkhangai와 Tuv aimags의 경계에 위치한 해발 2117m 높이의 산입니다.,ウブルハンガイとトゥヴ アイマグの境界に位置する標高 2117 メートルの山。,这座山海拔 2117 米，位于 Uvurkhangai 和 Tuv 省交界处。,"Гора высотой 2117 метров над уровнем моря, расположенная на границе аймаков Увурхангай и Тув."
303,2,Түүхийн дурсгалт газар,Монгол улсын төв цэг,Central point of Mongolia,Өвөрхангай,Ovorkhangai,Бүрд,Burd,46.8645,103.82988,Бүрд сумаас өмнө зүгт 16 км зайтай Өвөр хөшөөт гэх газарт Монгол улсын газарзүйн төв цэг оршино.Газарзүйч профессор Н.Шагдар 1979 онд тодорхойлсон бөгөөд чулуун овоогоор тэмдэглэснийг  хожим  суварга босгон  тохижуулжээ,"The geographical center of Mongolia is located at a place called Inner Monument, 16 km south of Burd sum. Geologist Professor N. Shagdar determined it in 1979 and marked it with a stone mound, which was later decorated with a stupa.",https://www.dropbox.com/scl/fi/acqvn9o426vi78zdm0gtv/.jpg?rlkey=5t5s4o576xboh3sa46b7635rb&raw=1,몽골의 중심점,モンゴルの中心地,蒙古中心点,Центральная точка Монголии,몽골의 지리적 중심은 부르드섬에서 남쪽으로 16km 떨어진 내모뉴먼트(Inner Monument)라는 곳에 위치해 있다. 지질학자 N. 샤그다르(N. Shagdar) 교수는 1979년에 그것을 결정하고 돌무덤으로 표시했으며 나중에 사리탑으로 장식되었습니다.,モンゴルの地理的中心は、ブルド・スムから16km南にあるインナー・モニュメントと呼ばれる場所にあります。地質学者の N. シャグダー教授は 1979 年にそれを特定し、石塚でマークし、後に仏塔で装飾されました。,蒙古国的地理中心位于布尔德苏姆以南16公里处的一个叫内碑的地方。地质学家 N. Shagdar 教授于 1979 年确定了它，并用一个石堆做了标记，后来又用佛塔装饰了它。,"Географический центр Монголии расположен в месте под названием Внутренний памятник, в 16 км к югу от сума Бурд. Профессор-геолог Н. Шагдар определил его в 1979 году и обозначил каменным курганом, который позже был украшен ступой."
304,1,Байгалийн үзэсгэлэнт газар,Хүйсийн найман нуур,Khuisiin Naiman Lake,Өвөрхангай,Ovorkhangai,Уянга,Uyanga,46.53075,101.8223,Уянга сумын төвөөс баруун хойд зүгт 46 км зайтай оршино.,"It is located 46 km northwest of the center of Uyanga soum. There are eight lakes named Shireet, Mukhar, Khaliut, Bugat, Khaya, Shanaa Doroo, and Khuis, which are connected to each other by underground water veins. The lakes are separated from each other by a distance of 500 meters to 3.5 km. One of the eight lakes, Shanaa Lake, dries up in dry years and fills up in rainy years.",https://www.dropbox.com/scl/fi/y6xduvw57em293zfguhm0/.jpg?rlkey=4vrvx00ct7uhncpo9w6dgtgb0&raw=1,쿠이신 나이만 호수,クイシン・ナイマン湖,奎西因奈曼湖,Озеро Хуйсин Найман,"우양가솜(Uyanga soum) 중심에서 북서쪽으로 46km 떨어진 곳에 위치해 있다. Shireet, Mukhar, Khaliut, Bugat, Khaya, Shanaa Doroo 및 Khuis라는 8개의 호수가 지하 수맥으로 서로 연결되어 있습니다. 호수는 500m에서 3.5km의 거리로 서로 분리되어 있습니다. 8개의 호수 중 하나인 샤나 호수(Shanaa Lake)는 건기에는 마르고 우기에는 가득 찹니다.",ウヤンガ スームの中心部から北西 46 km に位置します。シリート湖、ムカール湖、カリウト湖、ブガット湖、カヤ湖、シャナアドルー湖、カイス湖という名前の 8 つの湖があり、それぞれが地下水脈でつながっています。湖どうしは 500 メートルから 3.5 km の距離にあります。 8 つの湖のうちの 1 つであるシャナ湖は、乾燥した年には干上がり、雨の年には水が満ちます。,它位于乌扬加苏姆中心西北46公里处。有八个湖泊，分别为 Shireet、Mukhar、Khaliut、Bugat、Khaya、Shanaa Doroo 和 Khuis，它们通过地下水脉相互连接。湖泊彼此相距500米至3.5公里。八湖之一的沙娜湖，旱年干涸，雨年充盈。,"Расположен в 46 км к северо-западу от центра сума Уянга. Есть восемь озер: Ширит, Мухар, Халиут, Бугат, Хая, Шанаа Дороо и Хуис, которые соединены друг с другом подземными водными жилами. Озера отделены друг от друга расстоянием от 500 метров до 3,5 км. Одно из восьми озер, Шанаа, в засушливые годы пересыхает, а в дождливые годы наполняется."
305,1,Байгалийн үзэсгэлэнт газар,Хятрууны рашаан,Hyatruun Mineral Water,Өвөрхангай,Ovorkhangai,Уянга,Uyanga,46.55709,102.05391,Уянга сумын төвөөс баруун хойд зүгт 21 км зайтай оршино.,It is located 12 km northwest of the center of Uyanga soum.,https://www.dropbox.com/scl/fi/mcocjz4on0a2j840vpz2d/.jpg?rlkey=hhwbr5ft57v223igr5ad5rfak&raw=1,히아트룬 미네랄워터,ヒャトゥルーンミネラルウォーター,海特伦矿泉水,Минеральная вода Хятрун,우양가 숨(Uyanga soum) 중심에서 북서쪽으로 12km 떨어져 있습니다.,ウヤンガ スームの中心部から北西 12 km に位置します。,它位于乌扬加苏姆中心西北12公里处。,Расположен в 12 км к северо-западу от центра сума Уянга.
306,1,Байгалийн үзэсгэлэнт газар,Шурангийн улаан цохио,Shurang's red cliff,Өвөрхангай,Ovorkhangai,Уянга,Uyanga,46.42179,101.99752,Уянга сумын төвөөс баруун зүгт 26 км зайтай оршино.,It is located 26 km west of the center of Uyanga soum.,https://www.dropbox.com/scl/fi/twovw9cwb7ln0ug0ieqrg/.jpg?rlkey=urgr70tinjy1kco3eyx2fw775&raw=1,슈랑의 붉은 절벽,レッドロックシュランガ,蜀郎的红崖,Красная скала Шуранга,우양가솜(Uyanga soum) 중심에서 서쪽으로 26km 떨어져 있다.,ウヤンガ スームの中心部から西​​に 26 km に位置します。,它位于乌扬加苏姆中心以西26公里处。,Расположен в 26 км к западу от центра сума Уянга.
307,1,Байгалийн үзэсгэлэнт газар,Цагаан голын хүрхрээ,Tsagaan Gol Waterfall,Өвөрхангай,Ovorkhangai,Бат-Өлзий,Bat-Olzii,46.896446,102.358281,Бат-Өлзий сумын төвөөс зүүн хойд зүгт 14.8 км зайтай оршино.,It is located 14.8 km northeast of the center of Bat-Ulzii soum.,,차가안 골 폭포,ツァガーンゴル滝,查干戈尔瀑布,Водопад Цагаан Гол,Bat-Ulzii soum 중심에서 북동쪽으로 14.8km 떨어져 있습니다.,バト・ウルジイ・スームの中心部から北東14.8kmに位置する。,它位于Bat-Ulzii soum中心东北14.8公里处。,"Расположен в 14,8 км к северо-востоку от центра сума Бат-Улзий."
308,1,Байгалийн үзэсгэлэнт газар,Ширээт нуур,Shireet Lake,Өвөрхангай,Ovorkhangai,Уянга,Uyanga,46.52847,101.80968,Уянга сумын төвөөс баруун хойд зүгт 44 км зайтай оршино. Хүйсийн найман нуурын хамгийн том нуур бөгөөд далайн түвшнээс дээш 2470 мер өндөрт байна. ,"It is located 44 km northwest of the center of Uyanga soum. It is the largest of the eight lakes of Khuis and is 2,470 meters above sea level.",https://www.dropbox.com/scl/fi/1j0yi6on69lc0zrlggmvc/.jpg?rlkey=oeu52671zfyzjltgfoe05s6ze&raw=1,시리트 호수,シリート湖,希里特湖,Озеро Ширээт,"우양가 숨(Uyanga soum) 중심에서 북서쪽으로 44km 떨어져 있습니다. Khuis의 8개 호수 중 가장 크며 해발 2,470m입니다.","ウヤンガ スームの中心部から北西 44 km に位置します。カイスにある 8 つの湖の中で最大で、標高は 2,470 メートルです。","它位于乌扬加苏姆中心西北44公里处。它是库伊斯八个湖泊中最大的一个，海拔2,470米。","Расположен в 44 км к северо-западу от центра сума Уянга. Это самое большое из восьми озер Хуиса, его высота составляет 2470 метров над уровнем моря."
309,2,Түүхийн дурсгалт газар,Бахархал морины шүтээн,Pride horse idol,Өвөрхангай,Ovorkhangai,Уянга,Uyanga,46.44715,102.27443,Уянга сумын баруун өмнө зүгт 1 км зайтай оршино.,It is located 1 km southwest of the center of Uyanga soum.,https://www.dropbox.com/scl/fi/4caopy5s72s83pbpy8r0j/.jpg?rlkey=427psrr7x15wxuzufne0wbqcj&raw=1,프라이드 호스 우상,プライドホースアイドル,骄傲的马偶像,Идол гордого коня,우양가솜(Uyanga soum) 중심에서 남서쪽으로 1km 떨어진 곳에 위치해 있다.,ウヤンガ スームの中心部から南西 1 km に位置します。,它位于乌扬加苏姆市中心西南1公里处。,Расположен в 1 км к юго-западу от центра сума Уянга.
310,2,Түүхийн дурсгалт газар,Монголын түрүү моьдын дурсгал.,Mongolian Race Horse Champions Memorial,Өвөрхангай,Ovorkhangai,Бат-Өлзий,Bat-Ulzii,46.86775,102.22307,Бат-Өлзий сумын төвөөс баруун хойд зүгт 7 км зайтай оршино.,It is located 7 km northwest of the center of Bat-Ulzii soum.,https://www.dropbox.com/scl/fi/ut9o108hsuxcmcc78vhjx/.jpg?rlkey=imj7nkyxu8bmd33nxc20wfyt8&raw=1,몽골 경주마 챔피언 기념비,モンゴル競走馬チャンピオン記念,蒙古赛马冠军纪念赛,Мемориал чемпионов монгольских скаковых лошадей,Bat-Ulzii soum 중심에서 북서쪽으로 7km 떨어져 있습니다.,バト・ウルジイ・スームの中心部から北西7kmに位置しています。,它位于Bat-Ulzii soum中心西北7公里处。,Расположен в 7 км к северо-западу от центра сомона Бат-Улзий.
311,1,Байгалийн үзэсгэлэнт газар,Эрхэтийн хавцал Өвөрхангай,Erkhet Canyon,Өвөрхангай,Ovorkhangai,Бат-Өлзий,Bat-Olzii,46.66681,101.50512,Бат-Өлзий сумын төмөөс баруун өмнө зүгт 65 км зайтай оршино.Эртний их хагарал галт уулын хүрмэн чулууг уулын голын ус зүссэнээс үүссэн маш сүрлэг гүн хавцал оршдог.,It is located 65 km southwest of the capital of Bat-Ulzii soum. It is a very majestic deep canyon formed by the cutting of volcanic rocks by mountain rivers during an ancient rift.,https://www.dropbox.com/scl/fi/3o01aaputsgli32qkzwrp/1.jpg?rlkey=vdrbstujipdphy8q1zblsno0w&raw=1,에르케트 협곡,エルケット渓谷,埃尔克赫特峡谷,Каньон Эрхет,Bat-Ulzii soum의 수도에서 남서쪽으로 65km 떨어져 있습니다. 고대 균열 동안 산의 강이 화산암을 깎아 형성된 매우 장엄하고 깊은 협곡입니다.,バト・ウルジイ・ソムの首都から南西65kmに位置する。これは、古代の亀裂の間に山の川によって火山岩が削られて形成された、非常に雄大な深い峡谷です。,它位于巴特乌尔齐苏姆首府西南65公里处。这是一条非常雄伟的深峡谷，是远古裂谷时山河切割火山岩而形成的。,"Он расположен в 65 км к юго-западу от столицы сума Бат-Улзий. Это очень величественный глубокий каньон, образовавшийся в результате прорезания вулканических пород горными реками во время древнего разлома."
312,1,Байгалийн үзэсгэлэнт газар,Онги гол,Ongi River,Өвөрхангай,Ovorkhangai,Зүүнбаян-Улаан,"Zuunbayan-Ulaan, Taragt, Bayangol",46.5006,102.5061,"Хангайн нурууны өврөөс эх аван ойт хээр, хээр, говийн бүсийг дамжин 435 км зам туулан өртөөлсөөр 175 км² талбай бүхий Монголын говийн экологийн тэнцвэрийг хадгалахад онцгой нөлөөтэй, нууруудын хөндийн хамгийн зүүн талын том нуур болох Улаан нуурыг бий болгодог.","Originating at the foot of the Khangai Mountains, it flows for 435 km through forest-steppe, steppe, and Gobi regions, forming the 175 km² Red Lake, the largest lake in the easternmost valley of the lakes, which has a special impact on maintaining the ecological balance of the Mongolian Gobi.",https://www.dropbox.com/scl/fi/wj2bz9tnefvflt2k5oteg/.jpg?rlkey=0dz5j3bu6z7c74s1lp6clot49&raw=1,온기 강,オンギ川,翁吉河,Река Онги,"항가이산맥 기슭에서 발원하여 삼림 초원, 대초원, 고비 지역을 거쳐 435km에 걸쳐 흐르며 175km² 규모의 적호(紅湖)를 형성하며 호수 최동단 계곡에서 가장 큰 호수로 몽골 고비족의 생태적 균형을 유지하는 데 특별한 영향을 미친다.",ハンガイ山脈の麓に源を発し、森林草原、草原、ゴビ地域を通って435km流れ、湖の最東端の谷で最大の湖である175km²のレッド湖を形成し、モンゴルゴビの生態学的バランスの維持に特別な影響を与えています。,发源于杭爱山麓，流经森林草原、草原、戈壁地区，全长435公里，形成面积175平方公里的红湖，是最东端河谷最大的湖泊，对维持蒙古戈壁生态平衡具有特殊影响。,"Беря начало у подножия Хангайских гор, оно протекает на протяжении 435 км через лесостепную, степную и Гобийскую области, образуя Красное озеро площадью 175 км² — самое большое озеро в самой восточной долине озёр, оказывающее особое влияние на поддержание экологического баланса Монгольской Гоби."
313,1,Байгалийн үзэсгэлэнт газар,Сангийн далай нуур Өвөрхангай,Sangiin Dalai Lake Ovorkhangai,Өвөрхангай,Ovorkhangai,Өлзийт,Ulziit,46.67427,103.3024,Өлзийт сумын төвөөс 19 км зайтай оршино.,It is located 19 km from the center of Ulziit soum.,https://www.dropbox.com/scl/fi/c596u1sxl8zwmwstwlo17/2.jpg?rlkey=up8bplpr70z1k4nws9ykf3kfd&raw=1,산이인 달라이 호수,サンギイン ダライ湖,桑吉因达赉湖,Озеро Сангиин Далай,이 숙소는 울지트 숨(Ulziit soum) 중심에서 19km 떨어져 있습니다.,ウルツィット・スムの中心部から19kmに位置しています。,距离乌尔济特苏姆市中心有19公里。,Он расположен в 19 км от центра сума Улзийт.
314,3,Шашны дурсгалт газар,Шанхын хийд,Shankh Monastery,Өвөрхангай,Ovorkhangai,Хархорин,Kharkhorin,47.05133,102.95381,Хархорин сумын төвөөс зүүн урагш 22 км зайтай оршино.,It is located 22 km southeast of the center of Kharkhorin soum.,https://www.dropbox.com/scl/fi/psapjfkm5vgyju3kbev1v/.jpg?rlkey=28gar1rgjrt82izh0luyanshd&raw=1,샹크 수도원,シャンク僧院,香克寺,Монастырь Шанкх,Kharkhorin soum 중심에서 남동쪽으로 22km 떨어져 있습니다.,ハルホリン・ソムの中心部から南東22kmに位置する。,它位于哈尔和林苏姆中心东南22公里处。,Расположен в 22 км к юго-востоку от центра сомона Хархорин.
315,3,Шашны дурсгалт газар,Эрдэнэ зуу хийд,Erdene Zuu Monastery,Өвөрхангай,Ovorkhangai,Хархорин,Kharkhorin,47.20165,102.84131,Хархорин сумын төвийн зүүн захад байрлана.,,https://www.dropbox.com/scl/fi/bnhjokqd8aativ0nryknx/.jpg?rlkey=l3n25y96tdspcnheutl30tx0p&raw=1,에르데네 주 수도원,エルデネ・ズー修道院,额尔德尼召寺,Монастырь Эрдэнэ-Зуу,,,,
316,1,Байгалийн үзэсгэлэнт газар,Хэлтгий цагаан нуур,Kheltgii Tsagaan Lake,Өвөрхангай,Ovorkhangai,Хархорин,Kharkhorin,47.30506,102.9572,Хархорин сумын төвөөс зүүн хойд зүгт 19 км зайтай оршино.,It is located 19 km northeast of the center of Kharkhorin soum.,https://www.dropbox.com/scl/fi/ebgb3ner5e5oca319v2y4/.jpeg?rlkey=tq9j4l0o958kc3q5w4xw34we4&raw=1,켈트기 차강 호수,ケルトギー・ツァガーン湖,赫尔特吉·察干湖,Озеро Кхелтги Цагаан,Kharkhorin soum 중심에서 북동쪽으로 19km 떨어져 있습니다.,ハルホリン・ソムの中心部から北東19kmに位置する。,它位于哈尔和林苏姆中心东北19公里处。,Расположен в 19 км к северо-востоку от центра сомона Хархорин.
317,3,Шашны дурсгалт газар,Агуйтын хийдийн туурь,Ruins of Aguit Monastery,Өмнөговь,Omnogovi,Ханбогд,Khanbogd,42.58721,107.82796,"Ханбогд сумын төвөөс өмнө зүгт 118 км, улсын хилээс 16 км зайтай орших далайн түвшнээс дээш 1278 метр өргөгдсөн Агуйт уулын өмнө хормойд хуучны хийдийн туурь байна.","Located 118 km south of the center of Khanbogd soum and 16 km from the state border, on the slopes of Mount Aguit, which rises 1,278 meters above sea level, are the ruins of an ancient monastery.",https://www.dropbox.com/scl/fi/ilwtur8w0ws1j29hz9kd4/.jpg?rlkey=jjmydjsopk3ov3ubcxk3kr26q&raw=1,아구이트 수도원,アグイット修道院,阿吉特修道院,Агитский монастырь,"Khanbogd soum 중심에서 남쪽으로 118km, 주 경계에서 16km 떨어진 해발 1,278m 높이의 Aguit 산 경사면에 위치한 고대 수도원 유적입니다.","ハンボグド スムの中心部から南に 118 km、州境から 16 km の海抜 1,278 メートルのアギット山の斜面に、古代の修道院の遺跡があります。","位于汗博格德苏姆中心以南 118 公里处，距离国家边界 16 公里，海拔 1,278 米的阿吉特山山坡上，有一座古老修道院的遗址。","В 118 км к югу от центра сума Ханбогд и в 16 км от государственной границы, на склонах горы Агуит, возвышающейся на 1278 метров над уровнем моря, расположены руины древнего монастыря."
318,1,Байгалийн үзэсгэлэнт газар,Баяжихын агуй,The Cave of Riches,Өмнөговь,Omnogovi,Ханбогд,Khanbogd,43.03289,107.0405,Ханбогд сумын төвөөс баруун өмнө зүгт 28 км зайтай оршино. ,It is located 28 km southwest of the center of Khanbogd soum.,https://www.dropbox.com/scl/fi/2375jhr7kkqrlojqnir5l/.jpg?rlkey=voravxhftemg6v26k1ioxoxgk&raw=1,보물의 동굴,富の洞窟,财富洞穴,Пещера богатств,Khanbogd soum 중심에서 남서쪽으로 28km 떨어져 있습니다.,ハンボグド ソムの中心部から南西 28 km に位置します。,它位于Khanbogd soum中心西南28公里处。,Он расположен в 28 км к юго-западу от центра сума Ханбогд.
319,1,Байгалийн үзэсгэлэнт газар,Баянзаг,Bayanzag ,Өмнөговь,Omnogovi,Булган,Bulgan,44.14024,103.72102,"Булган сумын төвөс зүүн хойд  зүгт 21 км зайтай оршино.Заг мод их ургадаг учраас Баянзаг гэж нэрлэгдсэн. Урдаас хойшоо чиглэлтэй сунаж тогтсон, өргөн нь 5 км, урт нь 8 км орчим.","It is located 21 km northeast of the center of Bulgan soum. It was named Bayanzag because of the abundance of sycamore trees. It stretches from south to north, is about 5 km wide, and 8 km long.",https://www.dropbox.com/scl/fi/1ylxx985p3603b9rgze9w/BayanzagCamp.jpg.jpg?rlkey=ij8ol0o3lejz564q3zb2m4736&raw=1,바얀자그,バヤンザグ,巴彦扎格,Баянзаг,"불간솜 중심에서 북동쪽으로 21km 떨어진 곳에 위치해 있다. 플라타너스 나무가 풍부해서 바얀자그(Bayanzag)라는 이름이 붙었습니다. 남쪽에서 북쪽으로 뻗어 있으며 폭은 약 5km, 길이는 8km입니다.",ボルガン ソムの中心部から北東 21 km に位置します。スズカケノキの木が豊富に生い茂っていることから、バヤンザグと名付けられました。南北に長く、幅約5km、長さ約8kmです。,它位于布尔干苏姆中心东北21公里处。因盛产梧桐树而得名巴彦扎格。它由南向北延伸，宽约5公里，长约8公里。,"Расположен в 21 км к северо-востоку от центра Булган сума. Его назвали Баянзаг из-за обилия платанов. Он вытянут с юга на север, имеет ширину около 5 км и длину 8 км."
320,3,Шашны дурсгалт газар,Бага модны хийдийн туурь,Ruins of Baga Modan Monastery,Өмнөговь,Omnogovi,Ханбогд,Khanbogd,42.75408,106.81793,Ханбогд сумын төвөөс баруун урд зүгт 85 км зайтай оршино.,It is located 85 km southwest of the center of Khanbogd soum.,https://www.dropbox.com/scl/fi/tsj16kbahsaeplxsp6np3/.jpg?rlkey=a1822qnh11a95q1fv9ltrsou1&raw=1,바가 모단 수도원 유적,バガ・モダン僧院の遺跡,巴嘎摩丹寺遗址,Руины монастыря Бага Модан,Khanbogd soum 중심에서 남서쪽으로 85km 떨어져 있습니다.,ハンボグド・スムの中心部から南西85kmに位置しています。,它位于汗博格德苏姆中心西南85公里处。,Он расположен в 85 км к юго-западу от центра сума Ханбогд.
321,1,Байгалийн үзэсгэлэнт газар,Гурван зээрдийн агуй,Gurvan Zeerd Cave,Өмнөговь,Omnogovi,Ханбогд,Khanbogd,42.50542,107.44762,"Ханбогд сумын төвөөс зүүн өмнө зүгт 138 км, улсын хилээс 6 км зайтай далайн түвшнээс дээш 1100 метр өргөгдсөн Гурван зээрд уулын ар биед оршино. ","It is located 138 km southeast of the center of Khanbogd soum and 6 km from the state border, at an altitude of 1,100 meters above sea level, in the foothills of Gurvan Zeerd Mountain.",https://www.dropbox.com/scl/fi/1jsttie0gop37c12c87gs/.jpg?rlkey=efs7xi78wilmnhg5efeihebyg&raw=1,구르반 지르드 동굴,ガーバン・ゼアード洞窟,古尔万泽德洞穴,Пещера Гурван Зерд,"Khanbogd soum 중심에서 남동쪽으로 138km, 주 경계에서 6km 떨어진 Gurvan Zeerd 산 기슭의 해발 고도 1,100m에 위치해 있습니다.","ハンボグド スムの中心部から南東 138 km、州境から 6 km、標高 1,100 メートル、グルヴァン ゼールド山の麓に位置します。",它位于汗博格德苏姆市中心东南138公里处，距国境6公里，海拔1100米，位于Gurvan Zeerd山麓。,"Он расположен в 138 км к юго-востоку от центра сума Ханбогд и в 6 км от государственной границы, на высоте 1100 метров над уровнем моря, в предгорьях горы Гурван Зерд."
322,1,Байгалийн үзэсгэлэнт газар,Гурван сайхан уул (2846м),Gurvan Saikhan Mountain (2846m),Өмнөговь,Omnogovi,Баяндалай,Bayandalai,43.63441,103.7794,Төрийн тахилгат уул (тодруулах),State sacred mountain ,https://www.dropbox.com/scl/fi/mtp949lmxis02rpktdjlh/.jpg?rlkey=xl6pmbgwi0foqx7yhl3s3zh3x&raw=1,구르반 사이칸 산,グルバン・サイハン山,古尔万赛汗山,Гора Гурван Сайхан,국가 신성한 산,国家霊山,国家圣山,Государственная священная гора
323,1,Байгалийн үзэсгэлэнт газар,Гэгээтийн ам,Gegeetiin Am,Өмнөговь,Omnogovi,Баяндалай,Bayandalai,43.84959,103.17353,Баяндалай сумын төвөөс баруун хойд зүгт 65 км зайтай оршино.,It is located 65 km northwest of the center of Bayandalai soum.,https://www.dropbox.com/scl/fi/ll4uiofcwb67qwe18vcle/.jpg?rlkey=152bbvzph2cvutbfzvn1w9y6x&raw=1,게게틴 암,ゲゲティン・アム,吉吉廷·阿姆,Гегеетийн Ам,Bayandalai Soum 중심에서 북서쪽으로 65km 떨어져 있습니다.,バヤンダライ・ソウムの中心部から北西に 65 km に位置します。,位于巴彦达莱苏姆市中心西北65公里处。,Он расположен в 65 км к северо-западу от центра Баяндалай Сума.
324,1,Байгалийн үзэсгэлэнт газар,Дунд сайхан уул,Dund Saikhan Mountain,Өмнөговь,Omnogovi,Баяндалай,Bayandalai,43.639,103.771,Далайн түвшнээс дээш 2826 метр Баяндалай сумын төвөөс зүүн хойд зүгт 35км зайтай оршино. ,"It is located 35 km northeast of the center of Bayandalai soum, 2826 meters above sea level.",https://www.dropbox.com/scl/fi/x7qjlkgqhd6mmthdscgtk/.jpg?rlkey=qu5m6ifa1sk3pv1u89ls8dkqu&raw=1,던드사이칸산,ドゥンド サイハン山,敦德赛坎山,Гора Дунд Сайхан,"Bayandalai soum 중심에서 북동쪽으로 35km, 해발 2826m에 위치해 있습니다.",バヤンダライ スームの中心部から北東 35 km、標高 2826 メートルに位置します。,位于巴彦达莱苏姆市中心东北35公里处，海拔2826米。,"Он расположен в 35 км к северо-востоку от центра сума Баяндалай, на высоте 2826 метров над уровнем моря."
325,3,Шашны дурсгалт газар,Дэмчогийн хийд,Demchog Monastery,Өмнөговь,Omnogovi,Ханбогд,Khanbogd,43.12814,107.12784,Ханбогд сумын төвөөс баруун өмнө зүгт 13 км зайтай оршино. ,It is located 13 km southwest of the center of Khanbogd soum.,https://www.dropbox.com/scl/fi/upuq5fc4ya717lz1u6ncj/1.jpg?rlkey=5b2xbk2xwwj7oq6idf9zn7zdk&raw=1,뎀초그 수도원,デムチョグ修道院,德姆秋寺,Демчогский монастырь,Khanbogd soum 중심에서 남서쪽으로 13km 떨어져 있습니다.,ハンボグド ソムの中心部から南西 13 km に位置します。,它位于Khanbogd soum中心西南13公里处。,Он расположен в 13 км к юго-западу от центра сума Ханбогд.
326,1,Байгалийн үзэсгэлэнт газар,Ёлын ам,Yolyn Am,Өмнөговь,Omnogovi,Ханхонгор,Khankhongor,43.48871,104.0669,Аймгийн төв Даланзадгад хотоос баруун өмнө зүгт 45 км зайтай оршино.,The provincial capital is located 45 km southwest of Dalanzadgad.,https://www.dropbox.com/scl/fi/rmsglr16tfdxcvcpbmbx2/.jpeg?rlkey=vzuc7fl59hoe90jicc0ifgkml&raw=1,욜린 암,ヨリン・アム,尤林·阿姆,Йолин Ам,지방 수도는 Dalanzadgad에서 남서쪽으로 45km 떨어져 있습니다.,州都はダランザドガドの南西 45 km に位置します。,省会位于达兰扎德嘎德西南45公里处。,Столица провинции расположена в 45 км к юго-западу от Даланзадгада.
327,1,Байгалийн үзэсгэлэнт газар,Зулганайн баян бүрд,Zulganai Oasis,Өмнөговь,Omnogovi,Гурвантэс,Gurvantes,43.58463,100.04577,Гурвантэс сумын төвөөс баруун хойд зүгт 100 шахам км зайтай оршино.,It is located almost 100 km northwest of the center of Gurvantes soum.,https://www.dropbox.com/scl/fi/agl0la3l66ggvxsmztgqp/.JPG?rlkey=zufm71langxg83jqi3qjzvppj&raw=1,줄가나이 오아시스,ズルガナイ オアシス,祖尔加奈绿洲,Зулганайский оазис,Gurvantes soum 중심에서 북서쪽으로 거의 100km 떨어져 있습니다.,グルバンテス スームの中心部から北西にほぼ 100 km に位置します。,它位于古尔万特斯苏姆中心西北约 100 公里处。,Он расположен почти в 100 км к северо-западу от центра сума Гурвантес.
328,1,Байгалийн үзэсгэлэнт газар,Ловон чомбын агуй,Lovon Chomb Cave,Өмнөговь,Omnogovi,Ханбогд,Khanbogd,42.58842,107.82547,Ханбогд өмнө зүгт 118 км зайтай орших Агуйт ууланд олон агуй байдгийн хамгийн том нь юм. Хийдийн хойд хамар даваад ороход зүүн тийш харсан том хадан цохионы ёроолд  1170 м өндөрт оршдог. Тус агуй нь зүүн тийш харсан амтай ба амсарын хэмжээ 1.3 х 1м. ,"It is the largest of the many caves in Aguit Mountain, 118 km south of Khanbogd. It is located at an altitude of 1170 m at the bottom of a large cliff facing east when entering through the northern nose of the monastery. The cave has an east-facing mouth and the size of the mouth is 1.3 x 1 m.",https://www.dropbox.com/scl/fi/ak74fllai7ycwtyebu24l/.jpg?rlkey=v1h4zuc0l9amikzax7navmmej&raw=1,로본 촘 동굴,ロボンチョム洞窟,Lovon Chomb 洞穴,Пещера Ловон Чомбо,칸보그드에서 남쪽으로 118km 떨어진 아구이트 산(Aguit Mountain)에 있는 많은 동굴 중 가장 큰 동굴입니다. 수도원의 북쪽 코로 들어서면 동쪽을 향한 큰 절벽 아래 해발 1170m에 위치해 있다. 동굴의 입구는 동쪽을 향하고 있으며 입구의 크기는 1.3 x 1 m입니다.,これは、ハンボグドの南 118 km にあるアギット山にある多くの洞窟の中で最大のものです。修道院の北の鼻から入ると東向きの大きな崖の下、標高1170mに位置する。洞窟は東に向かって口があり、口の大きさは1.3×1メートルです。,它是位于汗博格德以南 118 公里处的阿吉特山众多洞穴中最大的一个。它位于海拔1170米的大悬崖底部，从寺院北鼻进入，面朝东。洞口朝东，洞口尺寸1.3×1m。,"Это самая большая из многих пещер горы Агуит, в 118 км к югу от Ханбогда. Он расположен на высоте 1170 м у подножия большой скалы, обращенной на восток при входе через северный нос монастыря. Устье пещеры обращено на восток, его размеры составляют 1,3 х 1 м."
329,1,Байгалийн үзэсгэлэнт газар,Молцог элс,Moltsog Sand,Өмнөговь,Omnogovi,Булган,Bulgan,44.17498,103.99786,Булган сумын төвөөс зүүн хойд зүгт 45 км зайтай оршино.,It is located 45 km northeast of the center of Bulgan soum.,https://www.dropbox.com/scl/fi/3b3i33hwbod0fq1unapmb/.jpg?rlkey=ei9ehgdyb2id22ke0256jlb9m&raw=1,몰트소그 모래,モルツォグサンド,毛措沙,Мольцог Песок,불간솜 중심에서 북동쪽으로 45km 떨어진 곳에 위치해 있다.,ボルガン ソムの中心部から北東 45 km に位置します。,它位于布尔干苏姆中心东北45公里处。,Расположен в 45 км к северо-востоку от центра Булган сума.
330,1,Байгалийн үзэсгэлэнт газар,Нэмэгтийн хавцал,Nemegt Canyon,Өмнөговь,Omnogovi,Гурвантэс,Gurvantes,43.5,101.0634,Гурвантэс сумын төвөөс  хойд зүгт 60 км зайтай оршино.  Нэмэгт уул нь далайн түвшнээс дээш 2769 м өргөгдсөн. ,It is located 60 km north of the center of Gurvantes soum. Nemegt Mountain rises 2769 m above sea level.,https://www.dropbox.com/scl/fi/56cz4by4islw8rnnn12o6/.jpg?rlkey=duwp2lzxllh35k8irmezs9pho&raw=1,네메그트 캐년,ネメグト渓谷,内梅特峡谷,Каньон Немегт,Gurvantes soum 중심에서 북쪽으로 60km 떨어져 있습니다. Nemegt Mountain은 해발 2769m입니다.,グルバンテス スームの中心部から北に 60 km に位置します。ネメグト山は海抜 2769 m です。,它位于古尔万特斯苏姆中心以北 60 公里处。内梅特山海拔 2769 米。,Он расположен в 60 км к северу от центра сума Гурвантес. Гора Немегт возвышается на 2769 м над уровнем моря.
331,3,Шашны дурсгалт газар,Сангийн далай хийд,Sangiin Dalai Monastery,Өмнөговь,Omnogovi,Номгон,Nomgon,42.84082,105.13946,1707 онд үндэс суурь нь тавигдсан энэхүү хийд Номгон сумын төвд оршино.,"This monastery, founded in 1707, is located in the center of Nomgon soum.",https://www.dropbox.com/scl/fi/2qjj84gvq9ekct00ogt6l/.jpg?rlkey=w8efss06nv4mt3utgk02criqg&raw=1,산이인 달라이 수도원,サンギイン ダライ僧院,桑吉达赖寺,Монастырь Сангиин Далай,1707년에 설립된 이 수도원은 놈곤 솜(Nomgon soum)의 중심에 위치하고 있습니다.,1707 年に設立されたこの修道院は、ノムゴン ソムの中心部にあります。,这座修道院建于 1707 年，位于诺姆贡苏姆 (Nomgon soum) 中心。,"Этот монастырь, основанный в 1707 году, расположен в центре сума Номгон."
332,1,Байгалийн үзэсгэлэнт газар,Хонгорын гол,Khongor River,Өмнөговь,Omnogovi,Сэврэй,Sevrei,43.77026,102.2699,Хонгорын элсний хойд талд Ар гангын булгаас эх аван урсана.,It originates from the Ar Gang spring on the north side of the Khongor sands.,https://www.dropbox.com/scl/fi/9t1e210dnervcprbjxtx1/1.jpeg?rlkey=zdui5bawuf9uu21179jbxrifg&raw=1,콩고르 강,ホンゴル川,洪戈尔河,Река Хонгор,그것은 Khongor 모래 북쪽의 Ar Gang 샘에서 시작됩니다.,ホンゴル砂浜の北側にあるアルガンの泉から湧き出ています。,它发源于Khongor沙北侧的Ar Gang泉。,Берет начало из источника Ар-Ганг на северной стороне песков Хонгор.
333,1,Байгалийн үзэсгэлэнт газар,Ар гангын булаг,Ar Gang's spring,Өмнөговь,Omnogovi,Сэврэй,Sevrei,43.766,102.323,Сэврэй сумын төвөөс зүүн хойд зүгт 24 км зайтай оршино.,It is located 24 km northeast of the center of Sevrey soum.,https://www.dropbox.com/scl/fi/xs24iredtx3mne5du28k6/.jpeg?rlkey=1tsm37sd06m2s3ricxjql9nkw&raw=1,아르 강가 스프링,アル・ガンガ・スプリング,阿恒河泉,Родник Ар ганга,Sevrey soum 중심에서 북동쪽으로 24km 떨어져 있습니다.,セヴレ・スムの中心部から北東24kmに位置しています。,它位于Sevrey soum中心东北24公里处。,Расположен в 24 км к северо-востоку от центра сума Севре.
334,1,Байгалийн үзэсгэлэнт газар,Сэрүүн булаг,Cool spring,Өмнөговь,Omnogovi,Сэврэй,Sevrei,43.756,102.31,Сэврэй сумын төвөөс зүүн хойд зүгт 23 км зайтай оршино.,It is located 23 km northeast of the center of Sevrey soum.,https://www.dropbox.com/scl/fi/x4c1d3zjd17swzj9jate1/..jpg?rlkey=czs9vazntziszfn01e7v4vpsj&raw=1,시원한 봄,涼しい春,凉爽的泉水,Источник Прохладный,Error 500 (Server Error)!!1500.That’s an error.There was an error. Please try again later.That’s all we know.,セヴレ・スムの中心部から北東23kmに位置しています。,它位于Sevrey soum中心东北23公里处。,Расположен в 23 км к северо-востоку от центра сума Севре.
335,1,Байгалийн үзэсгэлэнт газар,Төгрөгийн ширээ,Tugrugiin Shiree,Өмнөговь,Omnogovi,Булган,Bulgan,44.30003,103.19997,Булган сумын төвөөс баруун хойд зүгт 43 км зайтай оршино. мөргөцөг бөгөөд өндөр нь 30-аад метр байдаг. Мөргөцөгийн хананд эртний үлэг гүрвэлийн яс цухуйж байдаг. Үлэг гүрвэлийн зулзаганы араг яс бүхий чулуужсан өндөгний олдворууд эндээс нилээд олджээ.,It is located 43 km northwest of the center of Bulgan soum. It is a mound and is about 30 meters high. Ancient dinosaur bones protrude from the walls of the mound. A large number of fossilized eggs with skeletons of dinosaur cubs have been found here.,https://www.dropbox.com/scl/fi/gcau7tax6dgo4btj7453g/.jpg?rlkey=p20axjj4g8avmzgqef91kd8og&raw=1,투그루긴 샤리,トゥグルギン・シリー,图格鲁吉因郡,Тугругин Шире,불간솜 중심에서 북서쪽으로 43km 떨어진 곳에 위치해 있다. 높이가 약 30미터 정도 되는 봉분입니다. 고대 공룡 뼈가 마운드 벽에서 튀어나와 있습니다. 이곳에서는 새끼 공룡의 뼈대가 있는 화석화된 알이 많이 발견되었습니다.,ボルガン ソムの中心部から北西 43 km に位置します。高さ約30メートルの塚です。古代の恐竜の骨が塚の壁から突き出ています。ここでは、恐竜の子供の骨格を持つ卵の化石が多数発見されています。,它位于布尔干苏姆市中心西北43公里处。这是一个土丘，高约30米。古老的恐龙骨头从土丘的墙壁上伸出。这里发现了大量带有恐龙幼崽骨骼的蛋化石。,Он расположен в 43 км к северо-западу от центра сума Булган. Это курган высотой около 30 метров. Из стен кургана торчат кости древних динозавров. Здесь обнаружено большое количество окаменевших яиц со скелетами детенышей динозавров.
336,1,Байгалийн үзэсгэлэнт газар,Хавцгайтын хадны дурсгал,Khavtsgayt Rock Monument,Өмнөговь,Omnogovi,Булган,Bulgan,43.90411,103.5273,Булган сумын төвөөс өмнө зүгт 22 км зайтай оршино,It is located 22 km south of the center of Bulgan soum.,https://www.dropbox.com/scl/fi/qury0vjkui1bwx40q263h/.jpg?rlkey=w9c3jl31b11muepacot92jpmc&raw=1,카브츠가이트 암석 기념비,ハフツガイト岩石記念碑,哈夫茨盖特岩石纪念碑,Скальный монумент Хавцгайт,불간솜 중심에서 남쪽으로 22km 떨어져 있다.,ボルガン ソムの中心部から南に 22 km に位置します。,它位于布尔干苏姆中心以南22公里处。,Он расположен в 22 км к югу от центра Булган сума.
337,1,Байгалийн үзэсгэлэнт газар,Хонгорын элс,Sand of Hongor,Өмнөговь,Omnogovi,Сэврэй,Sevrei,43.725,102.37,"Сэврэй сумын төвөөс хойд зүгт 22.5 км зайтай орших Хонгорын элс Өмнөговь аймгийн Гурвантэс, Сэврэй, Баяндалай сумдын нутгийг дамнан 180 км үргэлжилэх бөгөөд 3-15 км өргөнтэй, 10-30 метр өндөртэй байна.","Located 22.5 km north of the center of Sevrey soum, the Khongor sand dunes extend for 180 km across the territories of Gurvantes, Sevrey, and Bayandalai soums of Umnugovi aimag, and are 3-15 km wide and 10-30 meters high.",https://www.dropbox.com/scl/fi/jtbvj8cgeiesvc7ldc6pf/.jpg?rlkey=46uq6vk2yf8fkmwdtafn8h5p3&raw=1,홍고르의 모래,ホンゴールの砂,香港沙,Песок Хонгора,"Sevrey soum 중심에서 북쪽으로 22.5km 떨어진 곳에 위치한 Khongor 모래 언덕은 Umnugovi aimag의 Gurvantes, Sevrey 및 Bayandalai soum의 영토를 가로질러 180km에 걸쳐 뻗어 있으며 폭은 3~15km, 높이는 10~30m입니다.",ホンゴル砂丘はセヴレ スームの中心から北 22.5 km に位置し、ウムヌゴヴィ アイマグのグルバンテス、セヴレ、バヤンダライ スームの領土を横切って 180 km にわたって広がり、幅 3 ～ 15 km、高さ 10 ～ 30 メートルです。,Khongor沙丘位于塞夫雷苏姆中心以北22.5公里处，绵延180公里，横跨乌姆努戈维省的古尔万特斯、塞夫雷和巴彦达莱苏姆地区，宽3至15公里，高10至30米。,"Расположенные в 22,5 км к северу от центра сомуна Севрей, песчаные дюны Хонгор простираются на 180 км по территории сомонов Гурвантес, Севрей и Баяндалай аймака Умнугови, имеют ширину 3-15 км и высоту 10-30 метров."
338,1,Байгалийн үзэсгэлэнт газар,Хэрмэн цав,Khermen Tsav,Өмнөговь,Omnogovi,Гурвантэс,Gurvantes,43.49702,99.81429,"гурвантэс сумын төвөөс баруун хойд зүгт 125 км зайтай орших 10 гаруй км үргэлжилдэг ганга юм. Адаг хэсэгтээ 10 километр өргөн, зарим газартаа 100-200 метр гүн байдаг. Холоос харахад их хотын балгас мэт харагддаг.","It is a ravine that stretches for more than 10 kilometers, located 125 kilometers northwest of the center of the Suruntes soum. It is 10 kilometers wide at its widest point and 100-200 meters deep in some places. From a distance, it looks like the ruins of a large city.",https://www.dropbox.com/scl/fi/ysqs2iin11z0jzt1xaas7/.jpg?rlkey=uxisfqukwgpgeup1vkokhmrfr&raw=1,케르멘 차브,ヘルメン・ツァブ,克尔门察夫,Хермен Цав,"수룬테스 숨(Suruntes soum) 중심에서 북서쪽으로 125km 떨어진 곳에 위치한 10km 이상 뻗어 있는 계곡이다. 가장 넓은 곳의 폭은 10km이고, 일부 지역의 깊이는 100~200m에 이릅니다. 멀리서 보면 마치 대도시의 폐허처럼 보입니다.",スルンテス・ソムの中心から北西125キロメートルに位置し、10キロメートル以上続く渓谷です。幅は最も広い部分で10キロメートル、深さは場所によっては100〜200メートルにもなる。遠くから見ると大都市の廃墟のように見えます。,这是一条绵延10多公里的峡谷，位于苏伦特斯苏姆中心西北125公里处。最宽处有10公里，有的地方深100-200米。从远处看，它就像一座大城市的废墟。,"Это ущелье протяженностью более 10 километров, расположенное в 125 километрах к северо-западу от центра сумуна Сурунтеш. Его ширина в самом широком месте составляет 10 километров, а глубина в некоторых местах составляет 100-200 метров. Издалека это похоже на руины большого города."
339,1,Байгалийн үзэсгэлэнт газар,Эхийн умай хад,The Rock Called the Womb,Өмнөговь,Omnogovi,Ханбогд,Khanbogd,43.03061,107.04205,Ханбогд ууланд орших байгалийн өвөрмөц тогтоц.,A unique natural formation located in Khanbogd Mountain.,https://www.dropbox.com/scl/fi/xzxiu658f4lc8kwvpauy6/.jpg?rlkey=wj888wywcbl0hqqafbtymf0fm&raw=1,자궁이라 불리는 바위,子宮と呼ばれる岩,被称为子宫的磐石,"Скала, называемая утробой",Khanbogd 산에 위치한 독특한 자연 지형입니다.,カーンボグド山に位置するユニークな自然の形成。,位于汗博格德山的独特自然构造。,"Уникальное природное образование, расположенное на горе Ханбогд."
340,3,Шашны дурсгалт газар,Эрээтийн хийдийн туурь,Ruins of Eret Monastery,Өмнөговь,Omnogovi,Ханбогд,Khanbogd,43.14627,107.12411,Ханбогд ууланд орших эртний сүмийн үлдэгдэл.,Руины древнего храма на горе Ханбогд,https://www.dropbox.com/scl/fi/ut4nitcbwe8019bkc0jvp/1.jpg?rlkey=tym1a78gdvr7yuu5cvr2d680p&raw=1,에레트 수도원 유적,エレト修道院の遺跡,埃雷特修道院遗址,Руины монастыря Эрет,칸보그드 산의 고대 사원 유적,ハンボグド山の古代寺院の遺跡,汗博格德山一座古庙遗址,Руины древнего храма на горе Ханбогд
341,3,Шашны дурсгалт газар,Цагаан толгойн хийдийн туурь,Ruins of Tsagaan Tolgoi Monastery,Өмнөговь,Omnogovi,Ханбогд,Khanbogd,43.16665,107.15253,Ханбогд ууланд орших эртний сүмийн үлдэгдэл.,Руины древнего храма на горе Ханбогд,https://www.dropbox.com/scl/fi/y3k3ti91jhdzqlcpqrqro/1.jpg?rlkey=5tl8iko4utyw13m0bfdtdjbqr&raw=1,차강 톨고이 수도원 유적,ツァガーン トルゴイ修道院の遺跡,察干陶勒盖修道院遗址,Руины монастыря Цаган Толгой,칸보그드 산의 고대 사원 유적,ハンボグド山の古代寺院の遺跡,汗博格德山一座古庙遗址,Руины древнего храма на горе Ханбогд
342,1,Байгалийн үзэсгэлэнт газар,Бага булаг,Baga Bulag,Өмнөговь,Omnogovi,Ханбогд,Khanbogd,43.19258,107.12411,Ханбогд ууланд орших байгалийн өвөрмөц тогтоц.,A unique natural formation located in Khanbogd Mountain.,https://www.dropbox.com/scl/fi/jq31hxvzapvntxem5v1d9/.jpg?rlkey=cjk8hkn5jtg8s84s2ghu6j4vw&raw=1,작은 스프링,小さな春,小弹簧,Бага Булак,Khanbogd 산에 위치한 독특한 자연 지형입니다.,カーンボグド山に位置するユニークな自然の形成。,位于汗博格德山的独特自然构造。,"Уникальное природное образование, расположенное на горе Ханбогд."
343,1,Байгалийн үзэсгэлэнт газар,Орвог гашууны бор толгой,Orvog Gashuuny Bor Tolgoi,Өмнөговь,Omnogovi,Номгон,Nomgon,41.581,105.007,Монгол улсын өмнөд цэг,The southernmost point of Mongolia,https://www.dropbox.com/scl/fi/79mi2ev8nv4pf52l462ym/.jpg?rlkey=ntqr4n5dbdx2th5eudua8r9g2&raw=1,오르보그 가슈니 보르 톨고이,オルヴォグ・ガシュニー・ボル・トルゴイ,奥尔沃格·加舒尼·博尔·托尔戈伊,Орвог Гашууни Бор Толгой,Error 500 (Server Error)!!1500.That’s an error.There was an error. Please try again later.That’s all we know.,モンゴル最南端,蒙古国最南端,Самая южная точка Монголии
344,2,Түүхийн дурсгалт газар,Шар цав үлэг гүрвэлийн мөрт газар,Shar Tsav Dinosaur footprints,Өмнөговь,Omnogovi,Манлай,Manlai,43.57189,107.78863,Манлай сумын төвөөс зүүн өмнө зүгт 100 орчим км зайтай оршино. ,It is located about 100 km southeast of the center of Manlai soum.,https://www.dropbox.com/scl/fi/rtgzk4zz79kqtpw8cwlbr/.jpg?rlkey=1kbflte26v1nlj65tavd9ryxi&raw=1,샤르차브 공룡 발자국,シャー・ツァヴの恐竜の足跡,沙尔·察夫恐龙足迹,Следы динозавра Шар Цав,만라이솜(Manlai soum) 중심에서 남동쪽으로 약 100km 떨어진 곳에 위치해 있다.,マンライ・スームの中心部から南東に約100kmに位置する。,位于曼莱苏姆市中心东南约100公里处。,Он расположен примерно в 100 км к юго-востоку от центра сума Манлай.
345,2,Түүхийн дурсгалт газар,Алтан-Овоо,Altan-Ovoo,Сүхбаатар ,Sukhbaatar,Дарьганга,Dariganga,45.31187,113.83578,Дарь-Овоо гэж нэрлэх нь ч бий. Дарьгангын галт уулсын нэг бөгөөд далайн төвшнөөс дээш 1354 метр өндөр. Дарьганга сумын төвийн дэргэд орших энэ уул нь Сүхбаатар аймгийн урд хэсгийн 6 суманд амьдардаг Дарьгангачуудын шүтэн биширдэг уул юм. XYII зууны үеэс нутгийнхан тахиж ирсэн бөгөөд 1913 оноос Богд хааны зарлигаар тахиж ирсэн.,"It is also called Dar-Ovoo. It is one of the volcanoes of Darganga and is 1354 meters above sea level. Located near the center of Darganga soum, this mountain is a mountain worshiped by the Darganga people living in 6 soums in the southern part of Sukhbaatar aimag. Locals have worshiped it since the XYII century, and since 1913, it has been worshipped by the decree of Bogd Khan.",https://www.dropbox.com/scl/fi/pxys1gtupx6ln0u8j8apn/.jpg?rlkey=2s1ly4w5vbkqxltyhnprwjptb&raw=1,알탄오부,アルタン・オヴォー,阿勒坦敖包,Алтан-Овоо,"다르오부(Dar-Ovoo)라고도 합니다. 다르강가(Darganga) 화산 중 하나이며 해발 1354m이다. 다르강가 솜 중심 근처에 위치한 이 산은 수흐바타르 아이막 남부의 6개 솜에 거주하는 다르강가족이 숭배하는 산이다. 지역 주민들은 XYII세기부터 이곳을 숭배해 왔으며, 1913년부터 복드 칸의 법령에 따라 숭배를 받아 왔습니다.",ダルオブーとも呼ばれます。ダルガンガ火山の 1 つで、標高は 1354 メートルです。ダルガンガ・スムの中心近くに位置するこの山は、スフバートル・アイマグ南部の6つのスムに住むダルガンガ族が信仰する山です。地元の人々は XYII 世紀から崇拝しており、1913 年以降はボグド カーンの布告によって崇拝されるようになりました。,它也被称为达敖包。它是达尔甘加火山之一，海拔1354米。这座山位于达尔甘加苏姆中心附近，是居住在苏赫巴托尔省南部6个苏姆的达尔甘加人崇拜的山。当地人自二十世纪起就崇拜它，自1913年以来，根据博格德汗的法令，人们崇拜它。,"Его еще называют Дар-Овоо. Это один из вулканов Дарганги, высота которого составляет 1354 метра над уровнем моря. Эта гора, расположенная недалеко от центра сума Дарганга, является горой, которой поклоняются люди дарганга, проживающие в 6 сумах в южной части аймака Сухэ-Батор. Местные жители поклоняются ему с XYII века, а с 1913 года ему поклоняются по указу Богд-хана."
346,2,Түүхийн дурсгалт газар,Бичигт шахаа,Bichigt Shakhaa,Сүхбаатар ,Sukhbaatar,Дарьганга,Dariganga,45.57238,114.23953,"Дарьганга сумын төвөөс зүүн хойд зүгт 50 орчим км зайтай 40-өөд метр өндөр, 1 километр урт хадан хясаа байна. ","About 50 kilometers northeast of the center of Dariganga soum, there is a cliff about 40 meters high and 1 kilometer long.",https://www.dropbox.com/scl/fi/p25y63kt5lk9hldz5krvt/.jpg?rlkey=2eni3shc10ei4i12gn9xk777q&raw=1,비칙트 샤하,ビチグト・シャカ,比奇特·沙哈,Бичигт Шахаа,"다리강가 솜 중심에서 북동쪽으로 약 50km 떨어진 곳에 높이 약 40m, 길이 약 1km의 절벽이 있다.",ダリガンガ・ソムの中心部から北東約50キロのところに、高さ約40メートル、長さ約1キロの断崖がある。,达里甘加苏姆中心东北约50公里处，有一处高约40米、长1公里的悬崖。,Примерно в 50 километрах к северо-востоку от центра сомона Дариганга находится скала высотой около 40 метров и длиной 1 километр.
347,1,Байгалийн үзэсгэлэнт газар,Ганга нуур,Ganga Lake,Сүхбаатар ,Sukhbaatar,Дарьганга,Dariganga,45.268,113.984,Дарьганга сумын төвөөс зүүн урагш 12км зайтай далайн түвшнээс дээш 1294 метр өндөрт оршино. Цэнгэг уст Ганга нуурыг 21 булаг тэтгэн тэжээдэг байна.,"It is located 12 km southeast of the center of Dariganga soum at an altitude of 1,294 meters above sea level. The freshwater Ganga Lake is fed by 21 springs.",https://www.dropbox.com/scl/fi/68iw2k3uacqfhapzg6u6k/.jpg?rlkey=6h2r81c9nutj4nvh3spevjcax&raw=1,강가 호수,ガンガ湖,恒河湖,Озеро Ганга,"다리강가 솜 중심에서 남동쪽으로 12km 떨어진 해발 1,294m에 위치해 있다. 담수 강가호에는 21개의 샘이 공급됩니다.","ダリガンガ ソムの中心部から南東 12 km、標高 1,294 メートルに位置します。淡水のガンジス湖には 21 の泉が湧き出ています。",它位于达里甘加苏姆市中心东南12公里处，海拔1294米。淡水恒河湖由 21 个泉水注入。,Он расположен в 12 км к юго-востоку от центра сума Дариганга на высоте 1294 метра над уровнем моря. Пресноводное озеро Ганга питается 21 источником.
348,1,Байгалийн үзэсгэлэнт газар,Дуут нуур (Сүхбааатар),Duut Lake (Sukhbaatar),Сүхбаатар ,Sukhbaatar,Дарьганга,Dariganga,45.30493,113.81081,Дарьганга сумын төвөөс 2 км зайтай оршино.,It is located 2 km from the center of Dariganga soum.,https://www.dropbox.com/scl/fi/f1dul704joa6qshjfn9nf/.jpeg?rlkey=o7r62ot6j0n0ng6pq5xfgzyam&raw=1,두트 호수,ダウト湖,杜特湖,Озеро Дуут,이 숙소는 Dariganga Soum에서 2km 떨어져 있습니다.,これはダリガンガ・ソウムの中心から2kmの所にあります。,酒店位于达里甘加苏姆，距离市中心2公里。,Он расположен в 2 км от центра Дариганга Сум.
349,1,Байгалийн үзэсгэлэнт газар,Зотол хан уул (1375м),Zotol Khan Mountain (1375m),Сүхбаатар ,Sukhbaatar,Эрдэнэцагаан,Erdenetsagaan,45.82146,114.75256,Эрдэнэцагаан сумын төвөөс баруун урд зүгт 49 км зайтай оршино. ,It is located 49 km southwest of the center of Erdenetsagaan soum.,https://www.dropbox.com/scl/fi/kx3wffi04lng3740c0c9l/.jpg?rlkey=2hiw5nh5il0038f3rdd8c46xk&raw=1,조톨 칸 산,ゾトル・カーン山,佐托尔汗山,Гора Зотол Хан,Erdenetsagaan soum 중심에서 남서쪽으로 49km 떨어져 있습니다.,エルデネツガーン・ソムの中心部から南西に49kmに位置しています。,它位于额尔登尼茨加安苏姆市中心西南49公里处。,Он расположен в 49 км к юго-западу от центра сума Эрдэнецгаан.
350,2,Түүхийн дурсгалт газар,Ламтын хүн чулуун хөшөө,Stone statue of a monk,Сүхбаатар ,Sukhbaatar,Дарьганга,Dariganga,45.3306,114.44535,Дарьганга сумын төвөөс зүүн хойд зүгт 45 км зайтай Ламт уулын баруун хормойд 3 хүн чулуу байдаг.Эдгээрийг шаргал өнгийн элсэн чулуугаар уран гоёмсог сийлж хийсэн ба бүгд түшлэгтэй исэр сандалд сууж байгаа дүртэй.,"There are three human stones on the western slope of Lamt Mountain, 45 km northeast of the center of Dariganga soum. They are beautifully carved from yellow sandstone, and all depict people sitting on armchairs.",https://www.dropbox.com/scl/fi/73pl3ftzmdu3faww4way8/.jpeg?rlkey=z133rz8pu7ahk4dmtf0w2ly8f&raw=1,승려 석상,僧侶の石像,僧侣的石像,Каменная статуя монаха,다리강가 솜 중심에서 북동쪽으로 45km 떨어진 람트산(Lamt Mountain) 서쪽 경사면에 세 개의 인석이 있습니다. 노란 사암으로 아름답게 조각되어 있으며 모두 안락의자에 앉아 있는 사람들을 묘사하고 있습니다.,ダリガンガ ソムの中心部から北東 45 km のラムト山の西斜面に 3 つの人間の石があります。それらは黄色の砂岩から美しく彫られており、肘掛け椅子に座っている人々が描かれています。,达里甘加苏姆中心东北45公里处的拉姆特山西坡上有三块人石。它们由黄色砂岩精美雕刻而成，都描绘了坐在扶手椅上的人。,"На западном склоне горы Ламт, в 45 км к северо-востоку от центра сомона Дариганга, находятся три человеческих камня. Они красиво вырезаны из желтого песчаника и на всех изображены люди, сидящие в креслах."
351,1,Байгалийн үзэсгэлэнт газар,Талын агуй,Talyn Cave,Сүхбаатар ,Sukhbaatar,Дарьганга,Dariganga,45.48459,114.4858,"Шилийн богд уулаас баруун хойш 14 километрт оршино. Тэгшхэн талын уудам хөндийд тогтсон гурван тусдаа тасалгаатай агуй юм. Монгол орны агуйнуудаас хамгийн том төдийгүй хамгийн үзэсгэлэнтэй нь юм. Агуйн амаар босоо хүн багтахгүй учир бөхийж орно. Дөнгөж ормогц бараг эгц доошилдог. Агуйн нийт урт нь 240 метр, нийт багтаамж нь 10 мянган шоо метрээс илүү ажээ.","Shiliin Bogd is located 14 kilometers northwest of the mountain. It is a cave with three separate chambers located in a wide valley on a flat side. It is not only the largest but also the most beautiful of the caves in Mongolia. Since the mouth of the cave cannot fit a standing person, one has to bend down to enter. Once inside, it descends almost straight down. The total length of the cave is 240 meters, and the total capacity is more than 10 thousand cubic meters.",https://www.dropbox.com/scl/fi/mjpz6nzko24p0gv6m33px/.jpg?rlkey=nyt8hcm1ewklepu99dm3gz5bd&raw=1,탈린 동굴,タリン洞窟,塔林洞穴,Пещера Талин,"Shiliin Bogd는 산에서 북서쪽으로 14km 떨어져 있습니다. 평평한 면의 넓은 계곡에 3개의 별도의 방이 있는 동굴입니다. 이 동굴은 몽골 동굴 중 가장 클 뿐만 아니라 가장 아름답습니다. 동굴 입구는 사람이 서 있을 수 없기 때문에 몸을 굽혀 들어가야 한다. 안으로 들어가면 거의 직선으로 내려갑니다. 동굴의 전체 길이는 240m, 총 용량은 10,000m3 이상입니다.",シリーン湿原は山の北西 14 キロメートルに位置します。広い谷の平らなところにある３つの部屋に分かれた洞窟です。モンゴルの洞窟の中で最大であるだけでなく、最も美しい洞窟でもあります。洞窟の入り口は人が立って入ることができないため、中に入るにはかがむ必要があります。中に入るとほぼ真っ直ぐに下ります。洞窟の全長は240メートル、総容積は1万立方メートル以上。,石林博格达位于山西北14公里处。这是一个洞穴，拥有三个独立的房间，位于平坦的宽阔山谷中。它不仅是蒙古最大、也是最美丽的洞穴。由于洞口无法站立，必须弯腰才能进入。一旦进入，它几乎垂直下降。溶洞总长240米，总容量1万多立方米。,"Шилиин Богд расположен в 14 километрах к северо-западу от горы. Это пещера с тремя отдельными камерами, расположенная в широкой долине на плоской стороне. Это не только самая большая, но и самая красивая из пещер Монголии. Поскольку в устье пещеры не может поместиться стоячий человек, чтобы войти, приходится наклоняться. Оказавшись внутри, он спускается почти прямо вниз. Общая длина пещеры составляет 240 метров, а общий объем – более 10 тысяч кубических метров."
352,2,Түүхийн дурсгалт газар,Торой бандийн хөшөө,Toroi Bandi Statue,Сүхбаатар ,Sukhbaatar,Дарьганга,Dariganga,45.28888,114.07431,Торой бандийн хөшөө Гангын цагаан овоон дээр Дарьганга сумын төвөөс зүүн зүгт 18 км зайтай байна. ,"The statue of Toroi Bandi is located on the Gangyin Tsagaan Ovoon, 18 km east of the center of Dariganga soum.",https://www.dropbox.com/scl/fi/022xjxb1nesahdxi8b7vl/.jpg?rlkey=gxauw6ocaxnx3nbyzgy3s79xc&raw=1,토로이 반디 동상,トロイ バンディ像,托罗伊·班迪雕像,Статуя Торои Банди,토로이 반디(Toroi Bandi) 동상은 다리강가 소움(Dariganga Soum) 중심에서 동쪽으로 18km 떨어진 곳에 위치해 있습니다.,トロイ バンディの像は、ダリガンガ ソムの中心部から東に 18 km のところにあります。,托罗伊·班迪 (Toroi Bandi) 雕像位于达里甘加苏姆 (Dariganga Soum) 中心以东 18 公里处。,Статуя Торои Банди расположена в 18 км к востоку от центра сума Дариганга.
353,2,Түүхийн дурсгалт газар,Хөргийн хөндийн хүн чулуу,Khurgiin Khundii Khun Chuluu,Сүхбаатар ,Sukhbaatar,Дарьганга,Dariganga,45.55271,114.23294,Бичигтийн шахааны баруун доогуур урдаасаа хойш чиглэсэн их хөндийг “Хөргийн хөндий” гэдэг. Энд долоон хүн чулуу бий.,"The large valley running from south to north, below the Bichigt Shahaan, is called ""Khergiin Valley."" There are seven human stones here.",https://www.dropbox.com/scl/fi/agqjrc4lu4n6gputnpuuf/.jpg?rlkey=5e6uq2uahpyui12xojfnnaci4&raw=1,Khurgiin Khundii Khun Chuluu,クルギン・クンディ・クン・チュルー,库尔金·昆迪·昆楚鲁,Хургиин Хундии Хун Чулуу,"Bichigt Shahaan 아래 남쪽에서 북쪽으로 이어지는 큰 계곡을 ""Khergiin Valley""라고 부릅니다. 여기에는 일곱 개의 인간 돌이 있습니다.",ビヒト・シャハーンの下を南北に走る大きな渓谷は「ヘルギン渓谷」と呼ばれています。ここには人間の石が7つあります。,比奇格特沙哈恩山下方从南向北延伸的大山谷被称为“赫尔吉因山谷”。这里有七块人石。,"Большая долина, протянувшаяся с юга на север, ниже Бичигт Шахана, называется «Долиной Хергиин». Здесь семь человеческих камней."
354,1,Байгалийн үзэсгэлэнт газар,Шилийн богд уул (1778м),Shiliin Bogd Mountain (1778m),Сүхбаатар ,Sukhbaatar,Дарьганга,Dariganga,45.47241,114.58912,Дарьганга сумын төвөөс зүүн хойд зүгт 65 км зайтай оршино,It is located 65 km northeast of the center of Dariganga soum.,https://www.dropbox.com/scl/fi/wjrdv6n62kxqbed32zwrh/.jpg?rlkey=3l5z6phnt1sn1fimmrupairx9&raw=1,스리인복드산,シリイン・ボグド山,石林博格达山,Гора Шилиин Богд,다리강가 소움(Dariganga Soum) 중심에서 북동쪽으로 65km 떨어져 있습니다.,ダリガンガ ソムの中心部から北東 65 km に位置します。,它位于达里甘加苏姆中心东北65公里处。,Он расположен в 65 км к северо-востоку от центра Сум Дариганга.
355,1,Байгалийн үзэсгэлэнт газар,Оргихын булаг,Orgikh Spring,Сүхбаатар ,Sukhbaatar,Дарьганга,Dariganga,45.26659,113.99742,Ганга нуураас зүүн зүгт 200 орчим метр зайтай оршино. ,It is located about 200 meters east of Lake Ganga.,https://www.dropbox.com/scl/fi/pdy7wzsjdvmxdw69kgc69/.jpg?rlkey=snapm92a6e0fej9mh9xgab7yb&raw=1,오르기흐 스프링,オルギクの泉,奥尔吉赫之春,Источник Оргик,강가호에서 동쪽으로 약 200m 떨어진 곳에 위치해 있다.,ガンガ湖の東約200メートルに位置する。,位于恒河以东约200米处。,Он расположен примерно в 200 метрах к востоку от озера Ганга.
356,1,Байгалийн үзэсгэлэнт газар,Алгана нуур,Algana Nuur,Сэлэнгэ ,Selenge,Алтанбулаг,Altanbulag,50.28384,106.13694,Аймгийн төв Сүхбаатар хотоос баруун хойд зүгт  3.7 км зайтай оршино.,The provincial center is located 3.7 km northwest of Sukhbaatar city.,https://www.dropbox.com/scl/fi/a5o89ddfzwlae5y1olht9/.jpg?rlkey=ula9v2sybzmim4xphkayh6mvk&raw=1,알가나 호수,アルガナ湖,阿尔加纳湖,Озеро Алгана,지방 중심지는 수흐바타르 시에서 북서쪽으로 3.7km 떨어져 있습니다.,州の中心部はスフバートル市の北西 3.7 km に位置しています。,省中心位于苏赫巴托尔市西北3.7公里处。,"Областной центр расположен в 3,7 км к северо-западу от города Сухэ-Батора."
357,2,Түүхийн дурсгалт газар,Алтанбулаг хувьсгалын өлгий,Altanbulag ,Сэлэнгэ ,Selenge,Алтанбулаг,Altanbulag,50.31665,106.49417,"Монгол, Орос, Хятад гурван улсын гэрээг 1918 онд баталж байсан. Ардын журамт цэргийн Түр засгийн газрын байшин, Хувьсгалын музей, Сүхбаатар жанжны журамт цэргийн штаб, банкны анхны байшин, Консулын байр, Шүүхийн анхны байр, Дөрвөлжин сүм зэрэг түүхийн олон дурсгалт байшин байгууламжууд байдаг.","The treaty between Mongolia, Russia, and China was ratified in 1918. There are many historical monuments, including the People's Revolutionary Army Provisional Government Building, the Revolutionary Museum, General Sukhbaatar's Revolutionary Army Headquarters, the first bank building, the Consulate Building, the first Court Building, and the Square Mosque.",https://www.dropbox.com/scl/fi/7ws4utb6miaexasw1pss6/.jpg?rlkey=s4b947rlkv21v1p3z566suylq&raw=1,알탄불라그,アルタンブラグ,阿勒坦布拉格,Алтанбулаг,"몽골, 러시아, 중국 간의 조약은 1918년에 비준되었습니다. 인민 혁명군 임시정부 건물, 혁명 박물관, 수흐바타르 장군 혁명군 본부, 최초의 은행 건물, 영사관 건물, 최초의 법원 건물, 광장 모스크 등 많은 역사적 기념물이 있습니다.",モンゴル、ロシア、中国間の条約は 1918 年に批准されました。ここには人民革命軍臨時政府庁舎、革命博物館、スフバートル革命軍司令部、最初の銀行の建物、総領事館の建物、最初の裁判所の建物、広場モスクなどの歴史的建造物が数多くあります。,1918年批准蒙古、俄罗斯、中国条约。这里有许多历史古迹，包括人民革命军临时政府大楼、革命博物馆、苏赫巴托将军革命军司令部、第一银行大楼、领事馆大楼、第一法院大楼、广场清真寺等。,"Договор между Монголией, Россией и Китаем был ратифицирован в 1918 году. Здесь находится множество исторических памятников, в том числе здание Временного правительства Народно-революционной армии, Революционный музей, штаб Революционной армии генерала Сухэ-Батора, первое здание банка, здание консульства, первое здание суда и Квадратная мечеть."
358,3,Шашны дурсгалт газар,Амарбаясгалант хийдийн суварга,Amarbayasgalant Monastery stupa,Сэлэнгэ ,Selenge,Баруунбүрэн,Baruunburen,49.48293,105.08096,Амарбаясгалант хийдийн баруун хойно 350 метр зайтай оршино.,It is located 350 meters northwest of Amarbayasgalant Monastery.,https://www.dropbox.com/scl/fi/5uk7jedx19dw2m83dgfz0/.jpg?rlkey=wq7f2ihighro7mn9jrpttfkqi&raw=1,아마르바야스갈란트 수도원의 사리탑,アマルバヤスガラント修道院の仏塔,阿玛尔巴亚斯加兰特寺佛塔,Ступа монастыря Амарбаясгалант.,아마르바야스갈란트 수도원(Amarbayasgalant Monastery)에서 북서쪽으로 350m 떨어진 곳에 위치해 있습니다.,アマルバヤスガラント修道院の北西 350 メートルに位置します。,它位于Amarbayasgalant修道院西北350米处。,Он расположен в 350 метрах к северо-западу от монастыря Амарбаясгалант.
359,3,Шашны дурсгалт газар,Алтан будда,Golden Buddha,Сэлэнгэ ,Selenge,Баруунбүрэн,Baruunburen,49.48561,105.08488,Амарбаясгалант хийдийн баруун хойно 500 метр зайтай оршино.,It is located 500 meters northwest of Amarbayasgalant Monastery.,https://www.dropbox.com/scl/fi/0x5sersr33s7wa4lrhmh3/.jpg?rlkey=lppi7sw17usbdygkyf3amkgho&raw=1,황금불상,金色の仏像,金佛,Золотой Будда,아마르바야스갈란트 수도원(Amarbayasgalant Monastery)에서 북서쪽으로 500m 떨어진 곳에 위치해 있습니다.,アマルバヤスガラント修道院の北西 500 メートルに位置します。,它位于Amarbayasgalant修道院西北500米处。,Он расположен в 500 метрах к северо-западу от монастыря Амарбаясгалант.
360,3,Шашны дурсгалт газар,Амарбаясгалант хийд,Amarbayasgalant Monastery,Сэлэнгэ ,Selenge,Баруунбүрэн,Baruunburen,49.48013,105.08523,Бүрэнхаан уулын өвөрт Ивэн голын зүүн биед Баруунбүрэн сумын төвөөс зүүн хойд зүгт 49 км зайтай оршино. Монголын анхдугаар Богд Г.Занабазарm зориулсан хийдийг бариулахаар 1725 онд Манжийн эзэн хаан Энх-Амгалан зарлиг гаргаж улсын сангаас 10 түмэн лан мөнгө гаргажээ. 1726 онд Монголын олон уран дархчуул барилгын ажлыг эхлүүлж тоосго модоор барьж 1737 онд дуусгажээ.,"It is located 49 km northeast of the center of Baruunburen soum, on the left bank of the Iven River, in the foothills of the Burenkhan Mountain. In 1725, the Manchu emperor Enkh-Amgalan issued a decree to build a monastery dedicated to the first Bogd of Mongolia, G. Zanabazar, and allocated 10 thousand lacs of money from the state treasury. In 1726, many Mongolian craftsmen began construction work, building it with bricks and wood, and it was completed in 1737.",https://www.dropbox.com/scl/fi/r1nzu1k57853ols3bej6c/Amarbayasgalant.jpg.jpg?rlkey=eai1allyp5ose84ec5vl1th1v&raw=1,아마르바야스갈란트 수도원,アマルバヤスガラント修道院,阿玛尔巴亚斯加兰特修道院,Монастырь Амарбаясгалант,"Baruunburen soum 중심에서 북동쪽으로 49km 떨어진 Burenkhan 산 기슭의 Iven 강의 왼쪽 기슭에 위치해 있습니다. 1725년에 만주 황제 Enkh-Amgalan은 몽골의 첫 번째 Bogd인 G. Zanabazar에게 헌정된 수도원을 세우라는 법령을 발표하고 국고에서 10,000lac의 돈을 할당했습니다. 1726년에 많은 몽골 장인들이 벽돌과 나무로 건축 공사를 시작하여 1737년에 완성되었습니다.",バルウンブレン ソウムの中心部から北東 49 km、ブレンカーン山の麓、イヴェン川の左岸に位置します。 1725年、満州族の皇帝エンク・アムガランは、モンゴルの初代ボグドであるG.ザナバザルに捧げられた修道院を建設する法令を出し、国庫から1万ラックの資金を割り当てた。 1726 年に多くのモンゴル人職人がレンガと木材で建設工事を開始し、1737 年に完成しました。,它位于巴伦布伦苏姆市中心东北49公里处，伊文河左岸，布伦坎山山麓。 1725年，满清皇帝恩赫阿姆加兰颁布法令，为蒙古第一代博格达扎那巴扎尔修建寺院，并从国库拨款一万拉克。 1726年，许多蒙古工匠开始建造，用砖和木建造，并于1737年竣工。,"Расположен в 49 км к северо-востоку от центра сума Баруунбурен, на левом берегу реки Ивен, у подножия горы Буренхан. В 1725 году маньчжурский император Энх-Амгалан издал указ о строительстве монастыря, посвящённого первому богду Монголии Г. Занабазару, и выделил из государственной казны 10 тысяч лаков денег. В 1726 году многие монгольские мастера начали строительные работы, возводя его из кирпича и дерева, и оно было завершено в 1737 году."
361,1,Байгалийн үзэсгэлэнт газар,Ишгэнт нуур,Ishgent Lake,Сэлэнгэ ,Selenge,Хушаат,Khushaat,49.62078,105.7612,Хушаат сумын төвөөс баруун өмнө зүгт 7 км зайтай Хутаг өндөр уулын зүүн өмнө  бэлд байна. ,"It is located on the southeastern slope of the Khutagh mountain, 7 km southwest of the center of Khushaat soum.",https://www.dropbox.com/scl/fi/6mroe2k9z68sui6o1dhfz/.jpg?rlkey=688wiot3hr6qc9yyyhbu3j5kr&raw=1,이슈겐트 호수,イシュゲント湖,伊什根特湖,Озеро Ишгент,Khushaat soum 중심에서 남서쪽으로 7km 떨어진 Khutagh 산의 남동쪽 경사면에 위치하고 있습니다.,クータフ山の南東斜面、クシャート ソムの中心部から南西 7 km に位置します。,它位于Khutagh山的东南坡，距Khushaat soum中心西南7公里。,"Он расположен на юго-восточном склоне горы Хутаг, в 7 км к юго-западу от центра сомона Хушаат."
362,1,Байгалийн үзэсгэлэнт газар,Орхон Сэлэнгийн бэлчир,Orkhon-Selenge Delta,Сэлэнгэ ,Selenge,Сүхбаатар,Sukhbaatar,50.25285,106.13636,Сэлэнгэ аймгийн төв Сүхбаатар хотын баруун талд байна.,The center of Selenge aimag is located to the west of Sukhbaatar city.,https://www.dropbox.com/scl/fi/3ln773ggoafaky4je6tet/.jpg?rlkey=gtuzobvlyfyxm0qobndsohl8c&raw=1,오르콘-셀렝 삼각주,オルホン・セレングデルタ,鄂尔浑-色楞三角洲,Дельта Орхон-Селенгe,Error 500 (Server Error)!!1500.That’s an error.There was an error. Please try again later.That’s all we know.,セレンゲ アイマグの中心部はスフバートル市の西に位置します。,色楞格省中心位于苏赫巴托尔市以西。,Центр Селенгинского аймака расположен к западу от города Сухэ-Батора.
363,1,Байгалийн үзэсгэлэнт газар,Сайханы хөтөл,Saikhany Khutul,Сэлэнгэ ,Selenge,Алтанбулаг,Altanbulag,50.30676,106.15252,Аймгийн төв Сүхбаатар хотоос 6 км зайтай оршино. ,It is located 6 km north of the provincial capital Sukhbaatar city.,https://www.dropbox.com/scl/fi/fffnz3mipclbiewu73gyi/.jpg?rlkey=p1ptgkyzzmz8cdry6zyc34tx0&raw=1,사이카니 쿠툴,サイハニー・クトゥル,赛罕尼呼图尔,Сайханы Хутул,지방 수도인 수흐바타르 시에서 북쪽으로 6km 떨어져 있습니다.,州都スフバートル市の北6キロに位置する。,位于省会苏赫巴托尔市以北6公里。,Он расположен в 6 км к северу от столицы провинции города Сухэ-Батора.
364,1,Байгалийн үзэсгэлэнт газар,Төхмийн гүн нуур,Tukhmiin Gun Lake,Сэлэнгэ ,Selenge,Алтанбулаг,Altanbulag,50.262,106.61751,Алтанбулаг сумын төвөөс 10 км зайтай оршино. Далайн түвшнээс дээш 639 метр өндөрт байна.,It is located 10 km from the center of Altanbulag soum. It is 639 meters above sea level.,https://www.dropbox.com/scl/fi/36pox9vqmxxukkv2z9ps7/.jpg?rlkey=voezihp4p08fdf2jbnj54766w&raw=1,투크미인 군 호수,トゥクミン ガン湖,图赫敏贡湖,Озеро Тухмиин-Гун,이 숙소는 Altanbulag soum에서 10km 떨어져 있습니다. 해발 639m이다.,アルタンブラグ・スムの中心部から10kmです。標高は639メートルです。,酒店位于阿尔坦布拉格苏姆，距离市中心10公里。海拔639米。,Расположен в 10 км от центра сума Алтанбулаг. Высота 639 метров над уровнем моря.
365,1,Байгалийн үзэсгэлэнт газар,Тужийн нарс,Tujiin Nars,Сэлэнгэ ,Selenge,Алтанбулаг,Altanbulag,50.11,106.545,Алтанбулаг сумын төвөөс 25 км зайтай оршино.  65548.56 га талбайтай Төрийн тусгай хамгаалалт бүхий байгалийн цогцолборт газар. Далайн түвшнээс дээш 620 гаруй метрийн өндөрт орших хамгийн нам дор газрын нэг юм.,"It is located 25 km from the center of Altanbulag soum. It is a state-protected natural park with an area of ​​65,548.56 hectares. It is one of the lowest places in the country, at an altitude of more than 620 meters above sea level.",https://www.dropbox.com/scl/fi/laecpvb5m7y89m1zdoidj/.jpg?rlkey=usdvt7yx1i5gmp3te2i4y6n2h&raw=1,투지인 나스,トゥジン・ナールス,图金纳尔斯,Туджиин Нарс,"Altanbulag soum 중심부에서 25km 떨어져 있습니다. 면적 65,548.56헥타르의 국가보호 자연공원이다. 해발 620m가 넘는 고도로 전국에서 가장 낮은 곳 중 하나이다.","アルタンブラグ・スムの中心部から25kmに位置しています。面積65,548.56ヘクタールの州保護自然公園です。ここは国内で最も低い場所の一つで、標高は海抜 620 メートル以上です。",距离Altanbulag soum市中心有25公里。是国家重点保护的自然公园，面积65548.56公顷。它是全国最低的地方之一，海拔620多米。,"Расположен в 25 км от центра сума Алтанбулаг. Это охраняемый государством природный парк площадью 65 548,56 га. Это одно из самых низких мест в стране, на высоте более 620 метров над уровнем моря."
366,1,Байгалийн үзэсгэлэнт газар,Ханын хөндий,Khanyn Khundii,Сэлэнгэ ,Selenge,Алтанбулаг,Altanbulag,50.29586,106.20477,Аймгийн төв Сүхбаатар хотоос хойд зүгт 6 км зайтай оршино.,The provincial center is located 6 km north of Sukhbaatar city.,https://www.dropbox.com/scl/fi/tddi4raa8kz4asm7c3qzy/.jpg?rlkey=dvfljrxvfupvs90hxuvlr27wm&raw=1,카닌 쿤디,カニン・クンディ,卡宁昆迪,Ханын Хундии,지방 중심지는 수흐바타르 시에서 북쪽으로 6km 떨어져 있습니다.,州の中心部はスフバートル市の北 6 km に位置しています。,省中心位于苏赫巴托尔市以北6公里处。,Областной центр расположен в 6 км к северу от города Сухэ-Батора.
367,2,Түүхийн дурсгалт газар,Хүслийн ээж мод,Mother of desires tree,Сэлэнгэ ,Selenge,Шаамар,Shaamar,50.15353,106.20057,Шаамар сумын төвөөс хойд зүгт 9 км зайтай оршино.,It is located 9 km north of the center of Shaamar soum.,https://www.dropbox.com/scl/fi/7pxkkj7qf53f4dpw1s5ld/.jpg?rlkey=jjljyffjx6sbzcnqfe3gtow3v&raw=1,욕망의 어머니 나무,欲望の母の木,欲望之母树,Дерево Матери Желаний,샤마르 숨(Shaamar Soum) 중심부에서 남쪽으로 9km 떨어져 있습니다.,シャマル・ソウムの中心部から南に9kmに位置しています。,它位于Shaamar Soum市中心以南9公里处。,Он расположен в 9 км к югу от центра Шаамар Сум.
368,1,Байгалийн үзэсгэлэнт газар,Цагаан нуур (Сэлэнгэ),Tsagaan Lake (Selenge),Сэлэнгэ ,Selenge,Цагааннуур,Tagaannuur,49.96229,105.35729,Цагааннуур сумын төвөөс баруун өмнө зүгт 15 км зайтай оршино.,It is located 15 km southwest of the center of Tsagaannuur soum.,https://www.dropbox.com/scl/fi/1r91pam2bqqocse1v2yri/.jpg?rlkey=sz91tgr7x8hoh3mi1plnt7ke1&raw=1,차강 호수,ツァガーン湖,查干湖,Озеро Цаган,Tsagaannuur Soum 중심에서 남서쪽으로 15km 떨어져 있습니다.,ツァガーヌール・ソウムの中心部から南西に15kmに位置しています。,它位于察干努尔苏姆市中心西南15公里处。,Он расположен в 15 км к юго-западу от центра сума Цагааннуур.
369,1,Байгалийн үзэсгэлэнт газар,Товхон хан уул (1603м),Tovkhonkhan Mountain (1603m),Сэлэнгэ ,Selenge,Цагааннуур,Tagaannuur,49.94754,105.03382,Цагааннуур сумын төвөөс баруун өмнө зүгт 36 км зайтай оршино.,It is located 36 km southwest of the center of Tsagaannuur soum.,https://www.dropbox.com/scl/fi/iad5xjqzpelipegpsqbma/.png?rlkey=zq2m5u8kxxlvxgv7tby79d460&raw=1,토브혼칸 산,トヴコンハン山,托夫洪汗山,Гора Товхон Хан,Tsagaannuur Soum에서 남서쪽으로 36km 떨어져 있습니다.,ツァガーヌール・ソウムの南西36キロに位置する。,它位于察干努尔苏姆西南36公里处。,Он расположен в 36 км к юго-западу от сума Цагааннуур.
370,3,Шашны дурсгалт газар,Номун хааны хүрээний туурь,Ruins of Nomun Khan Monastery,Сэлэнгэ ,Selenge,Цагааннуур,Tagaannuur,49.91285,105.12606,Цагааннуур сумын төвөөс баруун өмнө зүгт 30 км зайтай оршино.,It is located 30 km southwest of the center of Tsagaannuur soum.,https://www.dropbox.com/scl/fi/ay6wa2j4fo7djfxr0hlet/.jpg?rlkey=cji93dqyt6g8lxvbiq2n4gwgj&raw=1,노문 칸 수도원 유적,ノムン・ハーン修道院の遺跡,诺蒙汗寺遗址,Руины монастыря Номун Хан,Tsagaannuur Soum 중심에서 남서쪽으로 30km 떨어져 있습니다.,ツァガーヌール・ソウムの中心部から南西に 30 km に位置します。,它位于察干努尔苏姆市中心西南30公里处。,Он расположен в 30 км к юго-западу от центра сума Цагааннуур.
371,1,Байгалийн үзэсгэлэнт газар,Соронзон хад,Magnetic Rock,Сэлэнгэ ,Selenge,Хүдэр,Khuder,49.68754,107.24317,Хүдэр сумын төвөөс баруун өмнө зүгт 107 км зайтай оршино.,It is located 107 km southwest of the center of Khuder soum.,https://www.dropbox.com/scl/fi/vi7u7gc7tlemz2orjkv4y/.jpg?rlkey=o16l376dw3ftqco9vqyk9fx3y&raw=1,자성 암석,磁性岩石,磁性岩石,Магнитная порода,Khuder soum 중심에서 남서쪽으로 107km 떨어져 있습니다.,クーデル・スムの中心部から南西に107kmに位置しています。,它位于胡德尔苏​​姆中心西南107公里处。,Он расположен в 107 км к юго-западу от центра сомона Худер.
372,1,Байгалийн үзэсгэлэнт газар,Ерөөгийн халуун рашаан,Yeroo Hot Springs,Сэлэнгэ ,Selenge,Ерөө,Eruu,49.01856,107.54415,Улаанбаатар хотоос зүүн хойд зүгт 300 км зайтай оршино. ,It is located 300 km northwest of the Ulaanbaatar city.,https://www.dropbox.com/scl/fi/9c7muwuhwv2pkx4rnb76s/1.jpg?rlkey=x9hb1lw21yhioo6wf0q367ikn&raw=1,여루 온천,イェルー温泉,耶鲁温泉,Горячие источники Йероо,울란바토르시에서 북서쪽으로 300km 떨어진 곳에 위치해 있다.,ウランバートル市の北西300kmに位置する。,位于乌兰巴托市西北300公里处。,Он расположен в 300 км к северо-западу от города Улан-Батора.
373,1,Байгалийн үзэсгэлэнт газар,Шарын цагаан нуур,Sharyn Tsagaan Lake,Сэлэнгэ ,Selenge,Жавхлант,Javkhlant,49.65105,106.04493,Жавхлант сумын төвөөс баруун өмнө зүгт 22 км зайтай оршино.,It is located 22 km southwest of the center of Javkhlant soum.,https://www.dropbox.com/scl/fi/krxyio7hri57yu0bbgu5e/1.jpg?rlkey=pzcqz51sj6x6tdhxbaeuu3e21&raw=1,샤린 차강 호수,シャリン・ツァガーン湖,莎琳·察干湖,Озеро Шарин Цагаан,Javkhlant soum 중심에서 남서쪽으로 22km 떨어져 있습니다.,ジャヴクラント・スームの中心部から南西に22kmに位置しています。,它位于贾夫赫兰特苏姆中心西南22公里处。,Расположен в 22 км к юго-западу от центра сомона Джавхлант.
374,1,Байгалийн үзэсгэлэнт газар,Ноён уул (1759м),Noyon Mountain (1759m),Сэлэнгэ ,Selenge,Мандал,Mandal,48.66931,106.58813,Төрийн тахилгат уул,State sacred mountain,https://www.dropbox.com/scl/fi/hl67aksw6hi5ri3zlqww0/.jpg?rlkey=jrj8r2vn8rffgp82yxg5ev28t&raw=1,노용산,ノヨン山,诺永山,Гора Нойон,국가 신성한 산,国家霊山,国家圣山,Государственная священная гора
375,1,Байгалийн үзэсгэлэнт газар,Жирэмийн цагаан нуур Төв,Jiremiin Tsagaa Lake,Төв,Tuv,Аргалант,Argalant,47.93282,106.087671,Аргалант сумын төвөөс баруун зүгт 15 км зайтай оршино.,It is located 15 km west of the center of Argalant soum.,https://www.dropbox.com/scl/fi/3aiwa265sauopw1ff63te/.jpg?rlkey=an05pm7yj5vxdao7yrmi4apva&raw=1,지르민 차가 호수,ジルミン・ツァガー湖,吉尔明·察加湖,Озеро Джирмин цагаан,Argalant soum 중심에서 서쪽으로 15km 떨어져 있습니다.,アルガラント スームの中心部から西​​に 15 km に位置します。,它位于Argalant soum中心以西15公里处。,Расположен в 15 км к западу от центра сомона Аргалант.
376,3,Шашны дурсгалт газар,Аглаг бүтээлийн хийд,Aglag Buteel Monastery,Төв,Tuv,Борнуур,Bornuur,48.45009,106.12307,"УБ хотоос баруун хойш 99 км,  Борнуур сумын Нарт багийн “Далын ам” хэмээх газарт оршдог. Тус ам байгаа уулыг Гарьд хэмээнэ.Үндэслэн байгуулагч нь ард олноо “бурханч лам” хэмээн алдаршсан Г.Пүрэвбат бөгөөд энэхүү сүмийг “Өлзийг бадруулагч хийд орон” болно хэмээсэн байдаг.","It is located 99 km northwest of UB city, in the Nart Bag of Bornuur soum, in a place called “Dalyn am”. The mountain where the mouth is located is called Gard. The founder was G. Purevbat, who was popularly known as “Burkhanch Lama”, and this temple was said to be “a monastery that will bring forth the harvest”.",https://www.dropbox.com/scl/fi/di4riwayihszdfjfdohlv/Aglag.jpg?rlkey=1nyje82qyf3suhsy7ax00uezi&raw=1,아글라그 부틸 수도원,アグラッグ ブティール修道院,阿格拉布提尔修道院,Монастырь Аглаг Бутил,"UB 시에서 북서쪽으로 99km 떨어진 Bornuur soum의 Nart Bag에 있는 ""Dalyn am""이라는 곳에 위치해 있습니다. 입이 있는 산을 가르드(Gard)라고 한다. 창시자는 '부르한치 라마'로 널리 알려진 G. 푸레바트(G. Purevbat)였으며, 이 사원은 '추수를 가져올 수도원'이라고 전해진다.",それはUB市の北西99km、ボルヌール・スムのナルト・バッグの「ダリン・アム」と呼ばれる場所にあります。口のある山はガルドと呼ばれます。開祖は「ブルカンチ・ラマ」の名で知られるG・プレブバットで、この寺院は「実りをもたらす僧院」と言われていた。,它位于UB市西北99公里处，博尔努尔苏姆的纳尔特巴格内，一个叫“Dalyn am”的地方。河口所在的山叫加尔。创始人是G. Purevbat，俗称“布尔坎奇喇嘛”，这座寺庙被称为“一座会带来丰收的寺院”。,"Расположен в 99 км к северо-западу от города УБ, в Нартском мешке сомуна Борнуур, в местечке под названием «Далин ам». Гора, где находится устье, называется Гард. Основателем был Г. Пуревбат, известный в народе как «Бурханч-лама», а этот храм назывался «монастырем, который принесет урожай»."
377,1,Байгалийн үзэсгэлэнт газар,Алтан-Өлгий хайрхан (2656м),Altan-Ulgii Khairkhan Mountain,Төв,Tuv,Эрдэнэ,Erdene,48.30995,107.66524,Далайн түвшнээс дээш 2655 метр өндөр өргөгдсөн Алтан-Өлгий уул нь Хэнтийн нурууны өндөр оргилын нэг юм. Улаанбаатар хотоос зүүн хойд зүгт 75 км зайтай оршино.,"Altan-Ulgii Mountain, rising 2,655 meters above sea level, is one of the highest peaks in the Khentii Mountains. It is located 75 km northeast of Ulaanbaatar.",https://www.dropbox.com/scl/fi/idhgth9dz6wxhmlgx5lk7/.jpg?rlkey=mo03inhci661nnblpl1a4mrda&raw=1,알탄-울기 카이르칸 산,アルタン・ウルギー・ハイルカン山,阿尔坦-乌尔盖凯尔汗山,Гора Алтан-Улгий Хайрхан,"해발 2,655m의 알탄울기산(Altan-Ulgii Mountain)은 켄티산맥(Khentii Mountains)에서 가장 높은 봉우리 중 하나입니다. 울란바토르에서 북동쪽으로 75km 떨어져 있다.","標高 2,655 メートルのアルタン ウルギ山は、ヘンティ山脈の最高峰の 1 つです。ウランバートルの北東75キロに位置する。","阿尔坦乌尔盖山海拔 2,655 米，是肯特山脉的最高峰之一。它位于乌兰巴托东北75公里处。","Гора Алтан-Улгий, возвышающаяся на 2655 метров над уровнем моря, является одной из самых высоких вершин Хэнтийских гор. Он расположен в 75 км к северо-востоку от Улан-Батора."
378,1,Байгалийн үзэсгэлэнт газар,Асралт хайрхан (2799м),Asralt Khairkhan Mountain,Төв,Tuv,Эрдэнэ,Erdene,48.46565,107.41264,Далайн түвшнээс дээш 2799 метр өндөр өргөгдсөн Асралт хайрхан уул нь Хэнтийн нурууны ноён оргил юм. Улаанбаатар хотоос хойд зүгт 80 орчим км зайтай оршино.,"Asralt Khairkhan Mountain, rising 2,799 meters above sea level, is the highest peak in the Khentii Mountains. It is located about 80 kilometers north of Ulaanbaatar.",https://www.dropbox.com/scl/fi/fhnxrj2xlkl1nzrwklh9m/.jpg?rlkey=qne5kks98mhp8dn44d9t1qrg6&raw=1,아스랄트 카이르칸 산,アスラルト・ハイルカン山,阿斯拉尔特凯尔汗山,Гора Асралт Хайрхан,"아스랄트 카이르칸 산(Asralt Khairkhan Mountain)은 해발 2,799m로 켄티 산맥에서 가장 높은 봉우리입니다. 울란바토르에서 북쪽으로 약 80km 떨어져 있다.","標高 2,799 メートルのアスラルト ヘアカン山は、ヘンティ山脈の最高峰です。ウランバートルの北約80キロに位置する。","阿斯拉尔特凯尔汗山 (Asralt Khairkhan Mountain) 海拔 2,799 米，是肯特山脉的最高峰。它位于乌兰巴托以北约80公里处。","Гора Асралт Хайрхан, возвышающаяся на 2799 метров над уровнем моря, является самой высокой вершиной Хентийских гор. Он расположен примерно в 80 километрах к северу от Улан-Батора."
379,1,Байгалийн үзэсгэлэнт газар,Хэрхлүүрийн сарьдаг (2667м),Kherkhluuriin Saridag Mountain,Төв,Tuv,Эрдэнэ,Erdene,48.54341,108.06269,"Хэрхлүүрийн сарьдаг нь ой хөвч, өндөр цавчим ханан хад, уулсын дунд байрлах гурван холбоо нуур бүхий үзэсгэлэнт газар ю","Herkhluuriyin Saridag is a beautiful place with dense forests, high cliffs, and three interconnected lakes nestled among the mountains.",https://www.dropbox.com/scl/fi/ckbih71zxu9is8l95bx93/.jpg?rlkey=x9e1p632nwdmdiih67rjvh1ys&raw=1,케르클루린 사리다그 산,ケルフルリン サリダグ山,克尔赫卢里因萨里达格山,Гора Херхлуурин Саридаг,"헤르클루우리인 사리다그(Herkhluuriyin Saridag)는 울창한 숲, 높은 절벽, 산 사이에 자리잡은 세 개의 서로 연결된 호수가 있는 아름다운 곳입니다.",ヘルクルウリイン サリダグは、うっそうとした森、高い崖、山々に囲まれた相互につながった 3 つの湖がある美しい場所です。,Herkhluuriyin Saridag 是一个美丽的地方，这里有茂密的森林、高耸的悬崖和三个相互连通的湖泊，坐落在群山之中。,"Херхлууриин Саридаг — красивое место с густыми лесами, высокими скалами и тремя соединенными между собой озерами, расположенными среди гор."
380,1,Байгалийн үзэсгэлэнт газар,Болорын агуй,Crystal Cave,Төв,Tuv,Эрдэнэ,Erdene,48.14336,107.77616,Ашиглаж байсан болорын уурхай.,A used crystal mine.,https://www.dropbox.com/scl/fi/21z5eaf4eoh439rp8itng/.jpg?rlkey=0dqo2sq8dqwu4jucnfeiyqkmz&raw=1,크리스탈 동굴,クリスタルケーブ,水晶洞,Хрустальная пещера,중고 수정광산.,使用済みの水晶鉱山。,一个用过的水晶矿。,Использованная хрустальная шахта.
381,6,Рашаан сувилал,Гутайн рашаан, Gutain Spa Resort,Төв,Tuv,Эрдэнэ,Erdene,48.19397,107.98507,Эрдэнэ сумын төвөөс зүүн хойд зүгт 68 км зайтай оршино.,It is located 68 km northeast of the center of Erdene soum.,https://www.dropbox.com/scl/fi/ajofjwfcvrbxog7a0uv0o/.jpg?rlkey=ipesujdsucct3n6c5skwohohe&raw=1,구테인 스프링스,グーティン スプリングス,古坦泉,Гутай-Спрингс,Erdene soum 중심에서 북동쪽으로 68km 떨어져 있습니다.,エルデネ ソムの中心部から北東 68 km に位置します。,它位于额尔登苏姆中心东北68公里处。,Расположен в 68 км к северо-востоку от центра сомона Эрдэнэ.
382,1,Байгалийн үзэсгэлэнт газар,Бөөрөлжүүт нуур,Buuruljuut Lake,Төв,Tuv,Архуст,Arhust,47.36685,108.06938,Архуст сумын төвөөс зүүн өмнө зүгт 25 км зайтай оршино.,It is located 25 km southeast of the center of Arkhust soum.,https://www.dropbox.com/scl/fi/q23x33aaa3ba9vs3onmld/.jpg?rlkey=d4ur4p2fm7rjtb7teuzh8s3fn&raw=1,부룰류트 호수,ブウルルジュト湖,布鲁尤特湖,Озеро Буурулжют,Arkhust soum 중심에서 남동쪽으로 25km 떨어져 있습니다.,アルクスト・スームの中心部から南東25kmに位置する。,它位于阿克胡斯特苏姆市中心东南25公里处。,Расположен в 25 км к юго-востоку от центра сомона Архуст.
383,2,Түүхийн дурсгалт газар,Гүнжийн сүм,Princess's Temple,Төв,Tuv,Эрдэнэ,Erdene,48.183609,107.555606,Тэрэлжээс хойд зүгт 40 орчим км зайтай оршино.,It is located about 40 km north of Terelj.,https://www.dropbox.com/scl/fi/7f78pwb5basftcpxjvdde/Gunjiinsum.jpg?rlkey=aefzpv92nqzl0ym05adw9mv6s&raw=1,공주의 사원,王女の寺院,公主神殿,Храм Принцессы,테렐지에서 북쪽으로 약 40km 떨어져 있습니다.,テレルジの北約40kmに位置する。,它位于特日勒吉以北约40公里处。,Он расположен примерно в 40 км к северу от Тэреля.
384,1,Байгалийн үзэсгэлэнт газар,Дугана хад,Dugana Khad Rock ,Төв,Tuv,Борнуур,Bornuur,48.48093,106.0682,Борнуур сумын төвөөс баруун зүгт 14 км зайтай оршино.,It is located 14 km west of the center of Bornuur soum.,https://www.dropbox.com/scl/fi/1vk0dkiqpxztkp05ywjxf/.jpg?rlkey=ue3mtesd1820umfz2c7zcrz1d&raw=1,두가나 록,ドゥガナロック,杜加纳岩,Дугана Рок,Bornuur soum 중심에서 서쪽으로 14km 떨어져 있습니다.,ボルヌール スームの中心部から西​​に 14 km に位置します。,它位于博尔努尔苏姆中心以西14公里处。,Он расположен в 14 км к западу от центра сума Борнуур.
385,1,Байгалийн үзэсгэлэнт газар,Мандал толгой (1225м),Mandal Mountain (1225m),Төв,Tuv,Батсүмбэр,Batsumber,48.39306,106.77928,Батсүмбэр сумын төвөөс зүүн хойд зүгт 3.5 км зайтай оршино.,It is located 3.5 km northeast of the center of batsumber soum.,https://www.dropbox.com/scl/fi/3s0smto2wx1usxb80f7g1/.jpg?rlkey=anr6w5w81afdvt23vwa50tqpw&raw=1,만달산,マンダル山,曼达尔山,Гора Мандал,배섬버솜 중심에서 북동쪽으로 3.5km 떨어진 곳에 위치해 있다.,バツムベル・ソムの中心部から北東 3.5 km に位置します。,它位于巴森伯苏姆中心东北3.5公里处。,"Он расположен в 3,5 км к северо-востоку от центра сума Бацумбер."
386,1,Байгалийн үзэсгэлэнт газар,Өлзийт нуур,Ulziit Lake,Төв,Tuv,Баянцагаан,Bayantsagaan,46.96962,106.8806,Баянцагаан сумын төвөөс баруун хойд зүгт 34 км зайтай оршино.,It is located 34 km northwest of the center of Bayantsagaan soum.,https://www.dropbox.com/scl/fi/fk8rpmwnn0x4af7gnu57a/.jpg?rlkey=wykjevovbzq0xzpkciuglqyoo&raw=1,울지트 호수,ウルジート湖,乌尔济特湖,Озеро Ульзиит,Bayantsagaan Soum 중심에서 북서쪽으로 34km 떨어져 있습니다.,バヤンサガーン・ソムの中心部から北西に 34 km に位置します。,它位于Bayantsagaan Soum中心西北34公里处。,Он расположен в 34 км к северо-западу от центра сума Баянцагаан.
387,1,Байгалийн үзэсгэлэнт газар,Сөгнөгөр Хүрхрээ голын бэлчир,Sognoghur Khurkhree River Delta,Төв,Tuv,Батсүмбэр,Batsumber,48.4689,107.1209,Батсүмбэр сумын төвөөс зүүн хойд зүгт 32 км зайтай оршино.,It is located 32 km northeast of the center of Batsumber soum.,https://www.dropbox.com/scl/fi/2qkkp7avplghtn8tf538o/.jpg?rlkey=b2gj2j1l6o3eqiz7udibriray&raw=1,소그노구르 쿠르크리 강 삼각주,ソグノグル・クルクリ川デルタ,索格诺古尔·库尔赫里河三角洲,Дельта реки Согногур-Хуркхри,Batsumber soum 중심에서 북동쪽으로 32km 떨어져 있습니다.,バツムベル・ソムの中心部から北東 32 km に位置しています。,它位于巴森伯苏姆中心东北32公里处。,Он расположен в 32 км к северо-востоку от центра сума Бацумбер.
388,1,Байгалийн үзэсгэлэнт газар,Сөгнөгөр авирах хад,Sognogor Climbing Rock,Төв,Tuv,Батсүмбэр,Batsumber,48.33603,106.88695,Батсүмбэр сумын төвөөс зүүн зүгт 12 км зайтай Баян голын хойд эрэг дээр оршино.,"It is located on the north bank of the Bayan Gol River, 12 km east of the center of Batsumber soum.",https://www.dropbox.com/scl/fi/bsnpkmhgii72v95jewcet/.jpg?rlkey=lam5zm7lne4zxffnw760lphrg&raw=1,소그노고르 암벽 등반,ソグノゴールのクライミングロック,索格诺戈尔攀岩,Скалолазание Согногор,Batsumber soum 중심에서 동쪽으로 12km 떨어진 Bayan Gol 강의 북쪽 기슭에 위치하고 있습니다.,バヤンゴル川の北岸、バツムベル ソムの中心部から東に 12 km に位置しています。,它位于巴彦郭勒河北岸，距巴森布尔苏姆中心以东12公里。,"Он расположен на северном берегу реки Баян-Гол, в 12 км к востоку от центра сума Бацумбер."
389,1,Байгалийн үзэсгэлэнт газар,Төхөмийн нуур,Tukhum Lake,Төв,Tuv,Бүрэн,Buren,46.908,104.989,Төхөмийн нуурын зүүн эрэгт Бүрэн сумын төв оршино.,The center of Buren soum is located on the eastern shore of Lake Tokhomi.,https://www.dropbox.com/scl/fi/gsl0odma8z2qioq7s843g/.jpg?rlkey=92a21ia95jl5h27ix07j65s5u&raw=1,투쿰 호수,トゥクム湖,图胡姆湖,Озеро Тухум,부렌솜(Buren soum)의 중심지는 도호미호(Lake Tokhomi) 동쪽 기슭에 위치해 있습니다.,ビューレン ソムの中心部はトホミ湖の東岸にあります。,Error 500 (Server Error)!!1500.That’s an error.There was an error. Please try again later.That’s all we know.,Центр сомона Бурен расположен на восточном берегу озера Тохоми.
390,1,Байгалийн үзэсгэлэнт газар,Хагийн хар нуур,Khagiin Khar Lake,Төв,Tuv,Эрдэнэ,Erdene,48.41246,107.91334,Улаанбаатар хотын Налайх дүүргээс зүүн хойд зүгт 118 км зайтай оршино.,"It is located 118 km northeast of Nalaikh District, Ulaanbaatar City.",https://www.dropbox.com/scl/fi/ypa82x9fz0ydxu1y4nyh1/.jpg?rlkey=3z620pp39cq7wj0xko7mu3ujg&raw=1,카긴 카르 호수,カギン・カール湖,卡吉因卡尔湖,Озеро Хагиин Хар,울란바토르시는 Nalaikh District에서 북동쪽으로 118km 떨어져 있습니다.,ウランバートル市はナライク地区の北東 118 km に位置します。,位于乌兰巴托市纳来赫区东北118公里处。,Он расположен в 118 км к северо-востоку от Налайхского района города Улан-Батор.
391,1,Байгалийн үзэсгэлэнт газар,Хустайн нуруу,Khustain Nuruu,Төв,Tuv,Алтанбулаг,Altanbulag,47.658,105.893,Алтанбулаг сумын төвөөс баруун зүгт 46 км зайтай оршино.,It is located 46 km west of the center of Altanbulag soum.,https://www.dropbox.com/scl/fi/xetl9y693495yh2a2q7r6/Khustai.jpg?rlkey=892lqz0z1irodl4spq15lz4eq&raw=1,쿠스테인 누루,クステイン・ヌルー,库斯坦·努鲁,Хустейн Нуруу,Altanbulag soum 중심에서 서쪽으로 46km 떨어져 있습니다.,アルタンブラグ・スムの中心部から西​​に46kmに位置しています。,它位于Altanbulag soum中心以西46公里。,Он расположен в 46 км к западу от центра сума Алтанбулаг.
392,1,Байгалийн үзэсгэлэнт газар,Хустайн урд даваа,Khustai South Pass,Төв,Tuv,Алтанбулаг,Altanbulag,47.677,105.875,Алтанбулаг сумын төвөөс баруун зүгт 60 км зайтай оршино.,It is located 60 km west of the center of Altanbulag soum.,,쿠스타이 남쪽 고개,クスタイ南峠,库斯泰南隘口,Южный перевал Хустай,Altanbulag soum 중심에서 서쪽으로 60km 떨어져 있습니다.,アルタンブラグ・スムの中心部から西​​に60kmに位置しています。,它位于Altanbulag soum中心以西60公里。,Он расположен в 60 км к западу от центра сума Алтанбулаг.
393,2,Түүхийн дурсгалт газар,Цогтын хадны бичиг,The Tsogt Rock Writing,Төв,Tuv,Дэлгэрхаан,Delgerkhaan,46.42382,104.69318,Дэлгэрхаан сумын төвөөс зүүн өмнө зүгт 26 км зайтай оршино.,It is located 26 km southeast of the center of Delgerkhaan soum.,https://www.dropbox.com/scl/fi/vl409p8zqccytwk9zqpqx/.jpg?rlkey=tn7k60zpysj2bsjdb2flgyyl9&raw=1,초그트 암각문,ツォグトの岩碑文,措格特岩石铭文,Наскальная живопись Цогта,Delgerkhan Soum에서 남동쪽으로 26km 떨어져 있습니다.,デルゲルハン・ソウムの南東26kmに位置します。,它位于Delgerkhan Soum东南26公里处。,Он расположен в 26 км к юго-востоку от Дельгерхан-сума.
394,2,Түүхийн дурсгалт газар,Ээж хад,Mother rock,Төв,Tuv,Сэргэлэн,Sergelen,47.31241,106.97718,Сэргэлэ сумын төвөөс өмнө зүгт 42 км зайтай оршино.,It is located 42 km south of the center of Sergele soum.,https://www.dropbox.com/scl/fi/zjr9nz2e45n6tnebjf9x4/.jpg?rlkey=xfhlyfvoizp346j7sy9blbxsp&raw=1,어머니 바위,母なる岩,母岩,Мать-скала,Sergele soum 중심에서 남쪽으로 42km 떨어져 있습니다.,セルゲレ・スムの中心部から南に42kmに位置しています。,它位于Sergele soum中心以南42公里处。,Он расположен в 42 км к югу от центра сума Сергеле.
395,1,Байгалийн үзэсгэлэнт газар,Заан тэрэлжийн бэлчир,Delta of the Zaan-Terelzh River,Төв ,Tuv,Эрдэнэ,Erdene,48.18067,107.26353,Төв аймгийн Эрдэнэ сумын нутагт Заан гол Тэрэлжийн голд цутгах хэсэг юм.,"The Zaan River flows into the Terelj River in Erdene soum, Tuv aimag.",https://www.dropbox.com/scl/fi/aq26nt3ax516usfa1m9us/.jpg?rlkey=q4se4qd8jjzwodihjnq4a5v43&raw=1,자안-테렐즈 강 삼각주,ザーン・テレルジ川デルタ,赞安-特勒日河三角洲,Дельта реки Заан-Терелжи,Zaan 강은 Tuv aimag의 Erdene soum에 있는 Terelj 강으로 흘러 들어갑니다.,ザーン川はトゥヴ・アイマグ州エルデネ・ソムでテレルジ川に流れ込みます。,扎安河在图乌省额尔登苏姆注入特日勒吉河。,Река Заан впадает в реку Тэрэлж в сомоне Эрдэнэ Тувского аймака.
396,1,Байгалийн үзэсгэлэнт газар,Естийн халуун рашаан,Estiin Hot Mineral Water,Төв,Tuv,Эрдэнэ,Erdene,48.60221,107.84176,Улаанбаатар хотоос зүүн хойд зүгт 125 км зайтай оршино. ,It is located 125 km northeast of Ulaanbaatar.,https://www.dropbox.com/scl/fi/mddefw0h85jpx32pp1ass/.jpg?rlkey=vgzxxiwkmnrzy5hakryn8e9dk&raw=1,에스티인 온천수,エスティン温泉水,埃斯蒂因温泉水,Горячая минеральная вода Estiin,울란바토르에서 북동쪽으로 125km 떨어져 있다.,ウランバートルの北東125kmに位置する。,它位于乌兰巴托东北125公里处。,Он расположен в 125 км к северо-востоку от Улан-Батора.
397,1,Байгалийн үзэсгэлэнт газар,Зоргол хайрхан уул (1668м),Zorgol Khairkhan Mountain (1668m),Төв ,Tuv,Баян-Өнжүүл,Bayan-Onjuul,46.92353,105.87782,"Улаанбаатараас 145 километр, Дундговь аймгийн Эрдэнэдалай сумын төвөөс 138 километр зайтай. Зүүн талаас нь харахад дээрээ угалзтай  юм шиг, урд талаас нь харахад суварга юм шиг харагддаг. Цул боржин чулуун хайрхан бөгөөд далайн төвшнөөс дээш 1668 метр өндөр. Хайрханы бараа харагдах газраас нэрийг нь хэлдэггүй. Эмэгтэй хүн оройд нь гардаггүй. Хайрханы баруун суган доор рашаан булаг урсдаг. Хайрханы урд талд яг ширээ шиг хэлбэртэй хад байгаа. Хажууд нь нэг ургаа мод байдаг бөгөөд сүүдрэвчийн үүрэг гүйцэтгэж өгдөг.","It is 145 kilometers from Ulaanbaatar and 138 kilometers from the center of Erdenedalai soum, Dundgovi aimag. When viewed from the east, it looks like a spire, and when viewed from the south, it looks like a stupa. It is a monolithic granite khairkhan and is 1668 meters above sea level. The name of Khairkhan is not known from where it is visible. Women do not climb to its top. A spring flows under the right arm of Khairkhan. In front of Khairkhan is a rock shaped like a table. There is a single tree next to it, which acts as a shade tree.",https://www.dropbox.com/scl/fi/4wa4l0wmqcjjqzywl68v3/.jpg?rlkey=i4f9lhtxa64ktfs9gomfvpwxz&raw=1,조르골 카이르칸 산,ゾルゴル・ハイルハン山,佐戈尔凯尔汗山,Гора Зоргол Хайрхан,"울란바토르에서 145km, Dundgovi aimag의 Erdenedalai soum 중심에서 138km 떨어져 있습니다. 동쪽에서 보면 첨탑처럼 보이고, 남쪽에서 보면 스투파처럼 보입니다. 그것은 모놀리식 화강암 카이르칸이며 해발 1668m입니다. Khairkhan의 이름은 보이는 곳에서 알 수 없습니다. 여자들은 정상에 오르지 않습니다. 카이르칸의 오른팔 아래에는 샘이 흐르고 있다. 카이르칸 앞에는 탁자 모양의 바위가 있다. 그 옆에는 그늘나무 역할을 하는 나무 한 그루가 있습니다.",ウランバートルからは 145 キロ、エルデネダライ ソムの中心部であるドゥンドゴビ アイマグからは 138 キロです。東から見ると尖塔、南から見ると仏塔のように見えます。一枚岩の花崗岩のハイルカンで、標高は 1668 メートルです。ハイルカーンの名前は、どこから見えるかは不明です。女性はその頂上には登れません。ハイルカーンの右腕の下には泉が流れている。ハイルカーンの前にはテーブルのような形をした岩があります。隣には日よけの木が一本あります。,距乌兰巴托145公里，距东戈壁省额尔德内达莱苏姆中心138公里。从东面看去，它像一个尖塔，从南面看去，它像一座佛塔。它是一块整体花岗岩 khairkhan，海拔 1668 米。凯尔汗（Khairkhan）的名字不知道从哪里可见。女人是爬不到顶峰的。凯尔汗的右臂下流淌着一股泉水。 Khairkhan 前面有一块形状像桌子的岩石。旁边有一棵树，可以充当遮荫树。,"Он находится в 145 километрах от Улан-Батора и в 138 километрах от центра сомона Эрдэнедалай аймака Дундгови. Если смотреть с востока, он выглядит как шпиль, а если смотреть с юга, то как ступу. Это монолитный гранитный хайрхан, расположенный на высоте 1668 метров над уровнем моря. Имя Хайрхана неизвестно, откуда оно видно. Женщины не поднимаются на его вершину. Под правой рукой Хайрхана течет родник. Перед Хайрханом находится скала в форме стола. Рядом с ним растет единственное дерево, которое действует как тенистое дерево."
398,1,Байгалийн үзэсгэлэнт газар,Тоомт агуй,Toomt Cave,Төв ,Tuv,Баян-Өнжүүл,Bayan-Onjuul,46.91307,105.85989,Баян-Өнжүүл сумын төвөөс баруун хойд зүгт 8 км зайтай оршино.,It is located 8 km northwest of the center of Bayan-Onjul soum.,https://www.dropbox.com/scl/fi/jcp16oxb28clbufolutdk/.jpg?rlkey=169733ulkq9auzkamrgklbpht&raw=1,툼트 동굴,トゥームト洞窟,图姆特洞穴,Пещера Тоомт,바얀온줄솜 중심에서 북서쪽으로 8km 떨어진 곳에 위치해 있다.,バヤン・オンジュル・ソムの中心部から北西8kmに位置しています。,它位于Bayan-Onjul soum中心西北8公里处。,Расположен в 8 км к северо-западу от центра сума Баян-Онжул.
399,1,Байгалийн үзэсгэлэнт газар,Цайдам нуур Төв,Lake Tsaidam Tuv,Төв,Tuv,Заамар,Zaamar,48.23447,104.97719,"Заамар, Цээл сумдын нутгийн заагт Заамар сумын төвөөс зүүн зүгт 18 км зайтай оршино.","It is located 18 km east of the center of Zaamar soum, on the border of Zaamar and Tseel soums. ",https://www.dropbox.com/scl/fi/d83t6ppeov9fa1duhmcr0/.jpg?rlkey=zcrqolquif8v24ox95z44vti1&raw=1,차이담 호수,ツァイダム湖,柴达木湖,Озеро Цайдам,Zaamar soum과 Tseel soum의 경계에 있는 Zaamar soum 중심에서 동쪽으로 18km 떨어져 있습니다.,ザーマル スームの中心部から東 18 km、ザーマル スームとツェール スームの境界に位置します。,它位于Zaamar soum中心以东18公里处，位于Zaamar和Tseel soums的边界。,"Он расположен в 18 км к востоку от центра сума Заамар, на границе сумов Заамар и Цил."
400,2,Түүхийн дурсгалт газар,Цагаан дэнж,Tagaan Denj,Төв,Tuv,Лүн,Lun,47.9643,104.6515,Заамар сумын төвөөс баруун өмнө зүгт 30 км зайтай оршино.,It is located 30 km southwest of the center of Zaamar soum.,https://www.dropbox.com/scl/fi/1zt4p3ef4v2xrjj0pcce0/.jpg?rlkey=pa5xqszhxdvsw05mg2jxvipsg&raw=1,차강 덴지,ツァガーン・デンジ,察干丹吉,Цагаан Дендж,자마르 숨(Zaamar soum) 중심에서 남서쪽으로 30km 떨어진 곳에 위치해 있습니다.,ザーマル・スームの中心部から南西30kmに位置する。,它位于扎马尔苏姆中心西南30公里处。,Он расположен в 30 км к юго-западу от центра сума Заамар.
401,2,Түүхийн дурсгалт газар,Хэрмэн дэнж,Khermen Denj,Төв,Tuv,Заамар,Zaamar,47.97738,104.66879,Заамар сумын төвөөс баруун өмнө зүгт 30 км зайтай оршино.,It is located 28 km southwest of the center of Zaamar soum.,https://www.dropbox.com/scl/fi/qcb5equlpes3hs5ygmhht/.jpg?rlkey=xb35sxwk5w8tksrbjvdk3od18&raw=1,케르멘 덴지,ケルメン・デンジ,赫尔门·登杰,Хермен Дендж,자마르 숨(Zaamar soum) 중심에서 남서쪽으로 28km 떨어져 있습니다.,ザーマル・スームの中心部から南西28kmに位置しています。,它位于扎马尔苏姆市中心西南28公里处。,Он расположен в 28 км к юго-западу от центра сума Заамар.
402,1,Байгалийн үзэсгэлэнт газар,Агар тагийн агуй,Agar Tag Cave,Увс,Uvs,Өндөрхангай,Undurkhangai,49.20080111,94.91531,Өлгий сумын төвөөс зүүн өмнө зүгт 12 км зайтай оршино.,It is located 12 km southeast of the center of Ulgii soum.,,한천 태그 동굴,寒天タグの洞窟,琼脂标签洞,Пещера Агар-Таг,울기솜 중심에서 남동쪽으로 12km 떨어진 곳에 위치해 있다.,ウルギー・ソムの中心部から南東12kmに位置しています。,它位于乌尔盖苏姆中心东南12公里处。,Расположен в 12 км к юго-востоку от центра сума Улгий.
403,1,Байгалийн үзэсгэлэнт газар,Айраг нуур, Lake Airag,Увс,Uvs,Завхан,Zavkhan,48.86504,93.43389,"Их нууруудын хотгорт орших цэнгэг уст, далайн түвшингээс 1030 м өндөрт байдаг нуур. Хяргас нуураас 5 км зайд нэг сав газарт багтдаг.","A freshwater lake located in the Great Lakes Basin, 1030 m above sea level. It is located 5 km from Lake Khyargas in the same basin.",https://www.dropbox.com/scl/fi/bzuulk0pdiug9s6y8gdsh/.jpg?rlkey=3qlz8kuezthx1ze9o3y5c50um&raw=1,아이락 호수,アイラグ湖,艾拉格湖,Озеро Айраг,해발 1030m 오대호 유역에 위치한 담수호입니다. 같은 유역의 Khyargas 호수에서 5km 떨어져 있습니다.,五大湖盆地にある標高1030mの淡水湖。同じ流域のヘアルガス湖から 5 km の場所にあります。,位于五大湖盆地的淡水湖，海拔1030米。它距同一盆地的凯尔加斯湖 5 公里。,"Пресноводное озеро, расположенное в бассейне Великих озер на высоте 1030 м над уровнем моря. Оно расположено в 5 км от озера Хьяргас в том же бассейне."
404,1,Байгалийн үзэсгэлэнт газар,Алтан элс,Golden Sand,Увс,Uvs,Баруунтуруун,Baruunturuun,49.87059,94.98859,"Увс нуурын хотгорын зүүн хэсэгт орших Бөөрөг дэл элсний зүүн хэсэгт Баруунтуруун сумын нутагт Алтан элс оршдог. Элсний нийт талбай нь 177.5 мянган га. Элсэн доороос эх аван урсдаг цэнгэг устай гол горхи, булаг шанд, баян бүрдүүд болон элсний нүүлт зэрэг гадны нөлөөнд автахгүйгээр орших элсэн манхан юм.","In the eastern part of the Uvs Nuur depression, in the eastern part of the Būrūg del els, in the territory of Baruunturuun soum, lies Altan els. The total area of ​​the sand is 177.5 thousand hectares. It is a sand dune that is not subject to external influences such as freshwater streams, springs, oasis, and sand drifts that originate from the sand.",https://www.dropbox.com/scl/fi/qiwihkh1dfghiq5vpb8s7/.jpg?rlkey=v38zlk5cpmd1ab4bxjupcmrvy&raw=1,황금빛 모래,黄金の砂,金沙,Золотой песок,"Uvs Nuur 우울증의 동쪽 부분, Būrūg del els의 동쪽 부분, Baruunturuun soum 영토에 Altan els가 있습니다. 모래의 총 면적은 177.5,000 헥타르입니다. 담수천, 샘, 오아시스, 모래에서 유래하는 모래표류 등 외부영향을 받지 않는 사구이다.",ウブス・ヌール窪地の東部、バルントゥルン・ソムの領土内のブルグ・デル・エルスの東部に、アルタン・エルスがあります。砂の総面積は177.5千ヘクタールです。淡水流、湧水、オアシス、砂を起源とする流砂などの外的影響を受けない砂丘です。,阿尔坦埃尔斯 (Altan els) 位于乌布苏努尔洼地东部、Būrūg del els 东部、Baruunturuun soum 境内。沙地总面积17.75万公顷。它是不受外界影响的沙丘，如源自沙子的淡水溪流、泉水、绿洲、流沙等。,"В восточной части котловины Увс-Нур, в восточной части Буруг-дель-Элс, на территории сомона Баруунтуруун, лежит Алтан-Элс. Общая площадь песков составляет 177,5 тыс. га. Это песчаная дюна, не подверженная внешним воздействиям, таким как пресноводные ручьи, родники, оазисы и песчаные наносы, берущие свое начало из песка."
405,1,Байгалийн үзэсгэлэнт газар,Ачит нуур,Lake Achit ,Увс,Uvs,Бөхмөрөн,Bukhmorun,49.50957,90.55178,Бөхмөрөн сумын төвөөс зүүн өмнө зүгт 25 зайтай оршино.,It is located 25 kilometers southeast of the center of Bukhmorun soum.,https://www.dropbox.com/scl/fi/o8tissngxcx9jrspuad9z/.jpg?rlkey=d95imcmcjc4empx15cnizjtrj&raw=1,아킷 호수,アシット湖,阿吉特湖,Озеро Ачит,Bukhmorun soum 중심에서 남동쪽으로 25km 떨어져 있습니다.,ブフモルン ソムの中心部から南東 25 キロメートルに位置します。,它位于布赫莫伦苏姆中心东南25公里处。,Он расположен в 25 километрах к юго-востоку от центра сума Бухморун.
406,1,Байгалийн үзэсгэлэнт газар,Баян нуур (Увс),Bayan Lake (Uvs),Увс,Uvs,Зүүнговь,Zuungovi,49.98684,93.98453,Зүүнговь сумын төвөөс зүүн хойд зүгт 10 км зайтай оршино.,It is located 10 km northeast of the center of Zuungobi soum.,https://www.dropbox.com/scl/fi/mm7eyfbx5fom4wzdhqi37/.jpg?rlkey=m0rd0frqoh1hjc1azposofv8w&raw=,바얀 호수,バヤン湖,巴彦湖,Озеро Баян,Zuungobi soum 중심에서 북동쪽으로 10km 떨어져 있습니다.,ズンゴビ・ソムの中心部から北東10kmに位置する。,它位于Zuungobi soum中心东北10公里处。,Он расположен в 10 км к северо-востоку от центра сума Зуунгоби.
407,1,Байгалийн үзэсгэлэнт газар,Гоожуурын хүрхрээ,Goojuur Waterfall,Увс,Uvs,Ховд,Khovd,49.44064,91.25133,Хархираа Түргэний уулсын баруун урд орших Олон нуурын уулсад оршино. Шивэрийн голын зүүн цутгал Гоожуурын голд 17 метр өндрөөс унадаг. Нутгийнхан Хүрэн Ханангийн хүрхрээ гэж нэрлэдэг.,"Kharkhiraa is located in the Olon Nuur Mountains, southwest of the Turgen Mountains. The left tributary of the Shiveri River falls from a height of 17 meters into the Goojuur River. Locals call it the Khuren Khanan Waterfall.",https://www.dropbox.com/scl/fi/xp30jbja2yulamff9bsys/.jpg?rlkey=shidd6dlfq6wtz4kvy8mwq6qe&raw=1,구주르 폭포,グジュール滝,古朱尔瀑布,Водопад Годжуур,카르키라(Kharkhiraa)는 투르겐 산맥(Turgen Mountains) 남서쪽의 올론 누르(Olon Nur) 산맥에 위치하고 있습니다. Shiveri 강의 왼쪽 지류는 17m 높이에서 Gojur 강으로 떨어집니다. 현지인들은 이곳을 쿠렌카난 폭포라고 부릅니다.,ハルキラーは、トゥルゲン山脈の南西、オロンヌール山脈に位置しています。シヴェリ川の左支流は 17 メートルの高さからゴジュル川に流れ込みます。地元の人々はそれをクーレン・カナン滝と呼んでいます。,哈尔希拉位于图尔根山脉西南部的奥隆诺尔山脉。 Shiveri河的左侧支流从17米高处注入Gojur河。当地人称之为库伦卡南瀑布。,"Хархираа расположен в горах Олон-Нур, к юго-западу от Тургеньских гор. Левый приток реки Шивери впадает с высоты 17 метров в реку Годжур. Местные жители называют его водопадом Хурен Ханан."
408,1,Байгалийн үзэсгэлэнт газар,Дуут нуур (Увс),Duut Lake (Uvs),Увс,Uvs,Бөхмөрөн,Bukhmorun,50.10712,90.16857,Бөхмөрөн сумын төвөөс хойд зүгт 58 км  зайтай улсын хил дээр оршино.,"It is located 58 km north of the center of Bukhmorun soum, on the state border.",https://www.dropbox.com/scl/fi/nzz6k582n5giopxunyrh1/.jpg?rlkey=mlupmnxxeoxf6r63u9izug9wy&raw=1,두트 호수,ダウト湖,杜特湖,Озеро Дуут,북모룬 소움(Bukhmorun soum) 중심에서 북쪽으로 58km 떨어진 주 경계에 위치해 있습니다.,ブフモルン スムの中心部から北に 58 km、州境に位置しています。,它位于布赫莫伦苏姆中心以北 58 公里处，处于国家边界。,"Расположен в 58 км к северу от центра сума Бухморун, на государственной границе."
409,1,Байгалийн үзэсгэлэнт газар,Өлгий нуур,Lake Ulgii ,Увс,Uvs,Өлгий,Olgii,48.90957,92.0906,Өлгий сумын төвөөс өмнө зүгт 13.5 км зайтай оршино.,It is located 13.5 km south of the center of Ulgii soum.,https://www.dropbox.com/scl/fi/z5ox242kqrauph8fmbket/.jpg?rlkey=ulbx58jc8h8aievo95ue6z28r&raw=1,울기 호수,ウルギー湖,乌尔盖湖,Озеро Улгий,울기솜 중심에서 남쪽으로 13.5km 떨어진 곳에 위치해 있다.,ウルギー・ソムの中心部から南に13.5kmに位置しています。,它位于乌尔盖苏姆中心以南13.5公里处。,"Он расположен в 13,5 км к югу от центра сума Улгий."
410,1,Байгалийн үзэсгэлэнт газар,Түргэний уул (3978м),Turgen Mountain (3978m),Увс,Uvs,Тариалан,Tarialan,49.69167,91.39901,"Үүрэг нуур нь Алтайн нурууны салбар Цагаан шувуут уул, Түргэний уулсын хооронд, Их нууруудын хотгорын баруун хойд хэсэгт оршдог.","Lake Urekh is located in the northwest of the Great Lakes Basin, between the Tsagaan Puyut Mountains and the Turgen Mountains, a branch of the Altai Mountains.",https://www.dropbox.com/scl/fi/2vh6br47t11ojq0uo1rbo/.jpg?rlkey=i234krark0ljbbt3rwl1w9fpr&raw=1,투르겐 산,トゥルゲン山,图尔根山,Тургеньская гора,"우레크 호수는 오대호 분지의 북서쪽, 차강 푸유트 산맥과 알타이 산맥의 한 분지인 투르겐 산맥 사이에 위치하고 있습니다.",ウレク湖は五大湖盆地の北西部、ツァガーン・プユット山脈とアルタイ山脈の支流であるトゥルゲン山脈の間に位置しています。,乌列克湖位于五大湖盆地西北部，查干普尤特山脉和阿尔泰山脉分支图尔根山脉之间。,"Озеро Урех расположено на северо-западе бассейна Великих озер, между горами Цагаан-Пуют и Тургеньскими горами, ответвлением Горного Алтая."
411,1,Байгалийн үзэсгэлэнт газар,Хархираа уул (4037м),Mountain Kharkhiraa (4037m),Увс,Uvs,Тариалан ,Tarialan,49.57064,91.38554,"Увс аймгийн Ховд, Тариалан сумын хилийн загт далайн түвшнээс 4037 метр өндөрт орших мөнх цаст уул.","A snow-capped mountain located at an altitude of 4,037 meters above sea level on the border of Khovd and Tarialan soums in Uvs aimag.",https://www.dropbox.com/scl/fi/yeo40ioj5u4hdqdxba69w/.jpg?rlkey=tsx5s18o48y5yt9wrpph54lfm&raw=1,카르히라 산,カルヒラ山,卡希拉山,Гора Хархираа,"Uvs aimag의 Khovd와 Tarialan soum의 경계에 있는 해발 4,037m의 고도에 위치한 눈 덮인 산입니다.","ウブス アイマグのホブド スームとタリアラン スームの境界にある標高 4,037 メートルの雪を頂いた山。",一座雪山，海拔4037米，位于乌布苏省科布多省和塔里亚兰苏姆斯边境。,"Заснеженная гора, расположенная на высоте 4037 метров над уровнем моря на границе сумов Ховд и Тариалан в Увсском аймаке."
412,1,Байгалийн үзэсгэлэнт газар,Увс нуур,Lake Uvs ,Увс,Uvs,Давст,Davst,50.39978,92.69028,Их нууруудын хотгорын хойд захад байх Монгол улсын хамгийн том нуур юм. Гүн нь 30м. Нуурын хойд үзүүр ОХУ-ын Бүгд Найрамдах Тува Улсын нутаг дэвсгэрт байна.,"It is the largest lake in Mongolia, located at the northern end of the Great Lakes Basin. Its depth is 30 m. The northern tip of the lake is in the territory of the Russian Republic of Tuva.",https://www.dropbox.com/scl/fi/fv7c8ity27ouzotdkzkii/.jpg?rlkey=w1f75ikfegsj8ss4llefltkq5&raw=1,우브스 호수,ウブス湖,乌布苏湖,Озеро Увс,오대호분지 북단에 위치한 몽골 최대의 호수이다. 깊이는 30m이다. 호수의 북쪽 끝은 러시아 투바 공화국 영토에 있습니다.,五大湖盆地の北端に位置するモンゴル最大の湖です。その深さは30メートルです。湖の北端はロシアのトゥヴァ共和国の領土にあります。,它是蒙古最大的湖泊，位于五大湖盆地的北端。其深度为30m。湖的北端位于俄罗斯图瓦共和国境内。,"Это самое большое озеро Монголии, расположенное в северной части бассейна Великих озер. Его глубина 30 м. Северная оконечность озера находится на территории Российской Республики Тыва."
413,1,Байгалийн үзэсгэлэнт газар,Үүрэг нуур,Lake Uureg ,Увс,Uvs,Сагил,Sagil,50.15267,91.00574,Далйн түвшнээс дээш 1425 метрийн өндөрт байх үзэсгэлэнт нуур,A beautiful lake at an altitude of 1425 meters above sea level,https://www.dropbox.com/scl/fi/513r24edynas2y5swgmch/.jpg?rlkey=1uqnt0lkd29u03r2atwz48o09&raw=1,우레그 호수,ウーレグ湖,乌雷格湖,Озеро Уурег,해발 1425m의 아름다운 호수,標高1425メートルにある美しい湖,海拔1425米的美丽湖泊,Красивое озеро на высоте 1425 метров над уровнем моря.
414,1,Байгалийн үзэсгэлэнт газар,Ханхөхийн байгалийн цогцолборт газар,Khankhokhi National Park,Увс,Uvs,Өндөрхангай,Undurkhangai,49.3917,94.71147,"Хан Хөхийн нуруу нь Хангайн нурууны баруун хойд залгаа болж, Увс аймгийн Зүүнхангай, Өндөрхангай, Цагаанхайрхан сумдын нутагт оршдог. Ноён оргил нь Алтан Дуулга бөгөөд далай түвшнээс дээш 2928","The Khan Khokhi Range is a northwestern extension of the Khangai Range and is located in the Zuunkhangai, Undurkhangai, and Tsagaankhairkhan soums of Uvs aimag. The highest peak is Altan Duulga, which is 2928 meters above sea level.",https://www.dropbox.com/scl/fi/wks0qzosffw5xi3a93p49/.jpg?rlkey=79vgdqmycea7t82betc4iqnx9&raw=1,칸코키 국립공원,ハンコキ国立公園,坎霍基国家公园,Национальный парк Ханхохи,"Khan Khokhi 산맥은 Uvs aimag의 Zuunkhangai, Undurkhangai 및 Tsagaankhairkhan soum에 위치하고 있습니다. 최고봉은 알탄두울가(Altan Duulga)로 해발 2928m이다.",カーンコーキ山脈は、ウブスアイマグのズンハンガイ、ウンドゥルハンガイ、ツァガーンハイルハン地域にあります。最高峰は標高2928メートルのアルタン・ドゥルガです。,Khan Khokhi Range 位于乌布苏省的 Zuunkhangai、Undurkhangai 和 Tsagaankhairkhan 苏姆。最高峰是Altan Duulga，海拔2928米。,"Хребет Хан-Хохи расположен на Зуунхангайском, Ундурхангайском и Цагаанхайрханском участках Убсийского аймака. Самая высокая вершина – Алтан Дуулга, высота которой составляет 2928 метров над уровнем моря."
415,1,Байгалийн үзэсгэлэнт газар,Алтан дуулга уул (2928м),Altan Duulga Mountain,Увс,Uvs,Өндөрхангай,Undurkhangai,49.37804,94.68816,Далайн түвшнээс дээш 2928 метр өндөрт өргөгдсөн Хан хөхийн нурууны ноён оргил уул. ,"The peak of the Khangchuk Range, rising 2,928 meters above sea level.",https://www.dropbox.com/scl/fi/y6a6tsbin1uguwmdokn5o/.jpg?rlkey=mhn6w1hpce45ofrt8leelimss&raw=1,알탄 두울가 산,アルタン・ドゥルガ山,阿尔坦杜尔加山,Гора Алтан Дуулга,"해발 2,928m의 캉추크 산맥(Khangchuk Range)의 최고봉.","海抜 2,928 メートルのカンチュク山脈の頂上。","康楚克山脉的最高峰，海拔2,928米。","Вершина хребта Хангчук, возвышающаяся на 2928 метров над уровнем моря."
416,1,Байгалийн үзэсгэлэнт газар,Хяргас нуур, Lake Khyargas,Увс,Uvs,Завхан,Zavkhan,49.15551,93.34995,"Их нууруудын хотгор дахь эрдэст нуур. Тус нуурыг 2000 онд байгалийн цогцолборт газарт бүртгэж авсан бөгөөд нийт 3,328 км² нутгийг хамрана.","A mineral lake in the Great Lakes Basin. The lake was registered as a national park in 2000 and covers a total area of ​​3,328 km².","https://www.dropbox.com/scl/fi/mf6g23z9gcp3kzgq8p26p/.jpg?rlkey=xgy3ttgql1gxqjjzismgjsk4z&raw=1,https://www.dropbox.com/scl/fi/div2m70p82rq8pdymhy2d/1.jpg?rlkey=8u29ji3upbv6dgnkpjfv4scj4&raw=1",캬르가스 호수,カヤルガス湖,凯亚加斯湖,Озеро Хяргас,"오대호 분지(Great Lakes Basin)에 있는 광물 호수입니다. 호수는 2000년에 국립공원으로 등록되었으며 총 면적은 3,328km²이다.","五大湖盆地にある鉱物湖。この湖は 2000 年に国立公園として登録され、総面積は 3,328 km² です。","五大湖盆地的一个矿物湖。该湖于2000年被注册为国家公园，总面积3,328平方公里。",Минеральное озеро в бассейне Великих озер. Озеро было зарегистрировано как национальный парк в 2000 году и занимает общую площадь 3328 км².
417,1,Байгалийн үзэсгэлэнт газар,Шаазгай нуур,Lake Shaazgai ,Увс,Uvs,Ховд,Khovd,49.23332,91.28162,Ховд сумын төвөөс зүүн өмнө зүгт 28 км зайтай оршино.,It is located 28 km southeast of the center of Khovd soum.,https://www.dropbox.com/scl/fi/2304rduwxzckyg8njcpq6/.jpg?rlkey=ojd2xdwgupuse98ki7nepo9g4&raw=1,샤즈가이 호수,シャーズガイ湖,沙兹盖湖,Озеро Шаазгай,Khovd soum 중심에서 남동쪽으로 28km 떨어져 있습니다.,ホブド・スムの中心部から南東28kmに位置しています。,它位于科布多苏姆市中心东南28公里处。,Он расположен в 28 км к юго-востоку от центра сума Ховд.
418,1,Байгалийн үзэсгэлэнт газар,Дөрөө нуур Увс,Lake Duruu Uvs,Увс,Uvs,Баруунтуруун,Baruunturuun,50.01809,94.94304,Алтан элсний чанх ард Монгол улсын торгон хил дээр оршино.,"It is located right behind the Golden Sands, on the border of Mongolia and Russia.",https://www.dropbox.com/scl/fi/hwfqccorya0nv63jav1hk/.jpeg?rlkey=ohzdi2z3g1e8bz8hriuxweyig&raw=1,도로오 호수,ドロ湖,多鲁湖,Озеро Дуру,몽골과 러시아 국경의 황금빛 모래 바로 뒤에 위치해 있습니다.,ゴールデンサンドのすぐ後ろ、モンゴルとロシアの国境に位置しています。,它位于金沙后面，蒙古和俄罗斯边境。,"Он расположен прямо за Золотыми Песками, на границе Монголии и России."
419,1,Байгалийн үзэсгэлэнт газар,Увсын Хар Ус Нуур, Lake Black Water Uvs ,Увс,Uvs,Өмнөговь,Umnugovi,49.09818,91.92606,Өмнөговь сумын төвөөс зүүн зүгт 8 км зайтай оршино.,It is located 8 km east of the center of Umnugovi soum.,https://www.dropbox.com/scl/fi/mu34sly4f0vqhoy0t3kah/.jpg?rlkey=i2lf9p6dm5d8687foajmwhmz6&raw=1,우브신 카르-우스 호수,ウブシン湖（カルウス）,乌布辛湖哈尔乌斯,Озеро Увсин Хар-Ус ,Umnugovi soum 중심에서 동쪽으로 8km 떨어져 있습니다.,ウムヌゴヴィ・ソムの中心部から東に8kmに位置しています。,它位于乌姆努戈维苏姆中心以东8公里处。,Он расположен в 8 км к востоку от центра сума Умнугови.
420,3,Шашны дурсгалт газар,Гандантэгчинлэн хийд,Gandantegchinlen Monastery,Улаанбаатар,Ulaanbaatar,Баянгол,Bayangol,47.92219,106.89496,Монголын бурхан шашинтны төв,Mongolian Buddhist Center,https://www.dropbox.com/scl/fi/0tr2rxuobvqvwntn2ikv5/.jpg?rlkey=xik1s37u89ae7o46sfu4d2cyp&raw=1,간단테그친렌 수도원,ガンダンテグチンレン僧院,甘丹寺,Монастырь Гандантегчинлен,몽골불교센터,モンゴル仏教センター,蒙古佛教中心,Монгольский буддийский центр
421,1,Байгалийн үзэсгэлэнт газар,Цэцээ гүн оргил (2256м),"""Tsetsee Gun"" Peak (2256m)",Улаанбаатар,Ulaanbaatar,Баянзүрх,Bayanzurkh,47.80315,106.98596,Богдхан уулын оргил далайн түвшнээс дээш 2256 метр өргөгдсөн байна.,"The peak of Bogdhan Mountain is 2,256 meters above sea level.",https://www.dropbox.com/scl/fi/iraqtsl4zq1z3ye1hf5vp/.jpg?rlkey=5m4oufzadl92yazac0a6b8jp2&raw=1,"""체체포"" 봉우리",「ツェツェーガン」の山頂,“采柩枪”峰,Пик Цеце гун,"복단산 정상은 해발 2,256m이다.","ボグダン山の頂上は海抜 2,256 メートルです。","博格丹山的主峰海拔2,256米。",Пик горы Богдан находится на высоте 2256 метров над уровнем моря.
422,1,Байгалийн үзэсгэлэнт газар,Түшээ гүн оргил (2268м),"""Tushee Gun"" Peak (2268m)",Улаанбаатар,Ulaanbaatar,Баянзүрх,Bayanzurkh,47.80825,107.00264,Богдхан уулын оргил далайн түвшнээс дээш 2268 метр өргөгдсөн байна.,"The peak of Bogdhan Mountain is 2,268 meters above sea level.",https://www.dropbox.com/scl/fi/rwb8338akf2m3x2b0o1t1/.jpg?rlkey=wuo8hwhyzetcyyx7iddkjan6t&raw=1,투시 건 봉우리,「トゥシーガン」ピーク,“图希枪”峰,Пик Туше Гун,"복단산 정상은 해발 2,268m이다.","ボグダン山の頂上は海抜 2,268 メートルです。",博格丹山主峰海拔2268米。,Пик горы Богдан находится на высоте 2268 метров над уровнем моря.
423,1,Байгалийн үзэсгэлэнт газар,Дугуй цагаан,Dugui Tsagaan,Улаанбаатар,Ulaanbaatar,Баянзүрх,Khan-Uul,47.83219,106.90049,Явган аялагчдын очих дуртай газар.,A favorite destination for hikers.,https://www.dropbox.com/scl/fi/pvy4odvhqw3wrwdqnfcyr/.jpg?rlkey=2a12glp0hkhiit3iopzj463gi&raw=1,두구이 차강,ドゥギ・ツァガーン,ドゥギ・ツァガーン,Дугуй Цаган,등산객들이 즐겨 찾는 곳.,ハイカーに人気の目的地。,徒步旅行者最喜欢的目的地。,Излюбленное место туристов.
424,1,Байгалийн үзэсгэлэнт газар,Зүүн ширээт уул (2122м),Zuun Shireet Mountain (2122m),Улаанбаатар,Ulaanbaatar,Баянзүрх,Khan-Uul,47.82478,106.92174,Явган аялагчдын очих дуртай газар.,A favorite destination for hikers.,https://www.dropbox.com/scl/fi/pvy4odvhqw3wrwdqnfcyr/.jpg?rlkey=2a12glp0hkhiit3iopzj463gi&raw=1,주운 시레트 산,ズーン・シリート山,祖恩·希里特山,Гора Зуун Ширит,등산객들이 즐겨 찾는 곳.,ハイカーに人気の目的地。,徒步旅行者最喜欢的目的地。,Излюбленное место туристов.
425,1,Байгалийн үзэсгэлэнт газар,Тэнгэр хад,Sky rock,Улаанбаатар,Ulaanbaatar,Баянзүрх,Khan-Uul,47.82901,106.92899,Явган аялагчдын очих дуртай газар.,A favorite destination for hikers.,https://www.dropbox.com/scl/fi/qvy2hvue7sw4jl93riqjs/.jpg?rlkey=tz1u8bnduci6e2icoi3vx6ygb&raw=1,하늘 돌,スカイストーン,天空之石,Небесный камень,등산객들이 즐겨 찾는 곳.,ハイカーに人気の目的地。,徒步旅行者最喜欢的目的地。,Излюбленное место туристов.
426,3,Шашны дурсгалт газар,Шар ламын агуй,Yellow Lama Cave,Улаанбаатар,Ulaanbaatar,Баянзүрх,Bayanzurkh,47.87347,106.98085,Богдхан уулын Залаатын аманд байна. ,It is located at the mouth of the Zalaat mountain.,https://www.dropbox.com/scl/fi/1vxptgde1b2p3wnhgmiuf/.jpg?rlkey=a5dtn6g3f5a0s6mno5sus2j2d&raw=1,황라마 동굴,黄羅刹洞,黄喇嘛洞,Пещера Жёлтой Ламы,Zalaat 산 입구에 위치하고 있습니다.,ザラート山の麓に位置します。,它位于扎拉特山口。,Он расположен в устье горы Залаат.
427,2,Түүхийн дурсгалт газар,Зөвлөлтийн дайчдын хөшөө,Monument to Soviet soldiers,Улаанбаатар,Ulaanbaatar,Хан-Уул,Khan-Uul,47.8841,106.91539,Туул голын өмнөд эрэгт Зайсангийн аманд оршино.,It is located on the southern bank of the Tuul River at the mouth of the Zaisan.,https://www.dropbox.com/scl/fi/cdrnh1vbdu92c1edgpvls/.jpg?rlkey=4yhf5cv5jja34f4pigslft1mj&raw=1,소련군 병사들을 기리는 기념비,ソ連兵の記念碑,苏联士兵纪念碑,Памятник советским солдатам,그것은 Zaisan 어귀의 Tuul 강의 남쪽 기슭에 위치하고 있습니다.,ザイサン川の河口、トゥール川の南岸に位置します。,它位于扎桑河口图拉河南岸。,Он расположен на южном берегу реки Туул в устье Зайсана.
428,2,Түүхийн дурсгалт газар,Тоньюкукийн хөшөө,Tonyukuk  Statue,Улаанбаатар,Ulaanbaatar,Налайх,Nalaykh,47.69464,107.47589,"Эртний Түрэгийн хаант улсын гурван хааны зөвлөх байсан мэргэн сайд Тоньюкукт зориулан босгосон нэгэн дурсгал юм. Гэрэлт хөшөө нь 62 мөр бичээстэй бөгөөд тухайн үеийн Түрэгийн нийгмийн байдлыг Тоньюкукийн намтартай холбогдуулан бичсэн агуулгатай юм. Энэхүү цогцолборт хүн чулуу, гэрэлт хөшөө, тахилын чулуун байгууламж, амьтны дүрст хөшөө чулуу зэрэг олон дурсгалууд багтана. ","It is a monument dedicated to the wise minister Tonyukuk, who was an advisor to three kings of the ancient Turkic empire. The illuminated monument has 62 lines of inscriptions and describes the social situation of the Turkic people at that time in connection with Tonyukuk's biography. The complex includes many monuments such as human stones, illuminated statues, sacrificial stone structures, and animal statues.",https://www.dropbox.com/scl/fi/jg2u5ma6d6z1hml5v0lvw/.jpg?rlkey=uy4r8ojwesoha5y8i18847vlr&raw=1,토니국 동상,トニュクク像,托尼库克雕像,Статуя Тонюкука,"고대 투르크 제국의 세 왕의 고문이었던 현명한 대신 토니쿠크에게 헌정된 기념비입니다. 조명이 켜진 기념물에는 62줄의 비문이 새겨져 있으며 Tonyukuk의 전기와 관련하여 당시 투르크 민족의 사회적 상황을 설명합니다. 이 단지에는 인간석, 조명 조각상, 희생 석조 구조물, 동물 조각상 등 많은 기념물이 포함되어 있습니다.",これは、古代テュルク帝国の 3 人の王の顧問であった賢明な大臣トニュククに捧げられた記念碑です。ライトアップされた記念碑には 62 行の碑文があり、トニュククの伝記と関連して当時のトルコ人の社会状況が説明されています。この複合施設には、人間の石、照明された像、犠牲の石の建造物、動物の像などの多くの記念碑が含まれています。,这是一座献给智慧大臣托​​尼库克的纪念碑，他是古突厥帝国三位国王的顾问。这座发光的纪念碑有 62 行铭文，并结合托尼库克的传记描述了当时突厥人的社会状况。该建筑群包括许多纪念碑，如人石、发光雕像、祭祀石结构和动物雕像。,"Это памятник, посвященный мудрому министру Тонюкуку, который был советником трех царей древнетюркской империи. Освещенный памятник имеет 62 строки надписей и описывает социальное положение тюркского народа того времени в связи с биографией Тонюкука. Комплекс включает в себя множество памятников, таких как человеческие камни, освещенные статуи, жертвенные каменные конструкции и статуи животных."
429,1,Байгалийн үзэсгэлэнт газар,100 ламын агуй,100 Monk's Cave,Улаанбаатар,Ulaanbaatar,Налайх,Nalaykh,47.8398,107.3988,Тэрэлжийн гүүрнээс зүүн хойд зүгт 6 км зайтай оршино.,It is located 6 km northeast of the Terelj bridge.,https://www.dropbox.com/scl/fi/3mak1e2msk96c5yepcwu6/100.jpg?rlkey=jnu7m4azvc3o7aoqg1g8b5b6s&raw=1,100 수도사의 동굴,100 モンクの洞窟,100 和尚洞,100 Пещера Монаха,Terelj 다리에서 북동쪽으로 6km 떨어져 있습니다.,テレルジ橋の北東 6 km に位置します。,它位于特日勒吉大桥东北6公里处。,Он расположен в 6 км к северо-востоку от моста Тэрэлж.
430,1,Байгалийн үзэсгэлэнт газар,Авирах хад,Climbing Rock,Улаанбаатар,Ulaanbaatar,Налайх,Nalaykh,47.86469,107.41943,Тэрэлжийн гүүрнээс зүүн хойд зүг 10 км зайтай оршино.,It is located 10 km northeast of the Terelj bridge.,https://www.dropbox.com/scl/fi/sdwnuknqkkjg5z8qxrk2q/.jpg?rlkey=fgbaj0puh3h40yt6bibyh867n&raw=1,암벽등반,クライミングロック,攀岩,Восхождение на скалу,Terelj 다리에서 북동쪽으로 10km 떨어져 있습니다.,テレルジ橋の北東 10 km に位置します。,它位于特日勒吉桥东北10公里处。,Он расположен в 10 км к северо-востоку от моста Тэрэлж.
431,3,Шашны дурсгалт газар,Арьяабал бурханы хийд,Aryabal Buddhist Temple,Улаанбаатар,Ulaanbaatar,Налайх,Nalaykh,47.93427,107.42567,Налайх дүүргээс зүүн хойд зүгт 35 км зайтай оршино,It is located 35 km northeast of the center of Nalaikh district.,https://www.dropbox.com/scl/fi/311lsydgmqe3kdov49qab/.jpg?rlkey=f7j0rt4i2g9jcgu29umjdb81r&raw=1,아리야발 불교 사원,アリヤバル仏教寺院,阿雅巴尔佛寺,Буддийский храм Арьябал,Nalaikh 지역 중심에서 북동쪽으로 35km 떨어져 있습니다.,ナライク地区の中心部から北東 35 km に位置します。,它位于纳莱赫区中心东北35公里处。,Расположен в 35 км к северо-востоку от центра Налайхского района.
432,2,Түүхийн дурсгалт газар,Дино парк,Dino Park,Улаанбаатар,Ulaanbaatar,Налайх,Nalaykh,47.90272,107.43882,Мэлхий хаднаас зүүн өмнө зүгт 1.3 км зайтай оршино.,It is located 1.3 km southeast of the Melkhii Rock.,https://www.dropbox.com/scl/fi/8gt08t3q2noojf4ltp55l/.jpg?rlkey=ayb55ubgvfkddcdeo349xjxxw&raw=1,디노파크,ディノパーク,恐龙公园,Дино Парк,Melkhii Rock에서 남동쪽으로 1.3km 떨어져 있습니다.,メルキー ロックの南東 1.3 km に位置します。,它位于Melkhii岩石东南1.3公里处。,"Расположен в 1,3 км к юго-востоку от скалы Мельхий."
433,2,Түүхийн дурсгалт газар,Их тэнгэрийн амны хадны зураг,Rock paintings of Ikh Tenger ,Улаанбаатар,Ulaanbaatar,Хан-Уул,Khan-Uul,47.88071,106.9413,"Их тэнгэрийн амны хаданд дотроо олон толботой дөрвөлжин хашлаганууд, ганцаар юм уу 2, 3, 5-аараа хөтлөлцөж зогссон хүний тойм зураг, халин нисч буй бүргэд, замаар явж буй адуу зэргийг улаан зосоор зурсан байдаг. Дөрвөлжин хашлаганы дээд талд хошуугаа хажуу тийш харуулан халин нисч яваа бүргэд шувуу, хашлаганы зүүн талд хөтлөлцөж зогссон хүмүүсийн тойм зураг, хашлаганы доод талд хоёр зэрэгцээ замаар адуу хөтөлж яваа хүнийг тоймлон дүрсэлсэн ","On the rock of the mouth of the great sky, there are many square arches with many spots inside, and the outline of a person standing alone or in groups of 2, 3, or 5 holding hands, an eagle flying in flight, and a horse walking on a road, all drawn in red copper. At the top of the square arch, there is an eagle flying with its beak turned to the side, and on the left side of the arch is an outline of people standing holding hands, and at the bottom of the arch, there is an outline of a person leading a horse on two parallel roads.",https://www.dropbox.com/scl/fi/wvnzayinj80fdujafe05d/.jpg?rlkey=1hpavbfkh360x279aexwde0ev&raw=1,이크텐게르의 암벽화,イフ・テンゲルの岩絵,伊赫·滕格尔的岩画,Наскальные рисунки Икх Тенгера,"큰 하늘 어귀 바위에는 네모난 아치가 많고 그 안에 점이 많고, 사람이 혼자 서거나 2, 3, 5명이 손을 잡고 서 있는 모습, 날아가는 독수리, 길을 걷는 말의 윤곽이 모두 붉은 구리로 그려져 있습니다. 사각아치 꼭대기에는 독수리가 부리를 옆으로 돌리고 날아가는 모습이 있고, 아치 왼쪽에는 손을 잡고 서 있는 사람들의 윤곽이 있고, 아치 아래쪽에는 말을 이끌고 두 개의 평행한 길을 달리는 사람의 윤곽이 있다.",大天の口の岩には、内部に斑点の多い四角いアーチがいくつもあり、一人あるいは二人、三人、五人で手をつないで立っている人、飛び立つ鷲、道を歩く馬の輪郭が赤銅で描かれている。四角いアーチの上部には、くちばしを横に向けて飛ぶ鷲が描かれ、アーチの左側には手をつないで立つ人々の輪郭が、アーチの下部には並行する2本の道路を馬を先導する人物の輪郭が描かれています。,大天口的岩石上，有许多方拱，里面有很多斑点，还有一个人单独站立或二三五人牵手而立的轮廓，一只展翅飞翔的鹰，一匹行走在路上的马的轮廓，都是用紫铜绘制的。方拱顶部有一只鹰嘴侧向飞翔，拱门左侧有牵手站立的人轮廓，拱门底部有人牵马走两条平行道路的轮廓。,"На скале у устья великого неба есть множество квадратных арок со множеством пятен внутри, а также очертания человека, стоящего в одиночку или в группах по 2, 3 или 5 человек, держащихся за руки, летящего орла и лошади, идущей по дороге, все нарисовано красной медью. Вверху квадратной арки изображен летящий с повернутым в сторону клювом орел, в левой части арки - контур людей, стоящих, взявшись за руки, а внизу арки - контур человека, ведущего лошадь по двум параллельным дорогам."
434,3,Шашны дурсгалт газар,Манзушир хийд,Manzushir Monastery,Улаанбаатар,Ulaanbaatar,Хан-Уул,Khan-Uul,47.76049,106.99409,Төв аймгийн төв Зуунмод хотоос зүүн хойд зүгт 6.5 км зайтай оршино.,"It is located 6.5 km northeast of Zuunmod, the center of Tuv aimag.",https://www.dropbox.com/scl/fi/0qti1ropwmzj1mitc66ta/.jpg?rlkey=9ynvad3l5hmyuueeewxule1thraw=1,만주시르 수도원,マンズシル修道院,曼祖希尔修道院,Манзуширский монастырь,Error 500 (Server Error)!!1500.That’s an error.There was an error. Please try again later.That’s all we know.,トゥーヴアイマグの中心部ズーンモドの北東6.5kmに位置する。,它位于Tuvaimag中心Zuunmod东北6.5公里处。,"Он расположен в 6,5 км к северо-востоку от Зуунмода, центра Тувского аймака."
435,1,Байгалийн үзэсгэлэнт газар,Туул гол,Tuul River,Улаанбаатар,Ulaanbaatar,Хан-Уул,"Naliakh, Bayanzukh, Khan-Uul ",47.87356,106.73131,"Хэнтийн нуруун дахь Хагийн хар нуур, Номингийн голоос тус бүр эх авч, нийслэл Улаанбаатар хотын урд хэсгээр урсаж өнгөрөн Орхон голд цутгана.","They originate from the Khagiin Khar Lake and the Nomingiin River in the Khentii Mountains, flow south of the capital city of Ulaanbaatar, and empty into the Orkhon River.",https://www.dropbox.com/scl/fi/p6iplgu5x77hsmzwna4e0/.jpg?rlkey=nzpbh0elad4z7ozh8wf2zfhb8&raw=1,투울 강,トゥール川,图拉河,Река Туул,이 강은 켄티 산맥의 카긴 카르 호수와 노밍긴 강에서 발원하여 수도인 울란바토르 남쪽으로 흘러 오르콘 강으로 흘러 들어갑니다.,これらはケンティ山脈のハギイン カール湖とノーミンギイン川に源を発し、首都ウランバートルの南を流れ、オルホン川に注ぎます。,发源于肯特山脉的哈吉因卡尔湖和诺明吉因河，流经首都乌兰巴托以南，注入鄂尔浑河。,"Они берут начало из озера Хагин Хар и реки Номингиин в горах Хэнтий, текут к югу от столицы Улан-Батора и впадают в реку Орхон."
436,2,Түүхийн дурсгалт газар,Өүлэн эхийн хөшөө,"Statue Of Hoelun, Mother Of Chinggis Khaan",Улаанбаатар,Ulaanbaatar,Налайх,Nalaykh,47.80264,107.54305,Налайх дүүргээс зүүн хойд зүгт 20 км зайтай оршино.,It is located 20 km northeast of Nalaikh district.,https://www.dropbox.com/scl/fi/h776o894f176zjn80h3gb/.jpg?rlkey=fjr8dekbove5mqlwawymioov9&raw=1,칭기스칸의 어머니 호엘룬의 동상,チンギスハーンの母ホエルン像,成吉思汗母亲诃额伦雕像,"Статуя Оэлун, матери Чингисхана",Nalaikh 지역에서 북동쪽으로 20km 떨어져 있습니다.,ナライク地区の北東 20 km に位置します。,位于纳莱赫区东北20公里处。,Он расположен в 20 км к северо-востоку от Налайхского района.
437,1,Байгалийн үзэсгэлэнт газар,Тэмээ хад,Camel Rock,Улаанбаатар,Ulaanbaatar,Налайх,Nalaykh,47.93082,107.42264,Тэрэлжийн гүүрнээс зүүн хойд зүгт 18 км зайтай оршино.,It is located 18 km northeast of the Terelj bridge.,https://www.dropbox.com/scl/fi/p5oslf6e16qhn5cbhn7lh/.jpg?rlkey=m1neouifdbu10txjregbjnf5e&draw=1,낙타바위,ラクダ岩,骆驼岩,Верблюжья скала,Terelj 다리에서 북동쪽으로 18km 떨어져 있습니다.,テレルジ橋の北東 18 km に位置します。,它位于特日勒吉大桥东北18公里处。,Он расположен в 18 км к северо-востоку от моста Тэрэлж.
438,2,Түүхийн дурсгалт газар,Цонжин болдог,Tsonjin Boldog,Улаанбаатар,Ulaanbaatar,Налайх,Nalaykh,47.80804,107.52993,Улаанбаатар хотоос зүүн зүгт 53 км зайтай оршино. ,It is located 53 km east of Ulaanbaatar.,https://www.dropbox.com/scl/fi/2xmiclmfrie9oqkjxcvnj/Tsonjinboldog.jpg?rlkey=i6xn4dkxnp4gqg3y3ow8zru2m&raw=1,촌진 볼독,ツォンジン・ボルドッグ,颂金博尔多格,Цонджин Болдог,울란바토르에서 동쪽으로 53km 떨어져 있다.,ウランバートルの東53kmに位置する。,它位于乌兰巴托以东53公里处。,Он расположен в 53 км к востоку от Улан-Батора.
439,1,Байгалийн үзэсгэлэнт газар,Мэлхий хад,Turtle Rock,Улаанбаатар ,Ulaanbaatar,Налайх,Nalaykh,47.9077,107.42273,Налайх дүүргээс зүүн хойд зүгт 24 км зайтай оршино.,It is located 24 km northeast of Nalaikh district.,https://www.dropbox.com/scl/fi/yzgb644m5o8a915vq6p7c/.jpg?rlkey=uic41m66i6yvvnhmws4pu4cwv&raw=1,거북바위,亀岩,龟岩,Черепашья скала,Nalaikh 지역에서 북동쪽으로 24km 떨어져 있습니다.,ナライク地区の北東 24 km に位置します。,它位于纳莱赫区东北24公里处。,Он расположен в 24 км к северо-востоку от Налайхского района.
440,3,Шашны дурсгалт газар,Дамбадаржаа хийд,Dambadarjaa Monastery,Улаанбаатар ,Ulaanbaatar,Сүхбаатар,Sukhbaatar,47.98234,106.93691,Энэ хийд нь 1765 онд Хоёрдугаар Богд Жавзандамба хутагтын дурсгалд зориулан үүсгэн байгуулагдсан юм.,This monastery was founded in 1765 in memory of the Second Bogd Javzandamba Khutaght.,https://www.dropbox.com/scl/fi/reiimficy2vyxxp6dph6g/.jpg?rlkey=1oefhm2k572uy6i25ipr1dron&raw=1,담바다르자 수도원,ダンバダルジャ僧院,丹巴达贾寺,Монастырь Дамбадарджа,이 수도원은 두 번째 Bogd Javzandamba Khutaght를 기념하여 1765년에 설립되었습니다.,この修道院は、2 代目ボグド ジャブザンダンバ クタハトを記念して 1765 年に設立されました。,这座修道院建于 1765 年，是为了纪念第二代博格德·贾夫赞丹巴·呼塔格特 (Bogd Javzandamba Khutaght)。,Этот монастырь был основан в 1765 году в память о Втором Богде Джавзандамба Хутахте.
441,1,Байгалийн үзэсгэлэнт газар,Баатар хайрхан уул (1606м) Ховд,Baatarkharkhan Mountain (1606m),Ховд,Khovd,Жаргалант,Jargalant,47.94733,91.61875,Жаргалант сумын төвөөс өмнө зүгт 5 км зайтай оршино.,It is located 5 km south of the center of Jargalant soum.,https://www.dropbox.com/scl/fi/05vuos8e6jfwizr59ul7h/.jpeg?rlkey=0qa1jeb0k7421exitrsf5msfu&raw=1,바타르 카이르칸 산,バータル・ハイルハン山,巴塔尔·海尔汗山,Гора Баатархайрхан,Jargalant soum 중심에서 남쪽으로 5km 떨어져 있습니다.,ジャルガラント スームの中心部から南に 5 km に位置します。,它位于贾加兰特苏姆中心以南5公里处。,Расположен в 5 км к югу от центра сомона Джаргалант.
442,1,Байгалийн үзэсгэлэнт газар,Алтан хөхий уул,Altan Khukhii Mountain,Ховд,Khovd,Мянгад,Myangad,48.78052,91.55165,Нутгийн ардууд Алтан Хөхий уулыг 1761 оноос хойш өнөөг хүртэл жил бүр тахиж ирсэн хамгийн эртний тахилгат уулын нэг юм. 2005 оны 3 дугаар сарын 30-нд Ерөнхийлөгчийн 44 дүгээр зарлигийг гаргуулан Алтан Хөхий уулыг төрийн тахилгатай уул болгожээ.,"Altan Khokhi Mountain is one of the oldest sacred mountains, having been worshipped annually by local people since 1761. On March 30, 2005, Presidential Decree No. 44 was issued, making Altan Khokhi Mountain a state sacred mountain.",https://www.dropbox.com/scl/fi/84qrw33y6lguag5htybg5/.jpg?rlkey=3gqqukwpryg401tfd3raf7nl3&raw=1,알탄 쿠키 산,アルタン クキ山,阿尔坦库希山,Гора Алтан Хухий,알탄호키산은 가장 오래된 신성한 산 중 하나로 1761년부터 지역 주민들이 매년 숭배해 왔습니다. 2005년 3월 30일 대통령령 제44호가 공포되어 알탄호키산이 국가의 신성한 산으로 지정되었습니다.,アルタン コーキ山は、1761 年以来地元の人々によって毎年崇拝されている最古の神聖な山の 1 つです。2005 年 3 月 30 日、大統領令第 44 号が公布され、アルタン コーキ山は州の神聖な山となりました。,阿勒坦霍希山是最古老的神山之一，自1761年以来，每年都受到当地人的朝拜。2005年3月30日，颁布第44号总统令，将阿勒坦霍希山列为国家圣山。,"Гора Алтан-Хохи - одна из древнейших священных гор, ей ежегодно поклоняются местные жители с 1761 года. 30 марта 2005 года был издан Указ Президента № 44, согласно которому гора Алтан-Хохи объявлена ​​государственной священной горой."
443,1,Байгалийн үзэсгэлэнт газар,Халзан бүрэгтэй уул,Khalzan Buregtei Mountain,Ховд,Khovd,Мянгад,Myangad,48.3868,91.95995,Мянгад сумын төвөөс зүүн хойд зүгт 18 км зайтай орших далайн түвшнээс дээш 2088.9 метр өргөгдсөн уул.  ,"A mountain 2088.9 meters above sea level, located 18 km northeast of the center of Myangad soum.",https://www.dropbox.com/scl/fi/bvnbqq7s0afqjrau5v0zs/.jpg?rlkey=qzi7kxg13jdbpv8usa2xrvbo5&raw=1,칼잔 부레그테이 산,ハルザン・ブレグテイ山,哈尔赞布雷格泰山,Гора Халзан Бурегтей,Myangad soum 중심에서 북동쪽으로 18km 떨어진 해발 2088.9m의 산.,ミャンガッド・スムの中心部から北東18kmに位置する標高2088.9メートルの山。,一座海拔2088.9米的山，位于Myangad soum市中心东北18公里处。,"Гора высотой 2088,9 метра над уровнем моря, расположенная в 18 км к северо-востоку от центра сума Мьянгад."
444,1,Байгалийн үзэсгэлэнт газар,Байтаг Богд уул,Baitag Bogd Mountain,Ховд,Khovd,Булган,Bulgan,45.28582,90.95946,Байтаг Богд нь Монгол улсын Ховд аймгийн Булган сумын нутагт оршдог уул. Оргил нь 3400 метр өндөр. Булган сумын төвөөс зүүн өмнө зүгт 120 км зайтай оршино.,"Baitag Bogd is a mountain located in Bulgan soum, Khovd province, Mongolia. Its peak is 3,400 meters high. It is located 120 km southeast of the center of Bulgan soum.",https://www.dropbox.com/scl/fi/x5bc39qqh09pm6zf0k4xd/.jpg?rlkey=uhokrs3tn1106fj9lhj8eu587&raw=1,바이탁 복드 산,バイタグ ボグド山,拜塔格博格德山,Гора Байтаг Богд,"Baitag Bogd는 몽골 Khovd 지방 Bulgan soum에 위치한 산입니다. 최고봉의 높이는 3,400m이다. 불간솜 중심에서 남동쪽으로 120km 떨어진 곳에 위치해 있다.","バイタグボグドは、モンゴルのホブド県ボルガンスムにある山です。頂上の高さは3,400メートルです。ボルガン ソムの中心部から南東 120 km に位置します。",白塔格博格德是位于蒙古科布多省布尔干苏姆的一座山。其主峰海拔3400米。它位于布尔干苏姆中心东南120公里处。,"Байтаг Богд — гора, расположенная в сомоне Булган провинции Ховд Монголии. Его вершина имеет высоту 3400 метров. Он расположен в 120 км к юго-востоку от центра Булганского сума."
445,1,Байгалийн үзэсгэлэнт газар,Бодончийн хавцал,Bodonch Canyon,Ховд,Khovd,Цэцэг,Tsetseg,45.98625,93.28533,"Ховд аймгийн төвөөс 300-400 км алслагдан, улсын хил дагуу байрлах Булган, Үенч, Алтай сумыг зориход 110 км үргэлжлэх Бодончийн хавцлыг дайран өнгөрдөг.","The road to Bulgan, Uench, and Altai soums, located 300-400 km from the center of Khovd aimag, passes through the 110 km long Bodonchi Gorge.",https://www.dropbox.com/scl/fi/j8iyt3uc79s4hthoebr3b/.jpg?rlkey=x1frr5e2fe95p5h3ut737uwgr&raw=1,보돈치 캐년,ボドンチ渓谷,博东奇峡谷,Бодончский каньон,"Khovd aimag 중심에서 300-400km 떨어진 Bulgan, Uench 및 Altai soums로 향하는 도로는 110km 길이의 Bodonchi 협곡을 통과합니다.",ホブドアイマグの中心部から 300 ～ 400 km の距離にあるボルガン、ウエンチ、アルタイの各スムスへの道は、長さ 110 km のボドンチ渓谷を通ります。,通往布尔干、乌恩奇和阿尔泰苏姆斯的公路距离科布多省中心300-400公里，穿过110公里长的博东奇峡谷。,"Дорога на сумы Булган, Уэнч и Алтай, расположенные в 300-400 км от центра Ховдского аймака, проходит через Бодончинское ущелье длиной 110 км."
446,1,Байгалийн үзэсгэлэнт газар,Далай нуур,Dalai Lake,Ховд,Khovd,Дөргөн,Durgun,48.20762,92.66519,"Хар нууртай залгаа орших энэ нуур далайн түвшнээс дээш 1132 метр өндөрт, 305 км.кв талбайтай, урт 24 км, өргөн нь 17 км байна. ","This lake, adjacent to Black Lake, is 1,132 meters above sea level, has an area of ​​305 square kilometers, is 24 kilometers long, and 17 kilometers wide.",https://www.dropbox.com/scl/fi/mqiptz47mk7f4nn8cgz2h/Dalailake.jpg?rlkey=p45qdoaqkpedrymrc4yhhvnol&raw=1,달라이 호수,ダライ湖,达赉湖,Озеро Далай,"흑호에 인접한 이 호수는 해발 1,132m, 면적 305평방킬로미터, 길이 24킬로미터, 폭 17킬로미터이다.","黒湖に隣接するこの湖は、標高 1,132 メートル、面積 305 平方キロメートル、長さ 24 キロメートル、幅 17 キロメートルです。",该湖毗邻黑湖，海拔1132米，面积305平方公里，长24公里，宽17公里。,"Это озеро, примыкающее к Черному озеру, находится на высоте 1132 метра над уровнем моря, имеет площадь 305 квадратных километров, длину 24 километра и ширину 17 километров."
447,1,Байгалийн үзэсгэлэнт газар,Дөргөн нуур,Durgun Lake,Ховд,Khovd,Чандмань,Chandmani,47.676,93.442,"Хамгийн гүнзгий хэсэгтээ 27 метр, хамгийн өргөн хэсэгтээ 16.8 км, хамгийн урт нь 24 км юм. Чандмань сумын төвөөс зүүн зүгт 45 км зайтай оршино.","It is 27 meters deep at its deepest point, 16.8 km at its widest point, and 24 km long. It is located 45 km east of the center of Chandman soum.",https://www.dropbox.com/scl/fi/av6p24p5j3im30vru5zba/.jpg?rlkey=xq8ddokdn2tp3a8g6vqgdpuy0&raw=1,두르군 호수,ドゥルグン湖,杜尔古纳湖,Озеро Дургун,"가장 깊은 곳의 깊이는 27m, 가장 넓은 곳의 길이는 16.8km, 길이는 24km이다. Chandman soum 중심에서 동쪽으로 45km 떨어져 있습니다.",深さは最も深い部分で 27 メートル、最も広い部分で 16.8 km、長さは 24 km です。チャンドマン・スームの中心部から東に45kmに位置しています。,最深处27米，最宽处16.8公里，长24公里。它位于昌德曼苏姆中心以东45公里处。,"Глубина озера составляет 27 метров в самой глубокой точке, 16,8 км в самом широком месте и 24 км в длину. Он расположен в 45 км к востоку от центра сума Чандман."
448,2,Түүхийн дурсгалт газар,Дөргөний усан цахилгаан станц,Durgun Hydropower Plant,Ховд,Khovd,Дөргөн,Durgun,48.32617,92.8073,Дөргөн сумын төвөөс зүүн өмнө зүгт 15 км зайтай оршино.,It is located 15 km southeast of the center of Durgun soum.,https://www.dropbox.com/scl/fi/f889nqc1wawskpd33da59/.jpg?rlkey=2ja14v6t8mtklq6xtmqp8x3b8&raw=1,Durgun 수력 발전소,ドゥルグン水力発電所,杜尔贡水电站,Дургунская ГЭС,Durgun soum 중심에서 남동쪽으로 15km 떨어져 있습니다.,ドゥルグン・ソムの中心部から南東15kmに位置しています。,它位于杜尔古纳苏姆中心东南15公里处。,Расположен в 15 км к юго-востоку от центра сума Дургун.
449,1,Байгалийн үзэсгэлэнт газар,Их тойруулга нуур,Ikh Toiruulga Nuur,Ховд,Khovd,Мөст,Must,46.72927,93.21449,Мөст сумын төвөөс зүүн зүгт 44 км зайтай оршино.,It is located 44 km east of the center of Must soum.,https://www.dropbox.com/scl/fi/adht2obvsgxl7xnz50gu4/.jpg?rlkey=d3b8q247agi601hw8c93vsh1i&raw=1,이크 토이룰가 누르,イク・トイルウルガ・ヌール,伊赫·托伊鲁尔加·努尔,Их Тойруулга Нуур,머스트숨(Must soum) 중심에서 동쪽으로 44km 떨어져 있다.,マスト・ソムの中心部から東に44kmに位置しています。,它位于Must soum中心以东44公里处。,Он расположен в 44 км к востоку от центра Сума Муст.
450,1,Байгалийн үзэсгэлэнт газар,Мөнххайрхан уул (4362м),Munkhkhairkhan Mountain (4362m),Ховд,Khovd,Мөнхайрхан,Munkhairkhan,46.891,91.473,"Баян-Өлгий аймгийн Булган сум, Ховд аймгийн Мөнххайрхан сумын хил залгаа нутгийг дамнан 40-80 км-ийн өргөнтэйгээр баруун хойноос зүүн урагш 200 гаруй км үргэлжилдэг.Алтайн нурууны 2 дахь өндөр оргил бөгөөд  далайн түвшнээс дээш 4362 метр өндөртэй ","It stretches for more than 200 km from northwest to southeast, with a width of 40-80 km, across the border of Bulgan soum of Bayan-Olgii aimag and Munkhkhairkhan soum of Khovd aimag. It is the second highest peak in the Altai Mountains and is 4362 meters above sea level.",https://www.dropbox.com/scl/fi/2h5xfd1e0cgvefdn5y9zj/.jpg?rlkey=u4xb3lxcw67okqna1983kpuro&raw=1,문크카이르칸 산,ムンクハイルカン山,蒙克凯尔汗山,Гора Мунххайрхан,북서쪽에서 남동쪽으로 200km 이상 뻗어 있으며 너비는 40~80km이며 Bayan-Olgii aimag의 Bulgan soum과 Khovd aimag의 Munkhkhairkhan soum 경계를 가로지릅니다. 알타이 산맥에서 두 번째로 높은 봉우리로 해발 4362m이다.,"バヤン・オルギアイマグ県のボルガン・ソムとホブド・アイマグ県のムンクハイルハン・ソムの境界を越え、幅40～80km、北西から南東まで200km以上にわたって伸びている。アルタイ山脈で 2 番目に高い山で、標高は 4,362 メートルです。",西北向东南绵延200余公里，宽40-80公里，横跨巴彦乌列盖省布尔干苏姆和科布多省蒙克海尔罕苏姆边境。它是阿尔泰山第二高峰，海拔4362米。,"Он протянулся более чем на 200 км с северо-запада на юго-восток, шириной 40-80 км, через границу сума Булган аймака Баян-Улгий и сума Мунххайрхан аймака Ховд. Это вторая по высоте вершина Горного Алтая, высота которой составляет 4362 метра над уровнем моря."
451,1,Байгалийн үзэсгэлэнт газар,Мэлхий хад Ховд,Frog  Rock,Ховд,Khovd,Мөнхайрхан,Munkhairkhan,47.03173,91.77066,Мөнххайрхан сумын төвөөс баруун зүгт 10 км зайтай оршино.,It is located 10 km west of the center of Munkhkhairkhan soum.,https://www.dropbox.com/scl/fi/n1x7rjo0yz4yjdyx12hwv/2.jpg?rlkey=26lx5shgyzd0uidktur28vby1&raw=1,개구리바위,カエル岩,青蛙岩,Лягушачья скала,Munkhkhairkhan Soum에서 서쪽으로 10km 떨어져 있습니다.,ムンクハイルカン・ソムから西に10kmに位置します。,它位于Munkhkhairkhan Soum市中心以西10公里处。,Он расположен в 10 км к западу от центра Сума Мунххайрхан.
452,2,Түүхийн дурсгалт газар,Шуурхайн хүн чулуу,Shuurkhai Man Stone,Ховд,Khovd,Мөнхайрхан,Munkhairkhan,46.92783,91.76579,Мөнххайрхан сумын төвөөс баруун өмнө зүгт 30 км зайтай оршино.,It is located 30 km southwest of the center of Munkhkhairkhan soum.,https://www.dropbox.com/scl/fi/6srps4y98c12a58fb5f0b/.jpg?rlkey=q41gdzwr2e8h83jkyfd9gel4q&raw=1,슈르카인 석상,「シュールカイン」の石像,“舒尔海因”石像,Каменная статуя Шуурхайн,Munkhkhairkhan soum 중심에서 남서쪽으로 30km 떨어져 있습니다.,ムンクハイルカン・ソムの中心部から南西に 30 km に位置します。,它位于Munkhkhairkhan soum中心西南30公里处。,Расположен в 30 км к юго-западу от центра сомона Мунххаирхан.
453,1,Байгалийн үзэсгэлэнт газар,Хөх нуурын хүрхрээ,Blue Lake Waterfall,Ховд,Khovd,Мөнххайрхан,Munkhkhairkhan,46.84909,91.76639,Мөнххайрхан сумын төвөөс баруун өмнө зүгт 40 км зайтай оршино.,It is located 40 km southwest of the center of Munkhkhairkhan soum.,https://www.dropbox.com/scl/fi/fpm8y0g7qz4rzdh9dcail/..jpg?rlkey=qgmb4wmyrgrd9iatecar0h4xt&raw=1,블루 레이크 폭포,ブルーレイク滝,蓝湖瀑布,Водопад Голубого озера,Munkhkhairkhan soum 중심에서 남서쪽으로 40km 떨어져 있습니다.,ムンクハイルカン・ソムの中心部から南西に 40 km に位置します。,它位于Munkhkhairkhan soum中心西南40公里处。,Расположен в 40 км к юго-западу от центра сомона Мунххаирхан.
454,1,Байгалийн үзэсгэлэнт газар,Рашаант хүрхрээ,Rashaant Waterfall,Ховд,Khovd,Манхан,Mankhan,47.72521,92.49847,Манхан сумын төвөөс зүүн хойд зүгт 40 шахам км зайтай оршино.,It is located approximately 40 km northeast of the center of Mankhan soum.,https://www.dropbox.com/scl/fi/2mum8d5eomz78vsa8201u/.jpeg?rlkey=ujptc10bc19ywtw895cs5g9kp&raw=1,라샤안트 폭포,ラシャーントの滝,拉桑特瀑布,Водопад Рашаант,만칸솜(Mankhan soum) 중심에서 북동쪽으로 약 40km 떨어진 곳에 위치해 있다.,マンカン・ソムの中心部から北東約40kmに位置する。,它位于Mankhan soum中心东北约40公里处。,Он расположен примерно в 40 км к северо-востоку от центра сомона Манхан.
455,1,Байгалийн үзэсгэлэнт газар,Улаан богочийн рашаан,Ulaan Bogoch Mineral Water,Ховд,Khovd,Жаргалант,Jargalant,48.02963,91.65341,Аймгийн төв Ховд хотоос хойд зүгт 2.5 км зайтай оршино.,The provincial capital is located 2.5 km north of Khovd city.,https://www.dropbox.com/scl/fi/dllcc9elt0tmbkyoux0z9/.jpg?rlkey=frpnmjipyah89a98hn6tntauj&raw=1,울란보고치 생수,ウラン ボゴチ ミネラルウォーター,乌兰博格奇矿泉水,Минеральная вода Улан Богоч,주도는 호브드 시에서 북쪽으로 2.5km 떨어져 있다.,州都はホブド市の北 2.5 km に位置します。,省会位于科布多市以北2.5公里处。,"Столица провинции расположена в 2,5 км к северу от города Ховд."
456,1,Байгалийн үзэсгэлэнт газар,Хар нуур (Ховд),Khar Lake (Khovd),Ховд,Khovd,"Чандмань, Дөргөн","Chandmani, Durgun",48.10357,93.21928,Чандмань сумын төвөөс зүүн зүгт 68 км зайтай оршино. Өмнөд хэсэгт орших Дөргөн нууртай хоолойгоор холбогдоно.,It is located 68 km east of the center of Chandman soum. It is connected to Lake Dorgen in the south by a canal.,https://www.dropbox.com/scl/fi/228trtln487zgm6uamgsv/.jpg?rlkey=sfa4d1lyhik0rjzt1dfrahxpy&raw=1,카르 호수,カール湖,卡尔湖,Озеро Хар,Chandman soum 중심에서 동쪽으로 68km 떨어져 있습니다. 남쪽의 도르겐 호수와 운하로 연결되어 있습니다.,チャンドマン・スームの中心部から東に68kmに位置しています。南のドルゲン湖とは運河でつながっています。,它位于昌德曼苏姆中心以东68公里处。南有运河与多尔根湖相连。,Он расположен в 68 км к востоку от центра сума Чандман. Он соединен с озером Дорген на юге каналом.
457,1,Байгалийн үзэсгэлэнт газар,Хар-Ус нуур,Khar-Us Lake,Ховд,Khovd,"Буянт,",Buyant,47.9815,92.12107,"Монголын том нууруудын нэг Хар-Ус нуур нь 1153 км.кв талбайтай, 72км урт, 26км өргөн, эргийн урт 306.8 км, дундаа аралтай, урд захаараа хулс, шагшуургатай нуур юм.","One of Mongolia's largest lakes, Khar-Us Lake, has an area of ​​1,153 square kilometers, is 72 kilometers long, 26 kilometers wide, and has a coastline of 306.8 kilometers. It has an island in the middle and is covered with bamboo and sedge along its southern edge.",https://www.dropbox.com/scl/fi/2kt7b6xllwsqsssamtk20/.jpg?rlkey=kyutti9mkxj4lfvicefa2albw&raw=1,카르우스 호수,カルウス湖,卡尔乌斯湖,Озеро Хар-Ус,"몽골 최대 호수 중 하나인 카르우스 호수는 면적 1,153km², 길이 72km, 폭 26km, 해안선 길이 306.8km이다. 중앙에 섬이 있고 남쪽 가장자리를 따라 대나무와 사초로 덮여 있습니다.","モンゴル最大の湖の一つであるハルウス湖は、面積1,153平方キロメートル、長さ72キロメートル、幅26キロメートル、海岸線306.8キロメートルを持っています。中央に島があり、南端に沿って竹とスゲで覆われています。",蒙古最大的湖泊之一卡尔乌斯湖面积1153平方公里，长72公里，宽26公里，岸线长306.8公里。它的中间有一个岛，南边长满了竹子和莎草。,"Одно из крупнейших озер Монголии, озеро Хар-Ус, имеет площадь 1153 квадратных километра, длину 72 километра, ширину 26 километров и береговую линию длиной 306,8 километра. В центре есть остров, а южный край покрыт бамбуком и осокой."
458,1,Байгалийн үзэсгэлэнт газар,Ховд гол,Khovd River,Ховд,khovd,Эрдэнэбүрэн,"Erdeneburen, Myangad",48.22414,91.97521,"Монгол Алтайн нурууны тэргүүн оргил Таван Богдын зүүн өмнөд мөсөн голоос эх авч урсах Цагаан гол , ховд голыг Ховдын эх гэж үздэг. Энэ хоёр гол нь Хотон нуур, Хурган нууруудыг дайран олон гол горхи нийлүүлсээр Их нууруудын хотгорын Хар-Ус нуурт цутгана.[1]","The Tsagaan River and the Khovd River, which originate from the southeastern glacier of Tavan Bogd, the highest peak in the Mongolian Altai Mountains, are considered the source of the Khovd River. These two rivers, which flow through the Khoton Lake and Khurgan Lake, merge into many streams and drain into the Khar-Us Lake in the Great Lakes Basin.[1]",https://www.dropbox.com/scl/fi/6xx551fq2ggl0osd3tx4e/.jpg?rlkey=thdnwzk9ytmf88922w53qihf5&raw=1,호브드 강,ホブド川,科布多河,Река Ховд,몽골 알타이산맥의 최고봉인 타반복드 남동쪽 빙하에서 발원하는 차강강과 호브드강이 호브드강의 발원지로 여겨진다. 코톤 호수(Khoton Lake)와 쿠르간 호수(Khurgan Lake)를 통해 흐르는 이 두 강은 많은 하천으로 합쳐져 오대호 분지의 카르우스 호수(Khar-Us Lake)로 흘러갑니다.[1],モンゴルのアルタイ山脈の最高峰であるタワン・ボグドの南東氷河に源を発するツァガーン川とホブド川が、ホブド川の源流と考えられています。コートン湖とクルガン湖を流れるこれら 2 つの川は多くの流れに合流して、五大湖盆地のハルウス湖に流れ込みます。,查干河和科布多河发源于蒙古阿尔泰山脉最高峰塔万博格德东南部冰川，被认为是科布多河的源头。这两条河流流经霍顿湖和库尔干湖，汇成许多溪流，流入五大湖盆地的卡尔乌斯湖。 [1],"Истоком реки Ховд считаются реки Цагаан и реки Ховд, берущие начало из юго-восточного ледника Таван Богд, самой высокой вершины Монгольского Алтая. Эти две реки, протекающие через озера Хотон и Хурган, сливаются во множество ручьев и впадают в озеро Хар-Ус в бассейне Великих озер.[1]"
459,1,Байгалийн үзэсгэлэнт газар,Хойд цэнхэрийн агуй,Northern Blue Cave,Ховд,Khovd,Манхан,Mankhan,47.34736,91.95668,Манхан сумын төвөөс баруун өмнө зүгт 25 км зайтай оршино.,It is located 25 km southwest of the center of Mankhan soum.,https://www.dropbox.com/scl/fi/725n7dg85uah05emei154/.jpg?rlkey=cnithtzmq4kxkxor67vmom7wl&raw=1,북쪽 블루 케이브,北方の青の洞窟,北部蓝洞,Северная Голубая Пещера,Mankhan soum 중심에서 남서쪽으로 25km 떨어져 있습니다.,マンカン ソムの中心部から南西 25 km に位置します。,它位于Mankhan soum中心西南25公里处。,Он расположен в 25 км к юго-западу от центра сомона Манхан.
460,1,Байгалийн үзэсгэлэнт газар,Хөдөө нуур(Ховд),Khuduu Lake(Khovd),Ховд,Khovd,Зэрэг,Zereg,47.10598,92.79624,Зэрэг сумаас баруун зүгт 2.7 км зайтай оршино.,It is located 2.7 km west of Zereg soum.,https://www.dropbox.com/scl/fi/g6atm9mzciupo7m7ef4la/.jpg?rlkey=8onnmucs6cisz5tex0vpb1lcb&raw=1,쿠두 호수,クドゥ湖,库杜湖,Озеро Худуу,Zereg soum에서 서쪽으로 2.7km 떨어져 있습니다.,ゼレグ ソムの西 2.7 km に位置します。,它位于Zereg soum以西2.7公里处。,"Он расположен в 2,7 км к западу от сума Зерег."
461,1,Байгалийн үзэсгэлэнт газар,Хясаа нуур,Oyster Lake,Ховд,Khovd,Үенч,Uench,46.10207,92.04649,Үенч сумын төвөөс хойд зүгд 4.5 км зайтай оршдог хиймэл нуур юм.,It is an artificial lake located 4.5 km north of the center of Uench soum.,https://www.dropbox.com/scl/fi/wzoert8hgojm6i26bjh6q/.jpg?rlkey=t3isnmelm9fih8ripl10629u0&raw=1,오이스터 레이크,オイスターレイク,牡蛎湖,Озеро Ойстер,은치솜 중심에서 북쪽으로 4.5km 떨어진 곳에 위치한 인공호수이다.,ウエンチ・ソムの中心部から北に4.5kmのところにある人造湖です。,这是一个人工湖，位于 Uench soum 中心以北 4.5 公里处。,"Это искусственное озеро, расположенное в 4,5 км к северу от центра сума Унч."
462,1,Байгалийн үзэсгэлэнт газар,Цэцэг нуур,Tsetseg Lake,Ховд,Khovd,Цэцэг,Tsetseg,46.66636,93.25152,Цэцэг сумын төвөөс хойд зүгт 15 км зайтай оршино.,It is located 15 km north of the center of Tsetseg soum.,https://www.dropbox.com/scl/fi/4dvez6y93c0lf3okx8fgo/.jpg?rlkey=m6usgvv0gmwnyx5j15krapea9&raw=1,체체그 호수,ツェツェグ湖,采采格湖,Озеро Цецег,체체그솜(Tsetseg soum) 중심에서 북쪽으로 15km 떨어져 있습니다.,ツェツェグ ソムの中心部から北に 15 km に位置します。,它位于Tsetseg soum中心以北15公里处。,Он расположен в 15 км к северу от центра сума Цэцег.
463,1,Байгалийн үзэсгэлэнт газар,Жаргалан хайрхан уул (3797м),Jargalant Khairkhan Mountain (3797m),Ховд,Khovd,Манхан,Mankhan,47.6872,92.56369,Манхан сумын төвөөс зүүн хойд зүгт далайн түвшнээс дээш 3796 метр өргөөгдсөн хайрхан юм.,"It is a mountain located northeast of the center of Mankhan soum, 3,796 meters above sea level.",https://www.dropbox.com/scl/fi/zwm80ynli2ukwlie9xil2/.jpg?rlkey=mnk6i2z0onb2j7k7rrzid26tc&raw=1,자르갈란트 카이르칸 산,ジャルガラント・ハイルハン山,贾尔加兰特·海尔汗山,Гора Джаргалант Хайрхан,"만칸솜 중심 북동쪽에 위치한 산으로 해발 3,796m이다.","マンカンスーム中心部の北東に位置する標高3,796メートルの山です。","它是一座位于曼汗苏姆中心东北部的山，海拔3,796米。","Это гора, расположенная к северо-востоку от центра сума Манхан, на высоте 3796 метров над уровнем моря."
464,1,Байгалийн үзэсгэлэнт газар,Бумбат хайрхан уул (3464м),Bumbat Khairkhan Mountain (3464m),Ховд,Khovd,Чандмань,Chandmani,47.28795,93.03099,"Зэрэг, Дарви, Чандмань сумдын зааг нутагт орших далын түвшнээс 3464 метр өргөгдсөн уул юм.","It is a mountain located on the border of Zereg, Darvi, and Chandman soums, rising 3,464 meters above sea level.",https://www.dropbox.com/scl/fi/1nnfm21anwm0bgvyddrjx/.jpg?rlkey=hxdv6a2z3dnmy5w4hl74u0tl7&raw=1,붐바트 카이르칸 산,ブンバット・ハイルハン山,邦巴特海尔汗山,Гора Бумбат Хайрхан,"Zereg, Darvi, Chandman soums의 경계에 위치한 산으로 해발 3,464m입니다.","これはゼレグ、ダルヴィ、チャンドマン スームの境界に位置する海抜 3,464 メートルの山です。","它是一座位于泽雷格、达尔维和昌德曼苏姆斯边境的山，海拔 3,464 米。","Это гора, расположенная на границе сумов Зерег, Дарви и Чандман, возвышающаяся на 3464 метра над уровнем моря."
465,1,Байгалийн үзэсгэлэнт газар,Баатар хайрхан уул (3984м),Baatar Kharkhan Mountain (3984m),Ховд,Khovd,Зэрэг,Zereg,46.96934,92.72495,"Зэрэг, Мөст сумдын зааг нутагт орших далын түвшнээс 3984 метр өргөгдсөн уул юм.","It is a mountain located on the border of Zereg, must soums, rising 3,984 meters above sea level.",https://www.dropbox.com/scl/fi/hfe0n6pbu1sjvaj5p9989/.jpg?rlkey=w1ziqbughms7w8piso16lac6w&raw=1,바타르 카이르칸 산,バータル・ハイルハン山,巴塔尔·海尔汗山,Гора Баатар Хайрхан,"Zereg의 경계에 위치한 산으로 해발 3,984m 높이의 Must Soums입니다.","これはゼレグ州マスト・スムスの国境に位置する標高 3,984 メートルの山です。","这座山位于泽雷格（Zereg）、穆苏姆斯（must soums）边境，海拔 3,984 米。","Это гора, расположенная на границе Зерегского сума, возвышающаяся на 3984 метра над уровнем моря."
466,2,Түүхийн дурсгалт газар,Дуутын овоо,Duutyn Ovoo,Ховд,Khovd,Дуут,Duut,47.53386,91.54503,Дуут нуурын баруун хойд талд 250 орчим метр зайтай оршино. ,It is located about 250 meters northwest of Duut Lake.,https://www.dropbox.com/scl/fi/nxo6730nn9bj98hupe1tu/.jpg?rlkey=6kxsy5edqt0vxjzgeav76vcli&raw=1,두틴 오보,ドゥティン・オヴォー,杜廷·奥沃,Дуутин Овоо,Duut Lake에서 북서쪽으로 약 250m 떨어져 있습니다.,ダウト湖の北西約250メートルに位置する。,位于Duut湖西北约250米处。,Он расположен примерно в 250 метрах к северо-западу от озера Дуут.
467,1,Байгалийн үзэсгэлэнт газар,Ачмаг нуур,Achmag Lake,Хөвсгөл,Khuvsgul,Түнэл,Tunel,49.6602,100.4869,"Аймгийн төв Мөрөн хотоос зүүн зүгт 23 км, Түнэл сумын төвөөс баруун өмнө зүгт  28 км  зайтай оршино.",The aimag's center is located 23 km east of the city of Muron and 28 km southwest of the center of Tunel soum.,https://www.dropbox.com/scl/fi/kdyfnl8sz3adj7dfn4mpg/.jpg?rlkey=tw3f3qpwfau4sahg4o1fc0vjg&raw=1,아크마그 호수,アシュマグ湖,阿赫马格湖,Озеро Ачмаг,"아이막의 중심은 무론(Muron) 시에서 동쪽으로 23km, 투넬 숨(Tunel soum) 중심에서 남서쪽으로 28km 떨어져 있습니다.",アイマグの中心部は、ムロン市の東 23 km、トゥネル ソムの中心部の南西 28 km に位置しています。,该省中心位于穆隆市以东 23 公里处，距离图内尔苏姆中心西南 28 公里处。,Центр аймака расположен в 23 км к востоку от города Мурон и в 28 км к юго-западу от центра сума Тунель.
468,1,Байгалийн үзэсгэлэнт газар,Бүрэнхаан уул Хөвсгөл,Burenkhaan Mountain Khuvsgul,Хөвсгөл,Khuvsgul,Ханх,Khankh,51.71853,100.60112,"Ханх сумын чанх хойд хэсэгт ОХУ, Монгол Улсын хилийн дагуу 70 орчим км үргэлжлэх зүүн Саяны нурууны салбар уулсын нэг бол Бүрэнхаан уул юм.  Гантиг чулуулгаас тогтсон Бүрэнхаан уул Хөвсгөл аймгийн хамгийн өндөр ууланд тооцогддог бөгөөд оргил нь 3491 метр өндөртэй Мөнх сарьдаг юм.","Burenkhaan Mountain is one of the branches of the Eastern Sayan Range, which stretches for about 70 kilometers along the border of Russia and Mongolia, just north of Khankh Sum. Burenkhaan Mountain, made of marble, is the highest mountain in Khuvsgul Province, with its peak at 3,491 meters, Munkh Sarydag.",https://www.dropbox.com/scl/fi/7hf280e8qk99su0mzlgwg/.jpg?rlkey=ga5wh54lazxwwjuwsobosv3ft&raw=1,부렌칸 산,ブレンカーン山,布伦坎山,Гора Буренхаан,"부렌칸 산(Burenkhaan Mountain)은 칸크 솜(Khankh Sum) 바로 북쪽, 러시아와 몽골의 국경을 따라 약 70km에 걸쳐 뻗어 있는 동부 사얀 산맥(Eastern Sayan Range)의 가지 중 하나입니다. 대리석으로 만들어진 부렌칸산(Burenkhaan Mountain)은 쿠브스굴(Khuvsgul) 주에서 가장 높은 산으로, 최고봉은 3,491m, 뭉크 사리다그(Munkh Sarydag)이다.","ブレンハーン山は、ロシアとモンゴルの国境に沿って約 70 キロメートルにわたって広がる東サヤン山脈の支脈の 1 つで、ハンク スムのすぐ北にあります。大理石でできたブレンハーン山はフブスグル県で最も高い山で、その頂上はムンク・サリダーグ（3,491メートル）です。","布伦汗山是东萨彦岭的分支之一，沿俄罗斯和蒙古边境绵延约70公里，位于庆和苏姆以北。布伦坎山由大理石建成，是库苏古尔省最高的山峰，其顶峰 Munkh Sarydag 海拔 3,491 米。","Гора Буренхаан — одно из ответвлений Восточного Саяна, протянувшегося примерно на 70 километров вдоль границы России и Монголии, к северу от Ханх-Сума. Гора Буренхаан, сделанная из мрамора, является самой высокой горой в провинции Хубсгул, с вершиной Мунх Сарыдаг высотой 3491 метр."
469,2,Түүхийн дурсгалт газар,Гэлэнхүүгийн суварга,Gelenkhuu Stupa,Хөвсгөл,Khuvsgul,Жаргалант,Jargalant,48.68467,99.37348,Жаргалант сумын төвөөс баруун өмнө зүгт 13 км зайтай оршино.,It is located 13 km southwest of the center of Jargalant soum.,https://www.dropbox.com/scl/fi/wkt00pzhs3es8s2z8j112/Gelenkhuu.jpg?rlkey=q8essjgkwhv7ctwowqyo0334n&raw=1,겔렌쿠 스투파,ゲレンクー仏塔,格伦库佛塔,Ступа Геленхуу,Jargalant soum 중심에서 남서쪽으로 13km 떨어져 있습니다.,ジャルガラント・スームの中心部から南西に13kmに位置しています。,它位于贾加兰特苏姆市中心西南13公里处。,Расположен в 13 км к юго-западу от центра сомона Джаргалант.
470,1,Байгалийн үзэсгэлэнт газар,Даян дээрхийн агуй,Dayan Deerkhi Cave,Хөвсгөл,Khuvsgul,Цагаан-Үүр,Tagaan-uur,50.55097,101.98179,Цагаан-Үүр сумын төвөөс зүүн зүгт 53  км зайтай оршино.,It is located 53 km east of the center of Tsagaan-Uur soum.,https://www.dropbox.com/scl/fi/wxn5nvcxl11ql0ummnsp7/Dayandeerkh.jpg?rlkey=o0afk3zh61vbczco7d8i757xe&raw=1,다얀 디르키 동굴,ダヤン ディルキ洞窟,达延迪尔克希洞,Пещера Даян Дирхи,Tsagaan-Uur soum 중심에서 동쪽으로 53km 떨어져 있습니다.,ツァガーン・ウール・スームの中心部から東に53kmに位置しています。,它位于查干乌尔苏姆中心以东53公里处。,Расположен в 53 км к востоку от центра сума Цагаан-Уур.
471,1,Байгалийн үзэсгэлэнт газар,Доод цагаан нуур,Dood Tsagaan Nuur,Хөвсгөл,Khuvsgul,Цагааннуур,Tsagaannuur,51.35143,99.384,Дархадын хотгорын хойд хэсэгт байх  Доод цагаан нуурын баруун эрэг дээр Цагааннуур сумын төв оршино. ,"The center of Tsagaannuur soum is located on the west bank of Dood Tsagaan Lake, in the northern part of the Darkhad Depression.",https://www.dropbox.com/scl/fi/awupytrkwediu9exb69nq/Doodtsagaanlake.jpg?rlkey=3yobx4paqny3xq8u2u8agpp0d&raw=1,두드 차강 누르,ドゥード・ツァガーン・ヌール,杜德查干努尔,Дуд Цагаан Нуур,Tsagaannuur soum의 중심은 Darkhad 우울증 북부의 Dood Tsagaan 호수 서쪽 기슭에 위치하고 있습니다.,ツァガーンヌール ソウルの中心部は、ダルハド窪地の北部、ドゥード ツァガーン湖の西岸に位置しています。,查干努尔苏姆中心位于杜德查干湖西岸，达哈德洼地北部。,"Центр сума Цагааннуур расположен на западном берегу озера Дуд Цагаан, в северной части впадины Дархад."
472,1,Байгалийн үзэсгэлэнт газар,Зүүн нуур,Zuun Lake,Хөвсгөл,Khuvsgul,Шинэ-Идэр,Shine-Ider,49.0634,99.47813,Шинэ-Идэр сумын төвөөс хойд зүгт 14  км зайтай оршино.,It is located 14 km north of the center of Shine-Ider soum.,https://www.dropbox.com/scl/fi/v0rjiw6yvxplugmflul5r/.jpg?rlkey=847x2ln9c4fa8fwd2c6080g0g&raw=1,준 호수,瑞雲湖,祖恩湖,Озеро Зуун,Shine-Ider soum 중심에서 북쪽으로 14km 떨어져 있습니다.,シャイン・アイダー・スームの中心部から北に14kmに位置しています。,它位于Shine-Ider soum中心以北14公里处。,Расположен в 14 км к северу от центра сума Шайн-Идер.
473,1,Байгалийн үзэсгэлэнт газар,Идэр гол,Ider River,Хөвсгөл,Khuvsgul,Жаргалант,Jargalant,48.62738,99.10043,"Жаргалант хойд талаар 1.5 км ийн зайтай урсан гарах Идэрийн гол нь  Завхан аймгийн Идэр, Тэлмэн, Тосонцэнгэл, Их уул сум, Хөвсгөл аймгийн Жаргалант, Галт, Төмөрбулаг, Рашаант сум, Архангай аймгийн Цэцэрлэг сум гэх мэт арваад сумын нутгаар дайран урсаж Хөвсгөл аймгийн Төмөрбулаг, Тосонцэнгэл, Рашаант сумдын зааг Олон голын бэлчир хэмээх газар Дэлгэр мөрөнтэй нийлж Сэлэнгэ мөрнийг үүсгэдэг.","The Ider River, which flows 1.5 km north of Jargalant, flows through the territories of ten soums, including Ider, Telmen, Tosontsengel, and Ikh Uul sums of Zavkhan aimag, Jargalant, Galt, Tumurbulag, and Rashaant sums of Khuvsgul aimag, and Tsetserleg soum of Arkhangai aimag. It meets the Delger River at the Olon Gol delta, on the border of Tumurbulag, Tosontsengel, and Rashaant sums of Khuvsgul aimag, to form the Selenge River.",https://www.dropbox.com/scl/fi/lrh14znj5xvk4ut5ed0h2/.jpg?rlkey=vcsaakdbunfzzx2nqu2mv024d&raw=1,아이더 강,アイダー川,艾德河,Река Идер,"Jargalant에서 북쪽으로 1.5km를 흐르는 Ider 강은 Ider, Telmen, Tosontsengel 및 Ikh Uul sum(Zavkhan aimag), Jargalant, Galt, Tumurbulag 및 Rashaant sum(Khuvsgul aimag) 및 Tsetserleg soum(Arhangai aimag)을 포함하는 10개의 숨(soum)을 통과합니다. 투무르불라그(Tumurbulag), 토손첸겔(Tosontsengel), 쿠브스굴 아이막(Khuvsgul aimag)의 라샨트 합(Rashaant sum of Khuvsgul aimag) 경계에 있는 올론 골 삼각주(Olon Gol delta)에서 델게르 강(Delger River)과 만나 셀렝게 강(Selenge River)을 형성합니다.",ジャルガラントの北1.5kmを流れるイデル川は、ザフハン・アイマグのイデル、テルメン、トソンツェンゲル、イク・ウルのスム、フブスグル・アイマグのジャルガラント、ガルト、トゥムルブラグ、ラシャーントのスム、アルハンガイ・アイマグのツェツェルレグ・スムを含む10のスムの領土を流れている。フブスグル アイマグのトゥムルブラグ、トソンツェンゲル、ラシャーントの合計の境界にあるオロン ゴル デルタでデルガー川と合流し、セレンゲ川を形成します。,伊德尔河流经贾尔加兰特以北1.5公里，流经十个苏姆地区，其中包括扎夫汗省的伊德尔省、泰尔门省、托松岑格尔省和伊赫乌尔苏姆省，库苏古尔省的伊德尔省、贾尔加兰特省、高尔特省、图穆尔布拉格省和拉沙安特省，以及阿尔汉盖省的采采勒格省。它在奥隆古尔三角洲、库苏古尔省图木尔布拉格、托松岑格尔和拉尚特苏姆的边界处与德尔格河汇合，形成色楞格河。,"Река Идер, протекающая в 1,5 км к северу от Джаргаланта, протекает по территориям десяти сумов, в том числе сумов Идер, Тельмен, Тосонценгель и Их Уул Завханского аймака, сумов Жаргалант, Галт, Тумурбулаг и Рашаант Хубсгульского аймака и сума Цецерлег Архангайского аймака. Впадает в реку Дэлгер в дельте Олон-Гола, на границе сумов Тумурбулаг, Тосонценгель и Рашаант Хубсугулского аймака, образуя реку Селенге."
474,1,Байгалийн үзэсгэлэнт газар,Модон хүй арал,Modon Khui Island,Хөвсгөл,Khuvsgul,Хөвсгөл нуур,Khuvsgul Lake,50.9774,100.50621,"Тэнгэр баганадсан модоор бүрхэгдсэн арлын урт нь 4 км, өргөн нь 3 км юм. Энэ аралд хандгай, гөрөөс, чандага зэрэг төрөл бүрийн ан амьтад байдаг, олон зүйлийн ургамал жимс ургадаг ажээ.","The island, covered in towering trees, is 4 km long and 3 km wide. It is home to a variety of wildlife, including elk, deer, and otters, and many types of plants and fruits grow on the island.",https://www.dropbox.com/scl/fi/2mh0byp9fpyn6zp3k7rw2/.jpg?rlkey=f576fcm93tm6k40quf0rjlu7o&raw=1,모돈쿠이 섬,モドン・クイ島,莫东库伊岛,Остров Модон Кхуй,"우뚝 솟은 나무들로 뒤덮인 섬의 길이는 4km, 폭은 3km입니다. 엘크, 사슴, 수달 등 다양한 야생동물이 서식하고 있으며, 다양한 종류의 식물과 과일이 자라고 있습니다.",そびえ立つ木々に覆われたこの島は長さ 4 km、幅 3 km です。ヘラジカ、シカ、カワウソなどのさまざまな野生動物が生息しており、島にはさまざまな種類の植物や果物が生えています。,该岛长4公里，宽3公里，树木参天。这里是麋鹿、鹿和水獭等多种野生动物的家园，岛上还生长着多种植物和水果。,"Остров, покрытый высокими деревьями, имеет длину 4 км и ширину 3 км. Здесь обитают разнообразные дикие животные, в том числе лоси, олени и выдры, а также на острове растет множество видов растений и фруктов."
475,1,Байгалийн үзэсгэлэнт газар,Мөсний баяр болдог газар,Ice festival venue,Хөвсгөл,Khuvsgul,Хөвсгөл нуур,Khuvsgul Lake,50.46708,100.19323,Хадан хүй арлын зүүн талд оршино. ,It is located on the east side of Khadan Khui Island.,https://www.dropbox.com/scl/fi/8n3k19eungp3cljboapxd/.jpg?rlkey=5nc1r6gk273ka9yclwmcnwe6s&raw=1,아이스 페스티벌 장소,氷祭り会場,冰雪节场地,Место проведения ледового фестиваля,Khadan Khui 섬의 동쪽에 위치하고 있습니다.,カダンクイ島の東側に位置します。,它位于Khadan Khui岛的东侧。,Он расположен на восточной стороне острова Хадан Хуй.
476,1,Байгалийн үзэсгэлэнт газар,Хадан хүй арал,Khadan Khui Island,Хөвсгөл,Khuvsgul,Хөвсгөл нуур,Khuvsgul Lake,50.46818,100.18773,Хөвсгөл нуурын өмнөд хэсэгт байна.,It is located in the southern part of Lake Khuvsgul.,https://www.dropbox.com/scl/fi/9x74bonh17cba1vo4wtjy/.jpg?rlkey=xemy5idx8e73qsj6yzkix5akv&raw=1,카단 쿠이 섬,カダン・クイ島,卡丹库伊岛,Остров Хадан Кхуй ,Khuvsgul 호수의 남쪽 부분에 위치하고 있습니다.,Error 500 (Server Error)!!1500.That’s an error.There was an error. Please try again later.That’s all we know.,它位于库苏古尔湖南部。,Он расположен в южной части озера Хубсгул.
477,1,Байгалийн үзэсгэлэнт газар,Өрхөт нуур,Urkhut Lake,Хөвсгөл,Khuvsgul,Арбулаг,Arbulag,49.90329,99.39359,Арбулаг сумын төвөөс баруун зүгт 3.5 км зайтай оршино.,It is located 3.5 km west of the center of Arbulag soum.,https://www.dropbox.com/scl/fi/8p1tvhskfvtufwq96msbr/.jpg?rlkey=g3d0hkymmxkadq2lwgabtco29&raw=1,우르쿠트 호수,ウルクット湖,乌尔胡特湖,Озеро Урхут,Arbulag soum 중심에서 서쪽으로 3.5km 떨어져 있습니다.,アルブラグ・ソムの中心部から西​​に3.5kmに位置しています。,它位于阿尔布拉格苏姆中心以西3.5公里处。,"Расположен в 3,5 км к западу от центра сомона Арбулаг."
478,1,Байгалийн үзэсгэлэнт газар,Тарган нуур,Targan Lake,Хөвсгөл,Khuvsgul,Рэнчинлхүмбэ,Renchinlkhumbe,51.46534,99.4866,"Цагааннуур сумын төвөөс зүүн хойд зүгт 18 км зайтай,  Далайн түвшнээс дээш 1538 метр өндөрт оршино. ","It is located 17 km northeast of the center of Tsagaannuur soum, at an altitude of 1,538 meters above sea level.",https://www.dropbox.com/scl/fi/pw74sutp9moiih8y8rwez/.jpg?rlkey=fivnxyeuten9vmbkdgz02lv0b&raw=1,타르간 호수,ターガン湖,塔甘湖,Тарганское озеро,"Tsagaannuur Soum 중심에서 북동쪽으로 17km, 해발 1,538m에 위치해 있습니다.","ツァガーヌール・ソウムの中心部から北東 17 km、標高 1,538 メートルに位置します。",它位于察干努尔苏姆市中心东北17公里处，海拔1538米。,"Он расположен в 17 км к северо-востоку от центра сума Цагааннуур, на высоте 1538 метров над уровнем моря."
479,1,Байгалийн үзэсгэлэнт газар,Хар усны рашаан ,Khar Usny Mineral Water,Хөвсгөл,Khuvsgul,Ренчинлхүмбэ,Renchinlhumbe,50.93518,100.24701,Хөвсгөл нуурын баруун эрэгт оршино.,It is located on the west bank of Lake Khuvsgul.,https://www.dropbox.com/scl/fi/z8lidp124q3uobqe17ixd/.jpg?rlkey=adr1oz9tpxyobdcb26gbch69p&raw=1,카르 우스니 미네랄워터,カル・ウスニー・ミネラルウォーター,哈尔乌斯尼矿泉水,Минеральная вода Khar Usny,Khuvsgul 호수의 서쪽 기슭에 위치하고 있습니다.,フブスグル湖の西岸に位置します。,它位于库苏古尔湖西岸。,Он расположен на западном берегу озера Хубсгул.
480,1,Байгалийн үзэсгэлэнт газар,Жаргант гол,Jargant River,Хөвсгөл,Khuvsgul,Рэнчинлхүмбэ,Renchinlkhumbe,51.08096,99.70503,Рэнчинлхүмбэ сумын төвөөс зүүн урд зүгт 3.5 км зайтай оршино.,It is located 3.5 km southeast of the center of Renchinlhumbe soum.,https://www.dropbox.com/scl/fi/5zil00zavgea8rcbdwjx3/.jpg?rlkey=qwlb4gii7q6e9vfnbpegl1tau&raw=1,자르간트 강,ジャルガント川,贾根特河,c,Renchinlhumbe soum 중심에서 남동쪽으로 3.5km 떨어져 있습니다.,レンチンルンベ スームの中心部から南東 3.5 km に位置します。,它位于Renchinlhumbe soum中心东南3.5公里处。,"Он расположен в 3,5 км к юго-востоку от центра сума Ренчинлумбе."
481,1,Байгалийн үзэсгэлэнт газар,Цойцон нуур,Tsoitson Lake,Хөвсгөл,Khuvsgul,Ренчинлхүмбэ,Renchinlhumbe,51.31438,99.5765,Рэнчинлхүмбэ сумын төвөөс баруун хойд зүгт 25 км зайтай оршино.,It is located 25 km northwest of the center of Renchinlhumbe soum.,https://www.dropbox.com/scl/fi/cf4fyetwqg1v4nzlbki1z/.jpg?rlkey=48wlr2d0qqnmxu4aaoylsbe3g&raw=1,초이촌 호수,ツォイチョン湖,措伊琼湖,Озеро Цойцон,Renchinlhumbe soum 중심에서 북서쪽으로 25km 떨어져 있습니다.,レンチンルンベ スームの中心部から北西 25 km に位置します。,它位于Renchinlhumbe soum中心西北25公里处。,Он расположен в 25 км к северо-западу от центра сума Ренчинлумбе.
482,2,Түүхийн дурсгалт газар,Уушгийн өврийн буган хөшөө,Uushgiin Uvur Deer Stone,Хөвсгөл,Khuvsgul,Бүрэнтогтох,Burentogtokh,49.65565,99.92866,Аймгийн төв Мөрөн хотоос 18 км зайтай орших Уушиг уулын өвөрт булш хиргисүүр хөшөө чулуу маш олонтой бөгөөд нэгэн дор 14 буган хөшөө буй.,"Located 18 km from the provincial capital, Muron, on the slopes of Uushig Mountain, there are many tombstones and stone statues, including 14 deer statues.",https://www.dropbox.com/scl/fi/blk8pncw1tn69ed4m1y5w/.jpeg?rlkey=8ihz8rss8yzzlborc0f4kz1uw&raw=1,우쉬긴 우부르 사슴 돌,ウシュギイン・ウブル鹿の石,乌什金·乌武尔·鹿石,Олений камень Уушгийн Увур,지방 수도인 무론(Muron)에서 18km 떨어진 우시그산(Uushig Mountain) 기슭에 위치한 이곳에는 14개의 사슴 조각상을 포함해 많은 묘비와 석상이 있습니다.,州都ムロンから 18 km のウーシグ山の斜面に位置し、14 頭の鹿の像を含む多くの墓石や石像があります。,距省会木伦18公里，乌石山山坡上，有许多墓碑和石像，其中有鹿雕像14座。,"Расположенный в 18 км от столицы провинции Мурон, на склонах горы Уушиг, здесь находится множество надгробий и каменных статуй, в том числе 14 статуй оленей."
483,1,Байгалийн үзэсгэлэнт газар,Мөнхсарьдиг уул (3491м),Munkhsardig Mountain (3491m),Хөвсгөл,Khuvsgul,Ханх,Khankh,51.71892,100.59685,Далайн түвшнээс дээш 3491 метр өргөгдсөн уул.,A mountain that rises 3491 meters above sea level.,https://www.dropbox.com/scl/fi/3q00lg8x8a41cmg7h7wfw/.jpg?rlkey=k5e0w53icv7c9ql39rn50ulp5&raw=1,뭉크사르디그 산,ムンクサルディグ山,蒙克萨迪格山,Гора Мункхсардиг,해발 3491m의 산.,標高3491メートルの山。,海拔3491米的山峰。,"Гора, возвышающаяся на 3491 метр над уровнем моря."
484,1,Байгалийн үзэсгэлэнт газар,Элст эрэг,Sand Beach,Хөвсгөл,Khuvsgul,Ханх,Khankh,51.61475,100.57373,Ханх сумын төвөөс баруун хойд зүгт 15 км зайтай оршино.,It is located 15 km northwest of the center of Khankh soum.,https://www.dropbox.com/scl/fi/4ea5kn5bjpvqwb3zredti/.jpg?rlkey=a9rgywj7jdprb0dkqpf2a53hv&raw=1,모래사장,砂浜,沙滩,Песчаный пляж,Khankh soum 중심에서 북서쪽으로 15km 떨어져 있습니다.,カンク・スムの中心部から北西に15kmに位置します。,它位于Khankh soum中心西北15公里处。,Он расположен в 15 км к северо-западу от центра Ханх-Сума.
485,1,Байгалийн үзэсгэлэнт газар,Хөвсгөл нуур,Khubsugul Lake,Хөвсгөл,Khuvsgul,Ханх,Khankh,50.99178,100.42641,"Хөвсгөл нуур нь Монгол улсын хойд хэсэгт Хөвсгөл аймагт далайн түвшнээс 1645 метр өндөрт оршдог цэнгэг устай нуур. Энэ нуур нь Монголын хамгийн их эзлэхүүнтэй, хамгийн гүн нуур юм. Хөвсгөл нуурын хамгийн гүн хэсэгтээ 262.4 метр, урт нь 136 км, хамгийн өргөн хэсэг нь 36,5 км ажээ.","Khuvsgul Lake is a freshwater lake located in Khuvsgul Province in northern Mongolia at an altitude of 1,645 meters above sea level. It is the largest and deepest lake in Mongolia. Khuvsgul Lake is 262.4 meters deep at its deepest point, 136 km long, and 36.5 km wide at its widest point.","https://www.dropbox.com/scl/fi/10ui5z3hr7ozvny1w9x7o/.jpg?rlkey=6u3m4sso6jbuy5hktksxzfgus&raw=1,https://www.dropbox.com/scl/fi/s0bc0g0kiwx5qy2p6zn8s/1.jpg?rlkey=oz8lndljd83wxplscb07jvayv&raw=1",쿳수굴 호수,フブスグル湖,库苏古尔湖,Озеро Хубсугул,"쿠브스굴 호수(Khuvsgul Lake)는 몽골 북부 쿠브스굴 주(Khuvsgul Province)에 위치한 해발 1,645m의 담수호입니다. 몽골에서 가장 크고 깊은 호수이다. 쿠브스굴 호수는 가장 깊은 곳의 깊이가 262.4m, 길이가 136km, 가장 넓은 곳의 폭이 36.5km입니다.","フブスグル湖は、モンゴル北部のフブスグル県の標高1,645メートルにある淡水湖です。モンゴルで最大かつ最も深い湖です。フブスグル湖は、最も深い場所で深さ 262.4 メートル、長さ 136 km、最も広い場所での幅 36.5 km です。",库苏古尔湖是位于蒙古北部库苏古尔省的一个淡水湖，海拔1645米。它是蒙古最大、最深的湖泊。 Khuvsgul湖最深处262.4米，长136公里，最宽处36.5公里。,"Озеро Хубсугул — пресноводное озеро, расположенное в провинции Хубсугул на севере Монголии на высоте 1645 метров над уровнем моря. Это самое большое и глубокое озеро Монголии. Озеро Хувсгул имеет глубину 262,4 метра в самой глубокой точке, длину 136 км и ширину в самом широком месте 36,5 км."
486,1,Байгалийн үзэсгэлэнт газар,Хурцын агуй,Khurts Cave,Хөвсгөл,Khuvsgul,Алаг-Эрдэнэ,Alag-Erdene,50.15557,99.81779,Алаг-Эрдэнэ сумын төвөөс баруун хойд зүгт 20 км зайтай оршино.,It is located 20 km northwest of the center of Alag-Erdene soum.,,쿠르트 동굴,クルツ洞窟,库尔特洞穴,Пещера Хурц,Alag-Erdene soum 중심에서 북서쪽으로 20km 떨어져 있습니다.,アラグ・エルデネ・ソムの中心部から北西20kmに位置する。,它位于阿拉格-额尔德尼苏姆中心西北20公里处。,Расположен в 20 км к северо-западу от центра сомона Алаг-Эрдэне.
487,1,Байгалийн үзэсгэлэнт газар,Хүслийн хад,The Rock of Desire,Хөвсгөл,Khuvsgul,Алаг-Эрдэнэ,Alag-Erdene,50.545673,100.211352,Хатгал тосгоноос хойд зүгт 14 км зайтай оршино.,It is located 14 km north of Khatgal village.,https://www.dropbox.com/scl/fi/u2qkksvthjdk1qgqk5s2d/.jpg?rlkey=snow2yztdwd8asf7cbouswwmh&raw=1,욕망의 바위,欲望の岩,欲望之岩,Скала Желания,Khatgal 마을에서 북쪽으로 14km 떨어져 있습니다.,カトガル村の北 14 km に位置します。,它位于Khatgal村以北14公里处。,Он расположен в 14 км к северу от села Хатгал.
488,1,Байгалийн үзэсгэлэнт газар,Эрхэл нуур,Erkhel Lake,Хөвсгөл,Khuvsgul,Алаг-Эрдэнэ,Alag-Erdene,49.94265,99.91613,Алаг-Эрдэнэ сумын төвөөс баруун өмнө зүгт 23 км зайтай оршино.,It is located 23 km southwest of the center of Alag-Erdene soum.,https://www.dropbox.com/scl/fi/mq7u8ycf916dgxd5gnx6z/.jpg?rlkey=eby8fyob5ux7kg4ma8ntkp0ja&raw=1,에르켈 호수,エルケル湖,埃尔克湖,Озеро Эрхель,Alag-Erdene soum 중심에서 남서쪽으로 23km 떨어져 있습니다.,アラグ・エルデネ・ソムの中心部から南西23キロに位置する。,它位于阿拉格-额尔德尼苏姆中心西南23公里处。,Он расположен в 23 км к юго-западу от центра сомона Алаг-Эрдэне.
489,1,Байгалийн үзэсгэлэнт газар,Сангийн далай нуур (Хөвсгөл),Sangiin Dalai Lake (Khuvsgul),Хөвсгөл,Khuvsgul,Бүрэнтогтох,Burentogtokh,49.24725,99.04066,"Бүрэнтогтох, цагаан-Уул, Шинэ-Идэр сумдын хилийн заагт Далайн түвшнээс дээр 1891 метр өндөрт оршино.","It is located at an altitude of 1891 meters above sea level on the border of Burentogtoh, Tsagaan-Uul, and Shine-Ider soums.",https://www.dropbox.com/scl/fi/td36gfyx4slhnpdps7qdd/..JPG?rlkey=xgin0p69fivvgtu6nec0sqk8i&raw=1,상긴 호수,サンギン湖,桑金湖,Озеро Сангийн Далай,"Burentogtoh, Tsagaan-Uul 및 Shine-Ider soums 경계의 해발 1891m 고도에 위치하고 있습니다.",ブレントグトー、ツァガーン・オール、シャイン・イダー・スームの境界にある海抜 1891 メートルの高地に位置しています。,Error 500 (Server Error)!!1500.That’s an error.There was an error. Please try again later.That’s all we know.,"Он расположен на высоте 1891 метр над уровнем моря на границе сумов Бурентогтох, Цагаан-Уул и Шайн-Идер."
490,1,Байгалийн үзэсгэлэнт газар,Тунамал нуур,Tunamal Lake,Хөвсгөл,Khuvsgul,Цагаан-Уул,Tsagaan-Uul,49.41267,98.523,Далайн түвшнээс дээш 1988 метр өндөрт орших нуур.,The lake is located at an altitude of 1988 meters above sea level.,https://www.dropbox.com/scl/fi/7xo6meix9eefde7c6h4jo/.jpg?rlkey=gfcx3zn037p204s196uxre07p&raw=1,特纳马尔湖,トゥナマル湖,特纳马尔湖,Озеро Тунамал,호수는 해발 1988m 높이에 위치해 있습니다.,湖は海抜 1988 メートルの高地にあります。,该湖海拔1988米。,Озеро расположено на высоте 1988 метров над уровнем моря.
491,1,Байгалийн үзэсгэлэнт газар,Бошлой хад,Boshloi Rock,Хөвсгөл,Khuvsgul,Баянзүрх,Bayanzurkh,50.14724,98.88119,Баянзүрх сумын төвөөс баруун өмнө зүгт 8 км зайтай оршино.,It is located 8 km southwest of the center of Bayanzurkh soum.,https://www.dropbox.com/scl/fi/cyc9ik8xzouhxkccrbkrp/.jpg?rlkey=6bottol3ttjsw90u4b6phvzz9&raw=1,보슐로이 록,ボシュロイロック,博什洛伊岩,Бошлой Скала,Bayanzurkh Soum 중심에서 남서쪽으로 8km 떨어져 있습니다.,バヤンズルフ・スムの中心部から南西に 8 km に位置します。,Error 500 (Server Error)!!1500.That’s an error.There was an error. Please try again later.That’s all we know.,Он расположен в 8 км к юго-западу от центра Баянзурх Сума.
492,1,Байгалийн үзэсгэлэнт газар,Уширын хүрхрээ,Ushir Waterfall,Хөвсгөл,Khuvsgul,Баянзүрх,Bayanzurkh,50.16787,98.96062,Баянзүрх сумын төвөөс баруун өмнө зүгт 1.5 км зайтай оршино.,It is located 1.5 km southwest of the center of Bayanzurkh soum.,https://www.dropbox.com/scl/fi/wd3ybrovwto1zswd9lul0/.jpg?rlkey=3rottjo7p2ck7cvbnsxidue5m&raw=1,우시르 폭포,ウシル滝,乌希尔瀑布,Водопад Уширин,Bayanzurkh Soum 중심에서 남서쪽으로 1.5km 떨어져 있습니다.,バヤンズルフ・スームの中心部から南西に1.5kmに位置しています。,Error 500 (Server Error)!!1500.That’s an error.There was an error. Please try again later.That’s all we know.,"Он расположен в 1,5 км к юго-западу от центра Баянзурх Сума."
493,1,Байгалийн үзэсгэлэнт газар,Шигтгээ хад,Shigtgee Rock,Хөвсгөл,Khuvsgul,Улаан-Уул,Ulaan-Uul,50.7812,99.52451,Улаан-Уул сумын төвөөс зүүн хойд зүгт 35 км зайтай оршино.,It is located 35 km northeast of the center of Ulaan-Uul soum.,https://www.dropbox.com/scl/fi/2pzea9llfclpypw43tqnf/.jpg?rlkey=a6mzk6fs8qlj4bjwz0w9st6ih&raw=1,시그트기 록,シグトギーロック,希格特吉岩,Шигтги Скала,울란울솜 중심에서 북동쪽으로 35km 떨어진 곳에 위치해 있다.,ウラン・オール・スムの中心部から北東に 35 km に位置しています。,位于乌兰乌拉苏姆市中心东北35公里处。,Он расположен в 35 км к северо-востоку от центра Улан-Уул Сума.
494,1,Байгалийн үзэсгэлэнт газар,Ар босготын хавцал,Canyon Ar Bosgot,Хөвсгөл,Khuvsgul,Улаан-Уул,Ulaan-Uul,50.79262,99.51672,Улаан-Уул сумын төвөөс зүүн хойд зүгт 33.5 км зайтай оршино.,It is located 33.5 km northeast of the center of Ulaan-Uul soum.,https://www.dropbox.com/scl/fi/d5jen7cipcqqww9npf7b9/.jpg?rlkey=q4y6qfwp27q9w3ytnbp9ru33s&raw=1,캐니언 아르 보스곳,キャニオン・アル・ボスゴット,峡谷阿博斯戈特,Каньон Ар Босгот,울란울솜에서 북동쪽으로 33.5km 떨어진 곳에 위치해 있다.,ウラン・ウル・スムの北東33.5kmに位置する。,Error 500 (Server Error)!!1500.That’s an error.There was an error. Please try again later.That’s all we know.,"Он расположен в 33,5 км к северо-востоку от Улан-Уул Сума."
495,1,Байгалийн үзэсгэлэнт газар,Улаан тайга байгалийн цогцолбор газар,Ulaantaiga Bio Reserve,Хөвсгөл,Khuvsgul,Баянзүрх,Bayanzurkh,50.33779,98.36527,Уулын тайгын бүслүүр тархсан өндөр уулс юм. ,The mountain taiga belt is spread over high mountains.,https://www.dropbox.com/scl/fi/4pjpejbry4de88atgvo65/.jpg?rlkey=8qwwl5m74oq761r1s2rzw4w8k&raw=1,레드 타이가 국립공원,レッドタイガ国立公園,红泰加国家公园,Национальный парк Красная тайга,산 타이가 벨트는 높은 산 위에 펼쳐져 있습니다.,山岳タイガ帯は高山に広がっています。,Error 500 (Server Error)!!1500.That’s an error.There was an error. Please try again later.That’s all we know.,Горно-таежный пояс раскинулся на высоких горах.
496,1,Байгалийн үзэсгэлэнт газар,Шишгэд гол,Shishged River,Хөвсгөл,Khuvsgul,Рэнчинлхүмбэ,Renchinlkhumbe,51.47938,98.86744,"Хөвсгөл аймгийн Рэнчинлхүмбэ, Цагааннуур, Улаан-Уул сумдын нутгаар урсан ОХУ-ын нутаг уруу урсан орно. ","It flows through the Renchinlhumbe, Tsagaannuur, and Ulaan-Uul soums of Khuvsgul aimag and enters the territory of Russia.",https://www.dropbox.com/scl/fi/dn796nyf66kgp8rt055ke/.jpg?rlkey=lju8bmngowobrv5unwd4cepfp&raw=1,시시게드 강,シシュゲド川,希什格德河,Река Шишгэд,"Khuvsgul aimag의 Renchinlhumbe 강, Tsagaannuur 강, Ulaan-Uul 강을 거쳐 러시아 영토로 들어갑니다.",フブスグル・アイマグのレンチンルンベ川、ツァガーヌール川、ウラン・オール川を流れ、ロシア領土に入ります。,流经库苏古勒省的伦钦鲁姆贝河、察干努尔河和乌兰乌尔河，进入俄罗斯境内。,"Протекает через реки Ренчинлхумбе, Цагааннуур и Улаан-Уул Хубсгульского аймака и попадает на территорию России."
497,1,Байгалийн үзэсгэлэнт газар,Шишгэд Тэнгис голын бэлчир,Shishged Tengis River Delta,Хөвсгөл,Khuvsgul,Рэнчинлхүмбэ,Renchinlkhumbe,51.46801,99.02357,Рэнчинлхүмбэ сумын нутагт Цагааннуур сумын төвөөс баруун хойд зүгт 32 км зайтай оршино.,It is located 32 km northwest of the center of Tsagaannuur soum in Renchinlhumbe soum.,https://www.dropbox.com/scl/fi/z3l3q26xxbti86p5g4nne/.jpg?rlkey=mp54allfqo10gv8x29fo4hufh&raw=1,시시게드 텡기스 강 삼각주,シシュゲド・テンギス川デルタ,希什格德腾吉斯河三角洲,Дельта реки Шишгед Тенгис,Renchinlhumbe 호수의 Tsagaannuur 호수에서 남서쪽으로 32km 떨어져 있습니다.,レンチンルンベ湖のツァガーヌール湖の南西 32 km に位置します。,位于Renchinlhumbe湖查干努尔湖西南32公里处。,Он расположен в 32 км к юго-западу от озера Цагааннуур на озере Ренчинлумбе.
498,1,Байгалийн үзэсгэлэнт газар,Дэлгэр мөрөн,Delger River,Хөвсгөл,Khuvsgul,Бүрэнтогтох,"Burentogtokh, Tunel, Tumurbulag, Tosontsengel",49.63129,99.783,Дэлгэр мөрөн Идэрийн голтой нийлэн Сэлэнгэ мөрний эхийг үүсгэнэ.,The Delger River merges with the Ider River to form the headwaters of the Selenge River.,https://www.dropbox.com/scl/fi/ojyfvno8esphlcgy2wcgm/.jpg?rlkey=ds1zvmbb3694cdtvy8r5azxfq&raw=1,델거 강,デルガー川,德尔格河,Река Делгер,델게르 강(Delger River)은 아이데르 강(Ider River)과 합류하여 셀렝게 강의 상류를 형성합니다.,デルガー川はイデル川と合流してセレンゲ川の源流となります。,德尔格河与伊德尔河汇合，形成色楞格河的源头。,"Река Дэлгер сливается с рекой Идер, образуя истоки реки Селенги."
499,1,Байгалийн үзэсгэлэнт газар,Хорьдол Сарьдаг дархан цаазат газар,Khoridol Saridag Strictly Protected Area,Хөвсгөл,Khuvsgul,Рэнчинлхүмбэ,Renchinlkhumbe,50.69031,99.72207,Ян сарьдаг бүхий өвөрмөц тогтоцтой өндөр уулын бүслүүрийг төлөөлсөн уулс юм,The mountains represent a high mountain belt with a unique formation of Yang Saridag.,https://www.dropbox.com/scl/fi/3tf4mnbx4ftbvxkcjypkh/2.jpg?rlkey=c37f45w0aq412hn51fi6ya8cx&raw=1,호돌 사리다그 야생동물 보호구역,ホードル サリダグ野生生物保護区,霍多尔萨里达格野生动物保护区,Заповедник Хордол Саридаг,산은 양사리다그(Yang Saridag)라는 독특한 형태를 지닌 고산지대를 대표한다.,山々はヤン・サリダグの独特な地形を持つ高山帯を表しています。,Error 500 (Server Error)!!1500.That’s an error.There was an error. Please try again later.That’s all we know.,Горы представляют собой высокогорный пояс с уникальным образованием Ян Саридаг.
500,2,Түүхийн дурсгалт газар,Алунгоо эхийн хөшөө,Statue of Mother Alungoo,Хөвсгөл,Khuvsgul,Чандмань-Өндөр,Chandmani-Undur,50.4165,100.976,Чандмань-Өндөр сумын төвөөс зүүн өмнө зүгт 12 км зайтай оршино.,It is located 12 km southeast of the center of Chandmani-Undur soum.,https://www.dropbox.com/scl/fi/ery3m8nvd471m2tecoz0o/.jpg?rlkey=juq022sfpf229ytt8k8t66wia&raw=1,알룽구 어머니 동상,マザー・アルングーの像,阿隆古母亲雕像,Статуя Матери Алунгу,Chandmani-Undur soum 중심에서 남동쪽으로 12km 떨어져 있습니다.,チャンドマニ・ウンドゥル・ソムの中心部から南東12kmに位置しています。,Error 500 (Server Error)!!1500.That’s an error.There was an error. Please try again later.That’s all we know.,Он расположен в 12 км к юго-востоку от центра сума Чандмани-Ундур.
501,2,Түүхийн дурсгалт газар,Удган мод,Shaman tree,Хөвсгөл,Khuvsgul,Цагаан-Үүр,Tsagaan-Uur,50.5391,101.46266,Цагаан-Үүр сумын төвөөс баруун зүгт 3.5 км зайтай оршино.,It is located 12 km west of the center of Tsagaan-Uur soum.,https://www.dropbox.com/scl/fi/o2n1dtj6q0our2nyp6037/.jpg?rlkey=b3q6uaxdd50qtra8pk8u0d9ai&raw=1,샤먼 트리,シャーマンツリー,萨满树,Дерево шамана,Tsagaan-Uur soum 중심에서 서쪽으로 12km 떨어져 있습니다.,ツァガーン・ウール・スームの中心部から西​​に12kmに位置しています。,它位于查干乌尔苏姆中心以西12公里处。,Он расположен в 12 км к западу от центра сума Цагаан-Уур.
502,1,Байгалийн үзэсгэлэнт газар,Их уул,Ikh Uul Mountain,Хөвсгөл,Khuvsgul,Их уул,Ikh-Uul,49.44844,101.64292,"Байгалийн өвөрмөц тогтоц, түүхэн ач холбогдол бүхий уул юм.",It is a mountain with a unique natural formation and historical significance.,https://www.dropbox.com/scl/fi/v6ax9olh4f4ntnaeafnp5/.jpg?rlkey=g1ncpxlltuersnuu63qriquvv&raw=1,이크 울 산,イク・ウル山,伊赫乌拉山,Гора Их Уул,독특한 자연형성과 역사적 의미를 지닌 산이다.,独特の自然形成と歴史的意義を持つ山です。,它是一座具有独特自然形态和历史意义的山。,Это гора с уникальным природным образованием и историческим значением.
503,1,Байгалийн үзэсгэлэнт газар,Монгол шарын даваа,Mongolian Yellow Pass,Хөвсгөл,Khuvsgul,Цагааннуур,Tsagaannuur,52.147,98.942,Монгол улсын хойд цэг,The northernmost point of Mongolia,https://www.dropbox.com/scl/fi/u0402lcbmg07kdwskrhgo/.jpg?rlkey=qdfgphcuyy8wyizmc5ri95n12&raw=1,몽골의 욜티예 고개,モンゴルのジョルティエ峠,蒙古乔尔蒂耶山口,Монгол жёлтый перевал,몽골의 최북단,モンゴル最北端,Error 500 (Server Error)!!1500.That’s an error.There was an error. Please try again later.That’s all we know.,Самая северная точка Монголии
504,1,Байгалийн үзэсгэлэнт газар,Эг гол,Eg River,Хөвсгөл ,Khuvsgul,Алаг-Эрдэнэ,Alag-Erdene,50.24092,100.09429,"Монгол орны хамгийн гүн цэнгэг Хөвсгөл нуураас эх аван Хөвсгөл, Булган аймгуудын нутгаар урсан Сэлэнгэ мөрөнд зүүн гараас нь цутгадаг гол юм.","It is a river that originates from Lake Khuvsgul, the deepest freshwater lake in Mongolia, and flows through Khuvsgul and Bulgan provinces, where it flows into the Selenge River on the left bank.",https://www.dropbox.com/scl/fi/jnl8ol54cm59yh6rbsmyp/.jpg?rlkey=n6nd9vxvdjvvu6n0j0f17x30h&raw=1,에게해 강,エーゲ海川,爱琴海,Река Эг,몽골에서 가장 깊은 담수호인 쿠브스굴호에서 발원하여 쿠브스굴지방과 불간지방을 거쳐 좌안 셀렝게강으로 흘러드는 강이다.,モンゴルで最も深い淡水湖であるフブスグル湖に源を発し、フブスグル県とボルガン県を流れ、左岸のセレンゲ川に注ぐ川です。,发源于蒙古国最深的淡水湖库苏古尔湖，流经库苏古尔省和布尔干省，在左岸注入色楞格河。,"Это река, берущая начало из озера Хубсугул, самого глубокого пресноводного озера в Монголии, и протекает через провинции Хубсугул и Булган, где впадает в реку Селенге на левом берегу."
505,1,Байгалийн үзэсгэлэнт газар,Дэлгэрхаан уул (3087м),Delgerkhaan Mountain (3087m),Хөвсгөл ,Khuvsgul,Улаан-Уул,Ulaan-Uul,50.76337,99.58168,Улаан-Уул сумын төвөөс зүүн хойд зүгт 38  км зайтай оршино.,It is located 38 km northeast of the center of Ulaan-Uul soum.,https://www.dropbox.com/scl/fi/6mlc0awbp41ktbx25yglh/.jpg?rlkey=9mndsrpd6x2x7ng1gemzpah15&raw=1,델게르칸 산,デルガーカーン山,德尔格汗山,Гора Дельгерхаан,울란울솜 중심에서 북동쪽으로 38km 떨어진 곳에 위치해 있다.,ウラン・ウル・スムの中心部から北東に 38 km に位置しています。,位于乌兰乌拉苏姆市中心东北38公里处。,Он расположен в 38 км к северо-востоку от центра Улан-Уул Сума.
506,2,Түүхийн дурсгалт газар,Дархадын 13 овоо,Darkhadyn 13 Ovoo,Хөвсгөл,khuvsgul,Улаан-Уул,Ulaan-Uul,50.57741,99.143,УлаанУул сумын төвөөс баруун өмнө зүгт 14 ъм зайтай оршино.,It is located 14 km southwest of the center of UlaanUul soum.,https://www.dropbox.com/scl/fi/j7naons558xm82aost80q/13.jpg?rlkey=lu0j42y5d5uz7ntolqy2n3q42&raw=1,다크하딘 13 오보,ダークハディン13 オヴォー,13 다크하드 힐스,Даркхадин 13 Овоо,울란울솜 중심에서 남서쪽으로 14km 떨어진 곳에 위치해 있다.,ウランウル・スムの中心部から南西14kmに位置しています。,位于乌兰乌尔苏姆市中心西南14公里处。,Расположен в 14 км к юго-западу от центра сума Улан-Уул.
507,1,Байгалийн үзэсгэлэнт газар,Жугнай нуур,Lake Jugnai,Хөвсгөл,Khuvsgul,Цэцэрлэг,Tsetserleg,49.34201,97.52259,Цэцэрлэг сумын төвөөс баруун өмнө зүгт 27 км зайтай оршино. ,It is located 27 km southwest of the center of Tsetserleg soum.,https://www.dropbox.com/scl/fi/hoyct7mqokc3jtgmsnx6u/.jpg?rlkey=sqzqjpe3d3rl0a1emvpefg4j3&raw=1,주그나이 호수,ジュグナイ湖,朱格奈湖,Озеро Джугнай,Tsetserleg soum 중심에서 남서쪽으로 27km 떨어져 있습니다.,ツェツェルレグ・ソウムの中心部から南西27kmに位置しています。,它位于Tsetserleg soum中心西南27公里处。,Расположен в 27 км к юго-западу от центра сума Цэцерлег.
508,1,Байгалийн үзэсгэлэнт газар,Аварга тосон нуур,Avarga Toson Lake,Хэнтий ,Khentii,Дэлгэрхаан,Delgerkhaan,47.189,109.153,"Нуурын баруун хойд захад дээрээ цайвар саарал, доороо хар хөх бараан өнгөтэй маш нарийн тос шиг найнги шавар байх бөгөөд нуурын урд захад нарийн хар бэх мэт тас хар тослог шавар 50 сантиметр гүнээс гарч байдаг ажээ. Тосон нуурын баруун хойд өнцөгт байдаг хонхороос энэ нуурын ус ундрах бөгөөд тэрхүү хонхор нь цайвар өнгөтэй нарийн шавартай. Хонхор нь 15 метр урт, 7 метр өргөн, хөл алдаж шигдэхээр гүн ажээ.","On the northwest edge of the lake, there is a very fine oily mud that is light gray on top and dark blue underneath, and on the south edge of the lake, a very fine black oily mud that is as dark as ink emerges from a depth of 50 centimeters. The water of this lake flows from a depression in the northwest corner of Toson Lake, and that depression is made of light-colored fine mud. The depression is 15 meters long, 7 meters wide, and is deep enough to sink into.",https://www.dropbox.com/scl/fi/qhkqef574uwtbex492wko/.jpg?rlkey=0gb61h2b38n6ynynuwquwckj6&raw=1,아바르가 토손 호수,アヴァルガ トソン レイク,阿瓦尔加托森湖,Озеро Аварга Тосон,"호수의 북서쪽 가장자리에는 윗부분이 연한 회색이고 아래 부분이 진한 파란색을 띠는 아주 고운 기름진 진흙이 있고, 호수 남쪽 가장자리에는 수심 50cm에서 먹물처럼 어두운 아주 고운 검은 기름진 진흙이 솟아나옵니다. 이 호수의 물은 토손호(Toson Lake) 북서쪽 모퉁이의 함몰부에서 흘러나오는데, 그 함몰부는 밝은 색의 고운 진흙으로 이루어져 있습니다. 함몰된 부분은 길이 15m, 폭 7m로, 가라앉을 만큼 깊습니다.",湖の北西端には、上が薄灰色で下が濃い青色の非常に細かい油泥があり、湖の南端には、墨のように濃い非常に細かい黒色の油泥が深さ50センチメートルから現れています。この湖の水は藤村湖の北西隅にある窪地から流れ出ており、その窪地は淡い色の細かい泥でできています。窪地は長さ15メートル、幅7メートルで、沈み込むほどの深さがある。,湖的西北缘，有一层极细的上浅灰色、下深蓝色的油泥，而在湖的南缘，有一层极细、墨色的黑色油泥从50厘米深处涌出。这个湖的水是从托森湖西北角的一个洼地里流出来的，那个洼地是由浅色的细泥构成的。洼地长15米，宽7米，深得足以陷进去。,"На северо-западном берегу озера находится очень мелкая маслянистая грязь, светло-серая сверху и темно-синяя снизу, а на южном берегу озера очень мелкая черная маслянистая грязь, темная, как чернила, выходит с глубины 50 сантиметров. Вода этого озера вытекает из впадины в северо-западном углу озера Тосон, и эта впадина состоит из светлой мелкой грязи. Впадина имеет длину 15 метров, ширину 7 метров и достаточно глубокую, чтобы в нее можно было погрузиться."
509,2,Түүхийн дурсгалт газар,Андлалын хөшөө,Friendship Monument,Хэнтий ,Khentii,Батноров,Batnorov,48.03371,111.39026,Батноров сумын төвөөс баруун хойш 15 км зайтай Дэлгэрхаан уулын өмнө аманд байна. ,"It is located at the foot of Delgerkhaan Mountain, 15 km northwest of the center of Batnorov soum.",https://www.dropbox.com/scl/fi/53qr5cqf38bg2yjqwec6s/.jpg?rlkey=h65cn9caq184n4fohun92cbop&raw=1,우정 기념비,友情の記念碑,友谊纪念碑,Памятник дружбе,Batnorov soum 중심에서 북서쪽으로 15km 떨어진 Delgerkhaan 산 기슭에 위치하고 있습니다.,バトノロフ・スームの中心部から北西に15km、デルゲルカーン山のふもとに位置しています。,它位于Delgerkhaan山脚下，距巴特诺罗夫苏姆中心西北15公里。,"Он расположен у подножия горы Дельгерхаан, в 15 км к северо-западу от центра сомона Батноров."
510,2,Түүхийн дурсгалт газар,Анчин баавайн гэр музей,Hunter Baavai'S Home Museum,Хэнтий ,Khentii,Дадал,Dadal,49.03279,111.55265,60 гаруй амьтны чихмэл байдаг,There are over 60 stuffed animals,https://www.dropbox.com/scl/fi/is9nj3lgq0h4xrpwdqh3i/.jpg?rlkey=hxqp2fd30rtr7scs53dg75ab4&raw=1,헌터 바바이의 집 박물관,ハンター バーバイの家博物館,亨特巴瓦伊故居博物馆,Дом-музей Хантера Баавая,60개가 넘는 동물 인형이 있어요,ぬいぐるみは60体以上あります,有超过 60 种毛绒动物,Здесь более 60 чучел животных.
511,2,Түүхийн дурсгалт газар,Ауруг ордын туурь,Aurug Ord Ruin,Хэнтий ,Khentii,Дэлгэрхаан,Delgerkhaan,47.09639,109.16112,"Дэлгэрхаан сумын нутагт Аварга тосонгийн рашаан сувиллаас урагш, Аураг рашааны хойхон талд Рашаан дэрсний ухаа хэмээх газрын хөрсөн доор эртний нэгэн хотын үлдэгдэл бий.","In the territory of Delgerkhaan soum, south of the Avarga Tosongi Spa and north of the Aurag Spa, there are remains of an ancient city under the soil of a place called the Rasahan Dersin Ukhaa.",https://www.dropbox.com/scl/fi/i23wg8b9j9sezre2e43zw/.jpg?rlkey=hxgw639noic1csr6o1ktir2gz&raw=1,아우루그 오르드 폐허,アウラグオルド遺跡,奥鲁格奥德废墟,Руины Ауруг Орда,"Avarga Tosongi Spa 남쪽, Aurag Spa 북쪽의 Delgerkhaan soum 영토에는 Rasahan Dersin Ukhaa라는 땅 아래 고대 도시의 유적이 있습니다.",アヴァルガ・トソンギ・スパの南、アウラグ・スパの北にあるデルゲルカーン・ソムの領土には、ラサハン・デルシン・ウハーと呼ばれる場所の土壌の下に古代都市の遺跡があります。,在Delgerkhaan soum地区，Avarga Tosongi Spa以南和Aurag Spa以北，在一个叫Rasahan Dersin Ukhaa的地方的土壤下有一座古城的遗迹。,"На территории сомона Дэлгерхаан, к югу от курорта Аварга Тосонги и к северу от курорта Аураг, под почвой места под названием Расахан Дерсин Ухаа находятся остатки древнего города."
512,3,Шашны дурсгалт газар,Балдан бэрээвэн хийд,Baldan Bereeven Monastery,Хэнтий ,Khentii,Өмнөдэлгэр,Umnudelger,48.20078,109.42906,Өмнөдэлгэр сумын Баянзүрх багийн нутагт Мөнх-Өлзийт уулын өвөрт 1777 онд Цэвээндорж гэдэг монгол лам анх жижиг сүм бариулж Манзушир бурханы чулуун дүрийг бүтээлгэснээр суурь нь тавигджээ. Улмаар 5000-6000 ламтай Монгол дахь хамгийн том хийдүүдийн нэг болтлоо өсөж Монголын зүүн нутгийн ард түмний шашин соёлын төв болтлоо хөгжсөн байна.,"The foundation was laid in 1777 when a Mongolian monk named Tsevendorj first built a small temple in the foothills of Mt. Munkh-Ulziit in the Bayanzurkh Bag area of ​​Yumnadelger soum and carved a stone statue of Manjushri. It has since grown to become one of the largest monasteries in Mongolia, with 5,000-6,000 monks, and has become the religious and cultural center of the people of eastern Mongolia.","https://www.dropbox.com/scl/fi/pbjjs628jml252byf1aj7/.jpg?rlkey=lgnc8d9j6ffy7kf9wy7h1dt8h&raw=1,https://www.dropbox.com/scl/fi/pz7yrhepe6pt3v6ur5635/1.jpg?rlkey=6a8i5alt8onzldsufr388l4iv&raw=1",발단 베레벤 수도원,バルダン ベレーベン修道院,巴尔丹贝里文修道院,Балдан Беревенский монастырь,"그 기초는 1777년 Tsevendorj라는 몽골 승려가 Yumnadelger soum의 Bayanzurkh Bag 지역의 Munkh-Ulziit 산 기슭에 처음으로 작은 사원을 짓고 Manjushri의 석상을 조각하면서 마련되었습니다. 이후 5,000~6,000명의 승려가 있는 몽골 최대 규모의 수도원 중 하나로 성장했으며, 동부 몽골 사람들의 종교 및 문화 중심지가 되었습니다.","財団は 1777 年にツェベンドルジというモンゴル人の僧侶が初めて、ヤムナデルゲル ソムのバヤンズルク バッグ地区にあるムンク ウルツィット山の麓に小さな寺院を建て、文殊菩薩の石像を彫刻したときに築かれました。それ以来、5,000 ～ 6,000 人の僧侶を擁するモンゴル最大の僧院の 1 つに成長し、モンゴル東部の人々の宗教と文化の中心となっています。",1777年，一位名叫Tsevendorj的蒙古僧侣首先在Yumnadelger soum的Bayanzurkh Bag地区的Munkh-Ulziit山麓建造了一座小寺庙，并雕刻了文殊菩萨石像。此后，它发展成为蒙古最大的寺院之一，拥有僧侣5000-6000人，并成为蒙古东部人民的宗教文化中心。,"Фундамент был заложен в 1777 году, когда монгольский монах по имени Цевендорж впервые построил небольшой храм у подножья горы Мунх-Улзиит в районе Баянзурх-Баг сомона Юмнадельгер и вырезал каменную статую Манджушри. С тех пор он превратился в один из крупнейших монастырей Монголии с 5 000–6 000 монахов и стал религиозным и культурным центром народа восточной Монголии."
513,1,Байгалийн үзэсгэлэнт газар,Биндэр нуур,Binder Lake,Хэнтий ,Khentii,Батширээт,Batshireet,48.37154,110.29271,Батширээт сумын төвөөс өмнө зүгт 40 км зайтай оршино.,It is located 40 km south of the center of Batsireet soum.,https://www.dropbox.com/scl/fi/xa65up4fcjhaq7jti9da5/Bindelake.jpg?rlkey=28m3hc7m6e6lwvq746dac2gkj&raw=1,바인더 호수,バインダー湖,宾德湖,Биндер-Лейк,Batsireet soum 중심에서 남쪽으로 40km 떨어져 있습니다.,バトシリート・スームの中心部から南に40kmに位置しています。,它位于Batsireet soum中心以南40公里处。,Он расположен в 40 км к югу от центра сума Бацирет.
514,2,Түүхийн дурсгалт газар,Боданчирын өвсөн эмбүүл ,Bodonchir grass hut,Хэнтий ,Khentii,Дадал,Dadal,49.05947,111.5181,Дадал сумын төвөөс баруун хойд зүгт 10 км зайтай оршино.,It is located 10 km southwest of the center of Dadal soum.,https://www.dropbox.com/scl/fi/6lniu97oaj0zpew2hb2jk/.jpg?rlkey=pg7u8u78bcnh63c3vosylfr51&raw=1,보돈치르 초가집,ボドンチル草小屋,博东奇尔草屋,Травяная хижина Бодончира,다달솜 중심에서 남서쪽으로 10km 떨어진 곳에 위치해 있다.,ダダル・スムの中心部から南西10kmに位置する。,它位于达达尔苏姆中心西南10公里处。,Он расположен в 10 км к юго-западу от центра сума Дадал.
515,1,Байгалийн үзэсгэлэнт газар,Босгон нуур,Bosgon Lake,Хэнтий ,Khentii,Дархан,Darkhan,46.75771,109.53998,Дархан сумын төвөөс зүүнхойд зүгт 18 км зайтай оршино,It is located 18 km northeast of the center of Darkhan soum.,https://www.dropbox.com/scl/fi/wfyju5ypdpukluja17iia/.jpg?rlkey=vo4lhxfjqoo9d6hpivzvltkmc&raw=1,보스곤 호수,ボスゴン湖,博斯贡湖,Озеро Босгон,다르칸 솜(Darkhan soum) 중심에서 북동쪽으로 18km 떨어져 있습니다.,ダルハン スームの中心部から北東 18 km に位置します。,它位于达尔汗苏姆中心东北18公里处。,Он расположен в 18 км к северо-востоку от центра сума Дархан.
516,1,Байгалийн үзэсгэлэнт газар,Бурхан халдун уул (2362м),Burkhan Khaldun Mountain (2362m),Хэнтий ,Khentii,Өмнөдэлгэр,Umnudelger,48.76202,109.01025,"Бурхан халдун уул нь ар өврөөрөө битүү модоор хучигдсан, зөвхөн орой хавьдаа сийрэг модтой, тайгын тачир ургамалтай уул юм. Бурхан халдун ууланд дээд, дунд, доод хэмээх гурван овоо байдаг. ","Burkhan Khaldun Mountain is a mountain covered with dense trees on its back, with only sparse trees near the top, and with taiga vegetation. Burkhan Khaldun Mountain has three peaks: upper, middle, and lower.",https://www.dropbox.com/scl/fi/wp2by0zpsuizz3wj1952d/burhan-halduun.jpg?rlkey=yv29wsozgcbft32pn8qyqhehu&raw=1,부르칸 칼둔 산,ブルカン・ハルドゥン山,不儿罕合勒敦山,Гора Бурхан Халдун,"부르칸 칼둔산(Burkhan Khaldun Mountain)은 등이 울창한 나무로 뒤덮인 산으로, 정상 근처에는 나무가 드물고 타이가 식물이 자라고 있습니다. Burkhan Khaldun Mountain에는 상, 중, 하의 세 봉우리가 있습니다.",ブルカン・ハルドゥーン山は、背中がうっそうとした木々に覆われ、頂上付近はまばらな木しかなく、タイガの植生が生い茂る山です。ブルカン・ハルドゥーン山には上、中、下という 3 つの山があります。,不儿罕合勒敦山是一座背山树木茂密，山顶树木稀疏，有针叶林植被的山。不儿罕合勒敦山有上、中、下三峰。,"Гора Бурхан-Халдун — гора, покрытая на спине густыми деревьями, на вершине лишь редкие деревья и таежная растительность. Гора Бурхан-Халдун имеет три вершины: верхнюю, среднюю и нижнюю."
517,2,Түүхийн дурсгалт газар,Бэрхийн уурхайн музей,Berkh Mining Museum,Хэнтий ,Khentii,Батноров,Batnorov,47.77544,111.17105,"""Монголын далд уурхайн музей, сургалт судалгаа, аялал жуулчлалын төв”","""Mongolian Underground Mining Museum, Training, Research and Tourism Center""",https://www.dropbox.com/scl/fi/dl455ho81vjemy1zb6tq2/.jpg?rlkey=ievzb2azfnbqd77ptk4rdw3ja&raw=1,버크 광산 박물관,ベルク鉱山博物館,伯克矿业博物馆,Берхский горный музей,"""몽골 지하 광산 박물관, 훈련, 연구 및 관광 센터""",「モンゴル地下鉱山博物館、研修、研究、観光センター」,“蒙古地下采矿博物馆、培训、研究和旅游中心”,"«Монгольский музей подземной добычи, учебный, исследовательский и туристический центр»"
518,1,Байгалийн үзэсгэлэнт газар,Гүрэмийн нуур,Gurem Lake,Хэнтий ,Khentii,Баян-Овоо,Bayan-Ovoo,47.82799,112.15672,Баян-Овоо сумын төвөөс зүүн хойд зүгт 4.5 км зайтай оршино.,It is located 4.5 km northeast of the center of Bayan-Ovoo soum.,https://www.dropbox.com/scl/fi/fu0be3isn24fxhedft01k/.jpg?rlkey=7xshwqsob1oh5a4n4f08ptf2k&raw=1,구렘 호수,グレム湖,古雷姆湖,Озеро Гюрем,Bayan-Ovoo soum 중심에서 북동쪽으로 4.5km 떨어져 있습니다.,バヤン・オヴォー・スームの中心部から北東に 4.5 km に位置します。,位于巴彦敖包苏姆市中心东北4.5公里处。,"Расположен в 4,5 км к северо-востоку от центра сума Баян-Овоо."
519,2,Түүхийн дурсгалт газар,Гэлэн хөшөө,Gelen Statue,Хэнтий ,Khentii,Мөрөн,Murun,47.27881,110.60156,Чингис хотоос өмнө зүгт 4.5 км зайтай оршино.,It is located 4.5 km south of Chinggis City.,https://www.dropbox.com/scl/fi/vbvw2lryoqqgrmt19jgh6/.jpg?rlkey=3720z1cy5qn998quh0uyx8847&raw=1,겔렌 동상,ゲーレン像,盖伦雕像,Статуя Гелена,칭기스시티에서 남쪽으로 4.5km 떨어진 곳에 위치해 있다.,チンギス市の南4.5kmに位置します。,位于成吉思汗市以南4.5公里处。,"Он расположен в 4,5 км к югу от города Чингис."
520,2,Түүхийн дурсгалт газар,Гэнэнпил хатны дурсгал,Genenpil Queen Memorial,Хэнтий ,Khentii,Дадал,Dadal,49.03998,111.55421,"Богд хааны бага хатан, Дадал сумын төвөөс баруун зүгт 8 км зайтай оршино.",The younger sister of Bogd Khan is located 8 km west of the center of Dadal soum.,https://www.dropbox.com/scl/fi/l1nsxskm0ait384ns2ppj/.jpg?rlkey=hdv6jjn9nu7u2uzh0ybugmjq7&raw=1,제넨필 여왕 기념관,ゲネンピル女王記念碑,格南皮尔女王纪念馆,Мемориал королевы Гененпил,Bogd Khan의 여동생은 Dadal soum 중심에서 서쪽으로 8km 떨어져 있습니다.,ボグド・カーンの妹は、ダダル・スームの中心部から西​​に8kmのところに位置しています。,博格德汗的妹妹位于达达尔苏姆中心以西8公里处。,Младшая сестра Богд-хана находится в 8 км к западу от центра сума Дадал.
521,2,Түүхийн дурсгалт газар,Дөрвөлжин булш,Durvuljin Bulsh,Хэнтий ,Khentii,Дадал,Dadal,49.0551,111.55441,Дадал сумын төвөөс баруун хойд зүгт 7.5 км зайтай оршино.,It is located 7.5 km southwest of the center of Dadal soum.,https://www.dropbox.com/scl/fi/v7g45vfv78w1osh20n5uw/.jpg?rlkey=a9ovgmzkfpx9kwgcl2l4495mc&raw=1,두르불진 불쉬,ダーヴルジン・ブルシュ,杜尔武金·布尔什,Дурвулджин Булш,다달솜 중심에서 남서쪽으로 7.5km 떨어진 곳에 위치해 있다.,ダダル・スムの中心部から南西7.5kmに位置する。,它位于达达尔苏姆中心西南7.5公里处。,"Он расположен в 7,5 км к юго-западу от центра сума Дадал."
522,2,Түүхийн дурсгалт газар,Дуурлиг нарсны хүннүгийн булш,Duurlig Nars Khunnu Tomb,Хэнтий ,Khentii,Баян-Адрага,Bayan-Adraga,48.53894,111.07818, Баян-Адрага сумын төвийн өмнөх нарсан ойд тархсан Хүннүгийн язгууртны булшнууд юм. Энд нийт 299 булш тоолж бүртгэснээс дийлэнх нь үүдэвч бүхий язгууртны булшнууд ажээ. Дуурлиг нарсны булшнуудыг Хүннү гүрний зүүн жигүүрийн ихэс язгууртны оршуулга хэмээн таамагладаг.,"The tombs of the Huns are scattered in the pine forest in front of the center of Bayan-Adraga soum. A total of 299 tombs have been recorded here, most of which are tombs of nobles with a yudevch. The Duurlig pine tombs are believed to be the burial grounds of the high nobility of the left wing of the Huns.",https://www.dropbox.com/scl/fi/aiwpsl5liu2ge72bcaqok/.jpg?rlkey=98bc72ysvwfd5qa1jowvqclhi&draw=1,두를리그 나르스 쿤누 무덤,ドゥルリグ ナルス クンヌの墓,杜里格·纳尔斯·昆努墓,Гробница Дуурлиг Нарс Хунну,"바얀-아드라가 솜(Bayan-Adraga soum) 중앙 앞 소나무 숲에는 훈족의 무덤이 흩어져 있습니다. 여기에는 총 299개의 무덤이 기록되어 있는데, 그 중 대부분이 유데브치를 갖춘 귀족들의 무덤이다. Duurlig 소나무 무덤은 Huns 좌익의 고위 귀족의 묘지로 여겨집니다.",フン族の墓はバヤン・アドラガ・スームの中心前の松林に点在しています。ここには合計 299 の墓が記録されており、そのほとんどはユデヴチを持つ貴族の墓です。ドゥルリグの松の墓は、フン族の左翼の高貴な人々の埋葬地であると考えられています。,匈奴人的坟墓散布在巴彦阿德拉嘎苏姆中心前的松树林中。这里总共记录了299座坟墓，其中大部分是有尤德维奇的贵族坟墓。杜尔利格松墓被认为是匈奴左翼高级贵族的墓地。,"Могилы гуннов разбросаны в сосновом лесу перед центром сомона Баян-Адрага. Всего здесь зафиксировано 299 могил, большинство из которых — усыпальницы дворян с юдевчем. Считается, что сосновые гробницы Дуурлига являются захоронениями высшей знати левого крыла гуннов."
523,2,Түүхийн дурсгалт газар,Дэлүүн болдог ,Deluun Boldog  ,Хэнтий ,Khentii,Дадал,Dadal,49.05265,111.64317,Дадал сумын төвөөс хойд зүгт 3.5 км зайтай оршино.,It is located 2 km north of the center of Dadal soum.,https://www.dropbox.com/scl/fi/6ah4of9yao3nusblumw1h/Deluunboldog.jpg?rlkey=5fjx4p80gw9qsvs0rpeqijwzz&raw=1,델룬 볼독,デルウン・ボルドッグ,德伦·博尔多格,Делуун Болдог,다달솜 중심에서 북쪽으로 2km 떨어져 있다.,ダダル・スムの中心部から北に2kmに位置しています。,它位于达达尔苏姆中心以北2公里处。,Он расположен в 2 км к северу от центра сума Дадал.
524,2,Түүхийн дурсгалт газар,Зүүн Жаргалантын буган хөшөө ,Zuun Jargalant Deer Stone,Хэнтий ,Khentii,Өмнөдэлгэр,Umnudelger,48.25006,109.65006,Өмнөдөлгөр сумын төвөөс баруун хойд зүгт 51 км зайтай оршино.,It is located 51 km northwest of the center of Yundumulgar soum.,https://www.dropbox.com/scl/fi/0b2uncnki8z5xenxv5nou/.jpg?rlkey=32qafpgrn98s0pckyrb4j11q2&raw=1,주운 자르갈란트 디어 록,ズーン・ジャルガラントの鹿の石,祖恩·贾加兰特·鹿岩,Зуун Джаргалант Олений камень,Yundumulgar soum 중심에서 북서쪽으로 51km 떨어져 있습니다.,ユンドゥムルガル スームの中心部から北西に 51 km に位置します。,它位于Yundumulgar soum中心西北51公里处。,Он расположен в 51 км к северо-западу от центра сума Юндумулгар.
525,2,Түүхийн дурсгалт газар,Монгол хатдын өргөө,Mongol Queens Palace,Хэнтий ,Khentii,Баян-Адрага,Bayan-Adraga,48.55357,111.06941, Баян-Адарга сумаас  баруун зүгт 1 км орчим зайтай газар оршино. ,It is located about 1 km west of Bayan-Adarga soum.,https://www.dropbox.com/scl/fi/rnveht896gchetstr7lcz/.jpg?rlkey=0o53kqoaym0eamnnwcu822ehz&raw=1,몽골 여왕의 궁전,モンゴル王妃の宮殿,蒙古王后宫殿,Дворец монгольских королев,Bayan-Adarga soum에서 서쪽으로 약 1km 떨어져 있습니다.,バヤン・アダルガ・スームの西約1kmに位置する。,它位于Bayan-Adarga soum以西约1公里处。,Он расположен примерно в 1 км к западу от сума Баян-Адарга.
526,2,Түүхийн дурсгалт газар,Монголын нууц товчооны гэрэлт хөшөө ,Statue Of Mongolian Secret History,Хэнтий ,Khentii,Дэлгэрхаан,Delgerkhaan,47.10257,109.15586,Дэлгэрхаан сумын төвөөс өмнө зүгт 9.9 км зайтай оршино.,It is located 9.9 km south of the center of Delgerhaan soum.,https://www.dropbox.com/scl/fi/la859v42lbvs9v4sn3we4/.jpg?rlkey=shx67hcklgg9k1f2dfu2n7i2m&raw=1,몽골비사의 동상,モンゴル秘史の像,蒙古秘史雕像,Статуя тайной истории Монголии,Delgerhaan Soum에서 남쪽으로 9.9km 떨어져 있습니다.,デルゲルハーン・ソウムの南9.9kmに位置します。,它位于Delgerhaan Soum以南9.9公里处。,"Он расположен в 9,9 км к югу от Сумы Дельгерхан."
527,2,Түүхийн дурсгалт газар,Өглөгчийн хэрэм,The wall of the Uglugch,Хэнтий ,Khentii,Батширээт,Batshireet,48.40668,110.19725,Батширээт сумын төвөөс өмнө зүгт 45 км зайтай оршино.,It is located 45 km south of the center of Batshireet soum.,https://www.dropbox.com/scl/fi/pgki81iwltadu69kdjh1x/.jpg?rlkey=rgwqo5xe28g5iur0n9yqcswfv&raw=1,우글루흐의 벽,ウグルグチの壁,乌格鲁钦凯雷姆,Стена Углугча,Batshireet soum 중심에서 남쪽으로 45km 떨어져 있습니다.,バットシリート スームの中心部から南に 45 km に位置します。,它位于Batshireet soum中心以南45公里处。,Он расположен в 45 км к югу от центра сума Батширит.
528,1,Байгалийн үзэсгэлэнт газар,Өндөрхаан уул (1663м),Undurkhaan Uul (1663m),Хэнтий ,Khentii,Мөрөн,Murun,47.5019,110.44073,"Өндөрхаан уулыг эртнээс нааш тайж тахиж ирсэн түүхтэй. Өндөрхаан хотоос хойш 28 километрт, далайн төвшнөөс дээш 2664 метр өндөрт оршдог. Өндөрхаан уулыг Бурхан Халдун уулын дүү уул хэмээн домоглох нь бий.","Undurkhaan Mountain has a long history of being worshipped. It is located 28 kilometers north of Undurkhaan City and 2,664 meters above sea level. There is a legend that Undurkhaan Mountain is the younger mountain of Burkhan Khaldun Mountain.",https://www.dropbox.com/scl/fi/ibhb63y0ojnjzr2p4o0rk/.JPG?rlkey=k4p4rgg91pn26yzii5lbcbpti&raw=1,운두르칸 울,ウンドゥルハーン・ウル,温都尔汗乌尔,Ундурхан Уул,"운두르칸 산(Undurkhaan Mountain)은 오랫동안 숭배받아온 역사를 가지고 있습니다. 운두르칸 시에서 북쪽으로 28km, 해발 2,664m에 위치해 있다. 운두르칸산은 부르칸칼둔산의 어린산이라는 전설이 있다.",Error 500 (Server Error)!!1500.That’s an error.There was an error. Please try again later.That’s all we know.,Undurkhaan山受到崇拜的历史由来已久。位于温都尔汗市以北28公里处，海拔2664米。相传温都汗山是不儿罕合勒敦山的后山。,"Гора Ундурхан имеет долгую историю поклонения. Он расположен в 28 км к северу от города Ундурхан и на высоте 2664 метра над уровнем моря. Существует легенда, что гора Ундурхан — младшая гора горы Бурхан-Халдун."
529,2,Түүхийн дурсгалт газар,Рашаан хад,Rashaan Khad,Хэнтий ,Khentii,Батширээт,Batshireet,48.37952,110.29882, Биндэр уулын зүүн урд хормойн цохио бүхий үзүүрт оршдог. Рашаан хад нь чулуун зэвсгийн үеэс эхлээд 16-р зууны үе хүртэлх он цаг үед хамаарах Монголын дорнод хэсгийн түүх соёлын баялаг дурсгалтай цогцолбор хэмээн археологичид онцолдог. ,"Located on the southeastern tip of Binder Mountain, Rashaan Khad is considered by archaeologists to be a rich historical and cultural complex of eastern Mongolia, dating from the Stone Age to the 16th century.",https://www.dropbox.com/scl/fi/cebm49mi2i4eafdqol713/.jpg?rlkey=34c2yo355p71d4n4fiq2gtjss&raw=1,라샨 카드,ラシャーン・カド,拉沙安·卡德,Рашаан Хад,"바인더 산 남동쪽 끝에 위치한 라샨 카드는 고고학자들에 의해 석기 시대부터 16세기까지 거슬러 올라가는 몽골 동부의 풍부한 역사적, 문화적 복합물로 간주됩니다.",バインダー山の南東端に位置するラシャーン カドは、石器時代から 16 世紀まで遡る、モンゴル東部の豊かな歴史と文化の複合体であると考古学者によって考えられています。,Rashaan Khad 位于宾德山东南端，被考古学家认为是蒙古东部丰富的历史文化综合体，其历史可追溯至石器时代至 16 世纪。,"Расположенный на юго-восточной оконечности горы Биндер, Рашаан Хад археологи считают богатым историко-культурным комплексом восточной Монголии, датируемым от каменного века до 16 века."
530,1,Байгалийн үзэсгэлэнт газар,Хажуу булаг рашаан,Khajuu Bulag Mineral Water,Хэнтий ,Khentii,Дадал,Dadal,49.04612,111.61442,"Дадал сумын төвийн зүүн хойно, Дэлүүн болдог толгойн баруун урд Баян-Овоо уулын зүүн суганаас урсах онцгой цэнгэг, карбонат натри, магнийн найрлагатай, рашаан төст булаг. Энэхүү Хажуу булгийн усаар Тэмүжинг мэндлээд гурав хоносны дараа биеийг нь угаасан, ундаалж өссөн хэмээх домогтой. Өнөө цагт ялангуяа ходоодны хүчил багатай хүмүүс энэ булгийн усыг ууж, хоол цайндаа хэрэглэхэд нэн тохиромжтой ажээ","A spring with exceptionally fresh, carbonated sodium and magnesium, flowing from the left flank of Bayan-Ovoo Mountain, northeast of the center of Dadal soum and southwest of Deluun Kuldag Tolgoi. Legend has it that Temujin washed his body with the water of this spring three days after his birth and grew up drinking it. Nowadays, people with low stomach acid, especially those who have low stomach acid, drink this spring water and use it in their meals.",https://www.dropbox.com/scl/fi/mf4cpkz6pwlb8iy3nevww/.jpg?rlkey=xfsbdl1mrx9jrndzjibziif0h&raw=1,카주 불락 미네랄 워터,カジュウ ブラグ ミネラルウォーター,卡朱布拉格水疗中心,Минеральная вода Хаджуу Булаг,"바얀오부(Bayan-Ovoo) 산의 왼쪽 측면, 다달 솜(Dadal soum) 중심 북동쪽, 델루운 쿨다그 톨고이(Deluun Kuldag Tolgoi) 남서쪽에서 흘러나오는 매우 신선한 탄산 나트륨과 마그네슘을 함유한 샘입니다. 테무진은 태어난 지 3일 만에 이 샘물로 몸을 씻고 그 물을 마시고 자랐다는 전설이 있다. 요즘은 위산이 낮은 사람들, 특히 위산이 낮은 사람들이 이 샘물을 마시고 식사에 활용하고 있다.",非常に新鮮なナトリウムとマグネシウムの炭酸塩を含む泉で、バヤン・オヴォー山の左腹、ダダル・ソム中心部の北東、デルウン・クルダーグ・トルゴイの南西から流れ出ています。テムジンは生後3日目にこの泉の水で体を洗い、その水を飲んで育ったという伝説があります。現在では、特に胃酸の弱い人がこの湧き水を飲んだり、食事に利用したりしています。,含有特别新鲜的碳酸钠和镁的泉水，从巴彦敖包山左翼、达达尔苏姆中心东北部和德伦库尔达格陶勒盖西南部流出。相传铁木真出生三天后就用此泉水洗身，并饮用此泉水长大。现在胃酸低的人，特别是胃酸低的人，都喝这种泉水，并用它来进餐。,"Источник исключительно свежего, газированного натрия и магния, берущий начало с левого склона горы Баян-Овоо, к северо-востоку от центра сомона Дадал и к юго-западу от Делуун Кулдаг Толгой. Легенда гласит, что Тэмучин омыл свое тело водой этого источника через три дня после своего рождения и вырос, пил ее. В настоящее время люди с пониженной кислотностью желудка, особенно те, у кого пониженная кислотность желудка, пьют эту родниковую воду и используют ее во время еды."
531,1,Байгалийн үзэсгэлэнт газар,Хангал нуур,Khangal Lake,Хэнтий ,Khentii,Өмнөдэлгэр,Umnudelger,48.13237,109.38842,Өмнөдөлгөр сумын төвөөс баруун хойд зүгт 57 км зайтай оршино.,It is located 57 km northwest of the center of Yundumulgar soum.,https://www.dropbox.com/scl/fi/mnbqmvck8hyxkn8sfbngg/.jpg?rlkey=y9mqnbv6s17uy5vpci8zgsbpl&raw=1,칸갈 호수,カンガル湖,坎加尔湖,Озеро Хангал,Yundumulgar soum 중심에서 북서쪽으로 57km 떨어져 있습니다.,ユンドゥムルガル ソムの中心部から北西 57 km に位置します。,它位于Yundumulgar soum中心西北57公里处。,Он расположен в 57 км к северо-западу от центра сума Юндумулгар.
532,1,Байгалийн үзэсгэлэнт газар,Хар зүрхний хөх нуур,Khar Zurkhnii Khukh Lake,Хэнтий ,Khentii,Цэнхэрмандал,Tsenkhermandal,48.02074,108.94816,Цэнхэрмандал  сумын төвөөс баруун хойд зүгт 42 км зайтай оршино.,It is located 42 km northwest of the center of Tsenkhermandal soum.,https://www.dropbox.com/scl/fi/01l7qozzboy79sggp7vhl/.jpg?rlkey=ktbb2lv04apdgalu4r02j26cl&raw=1,카르 주르크니 쿠크 호수,カール・ズルクニ・クク湖,哈尔祖尔赫尼库赫湖,Озеро Хар Зурхный Хух,Tsenkhermandal soum 중심에서 북서쪽으로 42km 떨어져 있습니다.,ツェンケルマンダル・ソムの中心部から北西に42kmに位置しています。,它位于Tsenkhermandal soum中心西北42公里处。,Расположен в 42 км к северо-западу от центра сума Ценхермандал.
533,2,Түүхийн дурсгалт газар,Хөхүүрийн тал,Khukhuuriin Tal,Хэнтий ,Khentii,Батноров,Batnorov,47.85707,111.53235,Батноров сумын төвөөс зүүн өмнө зүгт 10 км зайтай оршино.,It is located 10 km southeast of the center of Batnorov soum.,https://www.dropbox.com/scl/fi/xb1q2gd5ukg1d5q87c941/.jpg?rlkey=48i2lgzyn4hufh09gev8ub6hu&raw=1,쿠후린 탈,クフリン・タル,库胡里林塔尔,Хухуурин Тал,Batnorov soum 중심에서 남동쪽으로 10km 떨어져 있습니다.,バトノロフ・スームの中心部から南東10kmに位置する。,它位于巴特诺罗夫苏姆中心东南10公里处。,Расположен в 10 км к юго-востоку от центра сомона Батноров.
534,2,Түүхийн дурсгалт газар,Хүслийн мод,Wishing tree,Хэнтий ,Khentii,Баян-Адрага,Bayan-Adraga,48.54228,111.05383,Баян-Адарга сумын төвөөс баруун өмнө зүгт 2.5 км зайтай оршино.,It is located 2.5 km southwest of the center of Bayan-Adarga soum.,https://www.dropbox.com/scl/fi/gsfkvjjw1mz1uku7ed61s/.jpg?rlkey=lekkyk94dm7i2owzz2fdqs61z&raw=1,소원 나무,願いの木,许愿树,Дерево желаний,Bayan-Adarga soum 중심에서 남서쪽으로 2.5km 떨어져 있습니다.,バヤン・アダルガ・スームの中心部から南西2.5kmに位置しています。,它位于Bayan-Adarga soum中心西南2.5公里处。,"Расположен в 2,5 км к юго-западу от центра сума Баян-Адарга."
535,1,Байгалийн үзэсгэлэнт газар,Хэрлэн бургас,Kherlen Burgas,Хэнтий ,Khentii,Цэнхэрмандал,Tsenkhermandal,48.02502,108.53733,Төв аймгийн Мөнгөнморьт  сумын төвөөс өмнө зүгт 21 км зайтай оршино,"It is located 21 km south of the center of Mungunmort soum, Tuv aimag.",,케를렌 부르가스,ヘルレン・ブルガス,克鲁伦·布尔加斯,Херлен Бургас,Tuv aimag의 Mungunmort soum 중심에서 남쪽으로 21km 떨어져 있습니다.,トゥヴ・アイマグのムングンモルト・ソムの中心部から南に21kmに位置しています。,它位于Tuvaimag Mungunmort soum中心以南21公里处。,Расположен в 21 км к югу от центра сомона Мунгунморт Тувского аймака.
536,1,Байгалийн үзэсгэлэнт газар,Хэрлэнгийн хөдөө арал,Kherlengiin Khuduu Aral,Хэнтий ,Khentii,Дэлгэрхаан,Delgerkhaan,47.10401,109.15782,"Хэрлэнбаян улаан уулнаас урагш Хэрлэн тооно уулаас баруун тийш Хэрлэнгийн тохойд далайн төвшнөөс дээш 1300 метр өндөрт орших 30 гаруй километр урт, 20 гаруй километр өргөн тал байдгийг Хөдөө арал гэж нэрлэдэг. Хөдөө арал бол Их хуралдай хуралдаж Өгөөдэй, Мөнх, Есөнтөмөр хааныг хаан ширээнд өргөмжилж байсан түүхт газар юм. ","Khudeu Aral is a plain more than 30 kilometers long and more than 20 kilometers wide, located at an altitude of 1,300 meters above sea level, south of Kherlenbayan Ulaan Mountain and west of Kherlen Toon Mountain. Khudeu Aral is the historical site where the Great Khuraldai convened and crowned Ögedei, Mönghe, and Yesentumur Khans.",https://www.dropbox.com/scl/fi/gkj0pwil19gbajdtsku0e/.jpg?rlkey=hurcz4pjvqf478x26ns6enqcy&raw=1,케를렌긴 쿠두 아랄,ヘルレンギン・クドゥ・アラル,凯尔伦吉因库杜阿拉尔,Херленгин Худуу Арал,"쿠데아랄(Khudeu Aral)은 케를렌바얀 울란산(Kherlenbayan Ulaan Mountain) 남쪽, 케를렌툰산(Kherlen Toon Mountain) 서쪽 해발 1,300m 고도에 위치한 길이 30km 이상, 폭 20km 이상의 평야이다. Khudeu Aral은 Great Khuraldai가 Ögedei, Mönghe 및 Yesentumur Khans를 소집하고 즉위시킨 역사적인 장소입니다.","クーデウ アラルは、ヘルレンバヤン ウラン山の南、ヘルレン トゥーン山の西、標高 1,300 メートルの高さに位置する長さ 30 キロメートル以上、幅 20 キロメートル以上の平原です。クーデウ アラルは、偉大なフラルダイがオゲデイ、モンゲ、イェセントゥムルの各ハーンを招集し、戴冠させた史跡です。",库德乌阿拉尔是一片长30多公里、宽20多公里的平原，位于海拔1300米的克鲁伦巴彦乌兰山以南、克鲁伦图恩山以西。胡德乌阿拉尔 (Khudeu Aral) 是大呼拉尔岱 (Great Khuraldai) 召集并加冕窝格台 (Ogedei)、蒙赫 (Mönghe) 和也森图穆尔 (Yesentumur) 可汗的历史遗址。,"Худеу Арал — равнина длиной более 30 километров и шириной более 20 километров, расположенная на высоте 1300 метров над уровнем моря, к югу от горы Херленбаян Улан и к западу от горы Херлен Тон. Худеу Арал — историческое место, где Великий Хуралдай созвал и короновал ханов Угедея, Мёнхэ и Есентумура."
537,1,Байгалийн үзэсгэлэнт газар,Цагаан нуур (Хэнтий),Tsagaan Lake (Khentii),Хэнтий ,Khentii,Биндэр,Binder,48.59309,110.6158,Биндэр сумын төвөөс өмнө зүгт 2.2 км зайтай оршино.,It is located 2.2 km south of the center of Binder soum.,https://www.dropbox.com/scl/fi/5h08u0qj08o0exrq3kasx/.jpg?rlkey=v8fr360k9j4ieu8i48faluogy&raw=1,차가안 호수,ツァガーン湖,查干湖,Озеро Цагаан,바인더 솜 중심에서 남쪽으로 2.2km 떨어진 곳에 위치해 있다.,バインダー ソムの中心部から南に 2.2 km に位置します。,它位于宾德苏姆中心以南2.2公里处。,"Он расположен в 2,2 км к югу от центра сума Биндер."
538,1,Байгалийн үзэсгэлэнт газар,Цайдам нуур Хэнтий,Lake Tsaidam Khentii,Хэнтий ,Khentii,Дархан,Darkhan,46.75251,109.38214,Дархан сумын төвөөс хойд зүгт 13 км зайтай оршино,It is located 13 km north of the center of Darkhan soum.,https://www.dropbox.com/scl/fi/pz726ds1j9is45manzuom/.jpg?rlkey=gjxpjall2inbm33eru5ktvxoa&raw=1,차이담 호수,ツァイダム湖,柴达木湖,Озеро Цайдам,다르칸 솜(Darkhan soum) 중심에서 북쪽으로 13km 떨어져 있습니다.,ダルハン スームの中心部から北に 13 km に位置します。,它位于达尔汗苏姆中心以北13公里处。,Он расположен в 13 км к северу от центра сума Дархан.
539,1,Байгалийн үзэсгэлэнт газар,Цэгээн нуур,Lake Tsegeen,Хэнтий ,Khentii,Батширээт,Batshireet,48.21028,110.38539,Батширээт сумын төвөөс зүүн өмнө зүгт 66 км зайтай оршино.,It is located 66 km southeast of the center of Batshireet soum.,https://www.dropbox.com/scl/fi/gbs11e14u82mtwqybu8gz/.jpg?rlkey=7tphmibg4mb0g9gi8myhw3qds&raw=1,체긴 호수,ツェギーン湖,策根湖,Озеро Цеген,Batshireet soum 중심에서 남동쪽으로 66km 떨어져 있습니다.,バットシリート・スームの中心部から南東に66kmに位置しています。,它位于Batshireet soum中心东南66公里处。,Он расположен в 66 км к юго-востоку от центра сума Батширит.
540,2,Түүхийн дурсгалт газар,Чингисийн гэрэлт хөшөө,Chinggis Khaan Statue,Хэнтий ,Khentii,Дадал,Dadal,49.03346,111.6547,"Хэнтий аймгийн Дадал сумын Ононы Дэлүүн болдогийн орчим Гурван нуурын амралтын төвд 1962 оны тавдугаар сард босгосон энэ хөшөө хоёр метр гүн суурьтай, 12 метр өндөр ажээ. Цавчим хад мэт хананд Чингис хааныхаа дүрийг зурж “Алтан бие минь алжааваас алжаатугай, аху төр минь бүү алжаатугай” хэмээх алдарт гэрээсийг нь монгол бичгээр бичжээ. Мөн түүний мандуулсан төрийн их цагаан тугийг дүрсэлсэн байна. ","This statue, erected in May 1962 at the Gurvan Nuur Recreation Center near Onon Deluun Kuldzhiyin, Dadal soum, Khentii aimag, has a two-meter-deep base and is 12 meters high. On the rock-like wall of the Tsavchim, the image of Genghis Khan is depicted, with his famous words “May my golden body not fade, may my great state not fade” written in Mongolian script. It also depicts the great white flag of the state that he raised.",https://www.dropbox.com/scl/fi/zujrjvr4hx3c49mdi28gk/.JPG?rlkey=02zx19odgyzb91fnwrh5w63ys&raw=1,칭기스칸 동상,チンギス・ハーン像,成吉思汗雕像,Статуя Чингисхана,"1962년 5월 Khentii aimag의 Dadal soum, Onon Deluun Kuldzhiyin 근처 Gurvan Nuur 레크리에이션 센터에 세워진 이 동상은 바닥 깊이가 2m이고 높이가 12m입니다. 차브침(Tsavchim)의 바위 같은 벽에는 징기스칸의 이미지가 그려져 있으며, 그의 유명한 말인 ""나의 황금빛 몸이 쇠퇴하지 않기를, 나의 위대한 나라가 쇠퇴하지 않기를""이 몽골 문자로 쓰여 있습니다. 또한 그가 세운 국가의 큰 백기를 묘사합니다.",この像は 1962 年 5 月に、ケンティ アイマグのダダル ソムにあるオノン デルウン クルジイン近くのグルヴァン ヌール レクリエーション センターに建てられ、台座の深さは 2 メートル、高さは 12 メートルです。ツァフチムの岩のような壁にはチンギス・ハーンの像が描かれており、「私の黄金の体が色あせませんように、私の偉大な国家が色あせませんように」という彼の有名な言葉がモンゴル文字で書かれています。彼が掲げた州の大白旗も描かれています。,这座雕像于 1962 年 5 月在肯特省达达尔苏姆 Onon Deluun Kuldzhiyin 附近的 Gurvan Nuur 娱乐中心竖立，底座深 2 米，高 12 米。察殿的岩石壁上刻画着成吉思汗的形象，并用蒙古文书写了成吉思汗的名言“愿我金身不衰，愿我伟大国家不衰”。它还描绘了他升起的国家的伟大白旗。,"Эта статуя, установленная в мае 1962 года на базе отдыха «Гурван Нуур» недалеко от Онон Делуун Кульджиин, сомона Дадал, аймака Хэнтий, имеет основание глубиной два метра и высоту 12 метров. На скальной стене Цавчима изображен образ Чингисхана с его знаменитыми словами «Да не увянет мое золотое тело, да не увянет мое великое государство», написанными монгольской вязью. На нем также изображен большой белый флаг штата, который он поднял."
541,2,Түүхийн дурсгалт газар,Их хуралдай гэр хөшөө,Yurt Statue Ikh Khuraldai,Хэнтий ,Khentii,Биндэр,Binder,48.60066,110.61103,Биндэр сумын төвөөс өмнө зүгт 1.8 км зайтай оршино.,It is located 1.8 km south of the center of Binder soum.,https://www.dropbox.com/scl/fi/rk6evki4eemr23fb4fk53/.jpg?rlkey=kvt0iomjhpd6vsk1u3f2d51x2&raw=1,유르트 조각상 이크 쿠랄다이,ユルト像イフ・クラルダイ,伊赫·库拉尔代的蒙古包雕像,Статуя юрты Их Хуралдай,바인더 솜 중심에서 남쪽으로 1.8km 떨어진 곳에 위치해 있다.,バインダー ソムの中心部から南に 1.8 km に位置します。,它位于宾德苏姆中心以南1.8公里处。,"Он расположен в 1,8 км к югу от центра сума Биндер."
542,2,Түүхийн дурсгалт газар,Дэлүүн болдог Биндэр ,Delun boldog Binder,Хэнтий ,Khentii,Биндэр,Binder,48.58727,110.63824,Биндэр сумын төвөөс зүүн өмнө зүгт 4 км зайтай оршино.,It is located 4 km southeast of the center of Binder soum.,https://www.dropbox.com/scl/fi/3we83dhjytx23eokjelqa/.jpg?rlkey=k485wich9nu6yy8ux9x8t3clz&raw=1,델룬 볼도그 바인더,デルン・ボルドッグ・バインダー,德伦·博尔多格·宾德,Дэлун болдог Биндэр,바인더 솜(Binder soum) 중심에서 남동쪽으로 4km 떨어진 곳에 위치해 있습니다.,バインダー ソムの中心部から南東 4 km に位置します。,它位于宾德苏姆市中心东南4公里处。,Расположен в 4 км к юго-востоку от центра сума Биндер.
543,1,Байгалийн үзэсгэлэнт газар,Яргуйн хавцал,Yarguyin Canyon,Хэнтий ,Khentii,Биндэр,Binder,48.66589,110.53233,Биндэр сумын төвөөс баруун хойд зүгт 8 км зайтай оршино.,It is located 8 km northwest of the center of Binder soum.,https://www.dropbox.com/scl/fi/945j6cy5gksfefgow88lg/.jpg?rlkey=quxys5c47pt7shpgibhbl0aq7&raw=1,야르구인 협곡,ヤルグイン渓谷,亚尔古因峡谷,Каньон Яргуин,바인더 솜 중심에서 북서쪽으로 8km 떨어진 곳에 위치해 있다.,バインダー ソムの中心部から北西 8 km に位置します。,它位于宾德苏姆市中心西北8公里处。,Он расположен в 8 км к северо-западу от центра сума Биндер.
544,1,Байгалийн үзэсгэлэнт газар,Хэрлэн гол,Kherlen River,Хэнтий ,Khentii,Баянхутаг,"Umnudelger, Tsenkhermandal, Delgerkhaan, Bayanmunkh, Murun, Bayan-Ovoo, Bayankhutag ",47.15119,110.33059,"Голын урт нь 1254 км, үүнээс Монгол Улсын Төв, Хэнтий, Дорнод аймгийн нутгийг дамжин 1090 км урсаж улсын хилээс гадагш гарч БНХАУ-ын Өвөр Монгол дахь Хөлөн нуур буюу Далай нуур руу цутгадаг байна.","The river is 1,254 km long, of which 1,090 km flows through the territories of the Tuv, Khentii, and Dornod provinces of Mongolia, before flowing out of the country and flowing into Lake Hulon or Dalai Lake in Inner Mongolia, China.",https://www.dropbox.com/scl/fi/x8irlt22wylenvcskmdbj/.jpg?rlkey=y4tn43d0zr7jwy5w18sbt4jsh&raw=1,케를렌 강,ケルレン川,克伦河,Река Херлен,"강 길이는 1,254km이며, 그 중 1,090km는 몽골의 투브(Tuv), 켄티(Khenti), 도르노드(Dornod) 지역을 거쳐 국외로 흘러 중국 내몽골의 훌론 호수(Hulon Lake)나 달라이 호수(Dalai Lake)로 흘러든다.","この川の長さは 1,254 km で、そのうち 1,090 km はモンゴルのトゥブ、ヘンティ、ドルノドの各県の領土を流れ、その後国外に流れ出て中国内モンゴルのヒューロン湖またはダライ湖に流れ込みます。",河流全长1254公里，其中1090公里流经蒙古图乌省、肯特省、多尔诺德省境内，流出蒙古国，流入中国内蒙古呼伦湖或达赉湖。,"Длина реки составляет 1254 км, из которых 1090 км протекает по территориям Тувской, Хэнтийской и Дорнодской провинций Монголии, а затем вытекает из страны и впадает в озеро Хулон или озеро Далай во Внутренней Монголии, Китай."
545,1,Байгалийн үзэсгэлэнт газар,Аураг рашаан,Aurag Mineral Water,Хэнтий ,Khentii,Дэлгэрхаан,Delgerkhaan,47.09439,109.16848,Ауруг ордын туурийн зүүн талд Аварга голын зүүн эрэгт оршино.,"It is located on the east bank of the Avarga River, to the east of the Aurug Ord.",https://www.dropbox.com/scl/fi/t3qc6gdi58jzvwneos21e/.jpg?rlkey=tplecvedw93pbe89fcdz0q2gg&raw=1,아우라 스파,オーラ・スパ,奥鲁格矿泉水,Минеральная вода Аураг,"Aurug Ord 동쪽, Avarga 강 동쪽 기슭에 위치해 있습니다.",アヴァルガ川の東岸、アウルグ オードの東に位置します。,它位于阿瓦尔加河东岸，奥鲁格丘陵以东。,"Он расположен на восточном берегу реки Аварги, к востоку от Ауруг Орда."
