№,Point_type,Category,Name_mon,Name_eng,Aimag_name_mon,Aimag_name_eng,Sum_name_mon,Sum_name_eng,Lat,Long,Description_mon,Description_eng,Photo_URL,Name_kr,Name_jp,Name_cn,Name_ru
1,2,Түүхийн дурсгалт газар,Алтан сандал уулын дурсгал,Altan Sandal Grave,Архангай,Arkhangai,Ихтамир,Ikhtamir,47.5403,101.03996,"Ихтамир сумын төвөөс баруун урд зүгт 15 км-т орших Алтан сандал уулаас баруун хойш нэг км зайд жижиг товгор дээр дугуй далантай дугуй хүрээтэй хиргисүүр нэг, дугуй далантай дөрвөлжин хиргисүүр хоёр, жижиш дөрвөлжин булш найм бий. ","Located 15 km southwest of the center of Ikhtamir soum, one km northwest of Altan Sandal Mountain, on a small hillock, there is one circular-framed khirgisur with a circular dam, two square khirgisur with a circular dam, and eight small square tombs.",https://www.dropbox.com/scl/fi/1ew3fdzxtli0dn5i9kbtl/.jpg?rlkey=k3ceu5w6tto7pm4dwsgq8rpya&raw=1,골든 체어 마운틴 기념비,ゴールデンチェアマウンテン国定公園,金椅山纪念碑,Памятник на горе Золотого Кресла
2,3,Шашны дурсгалт газар,Суварга,Stupa,Архангай,Arkhangai,Хашаат,Khashaat,47.32967,103.60615,хашаат сумын төвөөс зүүн өмнө зүгт 38 км зайтай оршино.,It is located 38 km southeast of the center of Khashaat soum.,https://www.dropbox.com/scl/fi/9bm4lw1oq80gcp6ao6oz8/.jpg?rlkey=f2t41plkc8qzerex7cibgnucd&raw=1,탑,仏塔,佛塔,Ступа
3,2,Түүхийн дурсгалт газар,Билгэ хааны цогцолбор,Bilge Khan Complex,Архангай,Arkhangai,Хашаат,Khashaat,47.55745,102.8369,"Хашаат сумын Цайдам бригадын нутагт Өгий нуураас баруун урагш 36 км, Хархориноос хойш 47 км зайд Хөгшин Орхон голын зүүн эрэг, Цайдам нуурын баруун өмнө оршдог. ","It is located in the Tsaydam brigade area of ​​Khashaat soum, 36 km southwest of Ugii Lake and 47 km north of Kharkhorin, on the east bank of the Old Orkhon River and southwest of Tsaydam Lake.",https://www.dropbox.com/scl/fi/27whel5nxxsg09yet5vkk/.jpg?rlkey=4exqjq7g5zjuwlouxdijdcui8&dжйц=1,빌게칸 단지,ビルジ カーン コンプレックス,比尔格汗复合体,Комплекс Бильге Хан
4,1,Байгалийн үзэсгэлэнт газар,Булган уул (2143м),Bulgan Mountain (2143m),Архангай,Arkhangai,Эрдэнэбулган,Erdenebulgan,47.50541,101.46154,"Байгалийн үзэсгэлэнт байдал, түүхийн дурсгалт зүйлсийг нь хамгаалах зорилгоор 1965 онд улсын тусгай хамгаалалтад авсан. ",It was placed under special state protection in 1965 to protect its natural beauty and historical monuments.,https://www.dropbox.com/scl/fi/7twrxr8khoao3xh3yx1m6/.jpg?rlkey=1dajk3fc9s0jfosjalxx52l1z&raw=1,불간산,仏岩山,布尔干山,Гора Булган
5,2,Түүхийн дурсгалт газар,Вандан аваргын хөшөө,Vandan Avarga Statue,Архангай,Arkhangai,Батцэнгэл,Battsengel,47.78078,101.9687,"1994 онд бүтээж ,2014 онд сумын 90 жилийн ойн хүрээнд Вандан аваргын нэрэмжит хүндэтгэлийн талбайг байгуулж хөшөөг тэнд шилжүүлэн байршуулжээ.","It was built in 1994, and in 2014, as part of the soum's 90th anniversary, a memorial square was established in the name of Vandan Avarga and the statue was relocated there.",https://www.dropbox.com/scl/fi/78cdx7iv8ubc716x25ogu/.jpg?rlkey=qsvrxvppbmmo9bcsv56o8till&raw=1,반단 아바르가 동상,ヴァンダン アヴァルガ像,凡丹·阿瓦尔加雕像,Статуя Вандана Аварги
6,2,Түүхийн дурсгалт газар,Дельфинтэй хөшөө,Statue with a dolphin,Архангай,Arkhangai,Тариат,Tariat,48.1826,99.78723,Тариат сутын төвөөс баруун хойд зүгт 11 км зайтай оршино.,It is located 11 km northwest of the city center.,https://www.dropbox.com/scl/fi/lupxh5siskbw5yr36smnr/.jpg?rlkey=ew69v016qfb9cw1kdn7lyl0wj&raw=1,돌고래가 있는 조각상,イルカの像,与海豚的雕像,Статуя с дельфином
7,1,Байгалийн үзэсгэлэнт газар,Дуут нуур Архангай,Duut Lake (Arkhangai),Архангай,Arkhangai,Хайрхан,Khairkhan,48.52532,101.90015,Хайрхан сумын төвөөс урд зүгт 9.5 км зайтай оршино.,It is located 9.5 km south of the center of Khairkhan soum.,https://www.dropbox.com/scl/fi/uqcl33451d8j7lwn5m4cq/Duu-lake.jpeg?rlkey=qava7rbonn2ejikcrkacmb2tu&raw=1,두트 호수,ダウト湖,杜特湖,Озеро Дуут
8,2,Түүхийн дурсгалт газар,Культегиний хөшөө,Kultegin Statue,Архангай,Arkhangai,Хашаат,Khashaat,47.56406,102.83144," Анх мэлхий чулуун дээр тамга бүхий нүүрэн талыг наран ургах зүг харуулан босгосон байжээ. Культегин гэдэг нь Түрэг улсын жанжин бөгөөд 684 онд төржээ. 16 настайгаасаа төрийн хэрэгт зүтгэж эхэлсэн ба ухаалаг, авъяаслаг жанжин байсан. Тэрээр 731 онд 47 настай таалал төгсөхөд тахилын онгон цогцолбор, шүтээний сүмийг түүний ах Билгэ хаан 732 онд дүүгийнхээ дурсгалд зориулан босгож ач хүү Йолуг тегин 20 хоног ухаж сийлжээ.","The first stone was erected with the stamped side facing the rising sun. Kultegin was a Turkic general born in 684. He began his career in state affairs at the age of 16 and was a wise and talented general. When he died in 731 at the age of 47, the sacrificial complex and the temple were built in 732 by his brother Bilge Khan in memory of his brother, and his grandson Yolug Tegin spent 20 days digging and carving it.",https://www.dropbox.com/scl/fi/uatduddzrrt7r5le86453/.JPG?rlkey=5skswjzder3fwtv2zfd07iv61&raw=1,쿨테긴 동상,クルテギン像,库尔特金雕像,Статуя Культегина
9,2,Түүхийн дурсгалт газар,Луут хотын туурь,Luut City Ruin,Архангай,Arkhangai,Өлзийт,Ulziit,48.02554,102.50808,Луут хот буюу Лүн Чан -Монголын анхны төрт улс Хүннү гүрний нийслэл хот. Луут хот нь тухайн цаг үедээ хаад язгууртны тансаг зэрэглэлийн зуны нийслэл байжээ. Өлзийт сумын төвөөс баруун урд зүгт 9 км зайтай оршино.,"Luut city or Lun Chan - the capital of the first Mongol state, the Hunnic Empire. Luut city was a luxurious summer capital of the kings and nobles at that time. It is located 9 km southwest of the center of Ulziit soum.",https://www.dropbox.com/scl/fi/a7dwszom8l2soz90k1ynh/.jpeg?rlkey=lz6brwdhp299mj8x78ohfmjc9&raw=1,루트시티 유적,ルウトシティ遺跡,卢特城遗址,Руины города Луут
10,3,Шашны дурсгалт газар,Алтан зуу хийд,Altan Zuu Monastery,Архангай,Arkhangai,Өлзийт,Ulziit,48.09831,102.55636,Өлзийн сумын төвд оршино.,It is located in the center of Ulziin soum.,https://www.dropbox.com/scl/fi/dquslv6bzkn6c8jukr0kl/.jpg?rlkey=1zzxerwm691i8k5tsseqv4dag&raw=1,알탄 주 수도원,アルタン・ズー修道院,阿尔坦祖修道院,Монастырь Алтан Зуу
11,1,Байгалийн үзэсгэлэнт газар,Мөст агуй,Ice Cave,Архангай,Arkhangai,Тариат,Tariat,48.17204,99.82978,Тариат сутын төвөөс баруун хойд зүгт 5 км зайтай оршино.,It is located 5 km northwest of the center of Tariat.,https://www.dropbox.com/scl/fi/p3yzdle4txnqessxzmm08/.jpg?rlkey=0zn3bzd758dvpzcqmta2zh6je&raw=1,얼음 동굴,氷の洞窟,冰洞,Ледяная пещера
12,1,Байгалийн үзэсгэлэнт газар,Мэлхий хад,Frog Rock,Архангай,Arkhangai,Тариат,Tariat,48.18113,99.78851,Тариат сутын төвөөс баруун хойд зүгт 11 км зайтай оршино.,It is located 11 km northwest of the city center.,https://www.dropbox.com/scl/fi/2fysatbpfjcb9151a4r44/1.jpg?rlkey=yztpqhr3higepa1pes9olp3ki&raw=1,개구리바위,カエル岩,青蛙岩,Лягушачья скала
13,1,Байгалийн үзэсгэлэнт газар,Өгий нуур,Ugii Lake,Архангай,Arkhangai,Өгийнуур,Ogiinur,47.77405,102.783,"25 хавтгай дөрвөлжин километр талбайтай нуур. 7 километр урт, 5 километр өргөн. Хамгийн гүнзгий газартаа 15 метр орчим. Далайн төвшнөөс дээш 1337 метр өргөгдсөн. Өгийнуур сумын төвөөс зүүн хойд зүгт 24 км зайтай оршино.","Lake with an area of ​​25 square kilometers. 7 kilometers long, 5 kilometers wide. About 15 meters at its deepest point. Elevated 1337 meters above sea level. Located 24 km northeast of the center of Ugiinuur soum.",https://www.dropbox.com/scl/fi/6kyr7ad34a6ag2q8e499u/Ugiilake.jpg?rlkey=lp4khy3wthubsefu79crwclr5&raw=1,우기이 호수,ウギー湖,乌吉湖,Озеро Угий
14,1,Байгалийн үзэсгэлэнт газар,Суварга хайрхан уул (3179м),Suvarga Khairkhan Mountain,Архангай,Arkhangai,Цэнхэр,Tsenkher,47.05601,101.36538,"Суварга хайрхан уул нь хормойгоороо ой модоор хучигдсан, нүцгэн оройтой, ноён оргилоосоо доош уулын энгэр талдаа тунгалаг нууртай, завилаад сууж буй хүн шиг сонин тогтоц бүхий уул юм. ","Suvarga Khairkhan Mountain is a mountain with a bare peak, covered with forests along its slopes, and a clear lake on the slopes below its peak, with a curious shape resembling a man sitting cross-legged.",https://www.dropbox.com/scl/fi/x4szah8x9x9yuq1jfkwee/.jpg?rlkey=d5luxwwj69fnqksr2pp972a4s&raw=1,수바르가 카이르칸 산,スヴァルガ・ハイルカン山,苏瓦尔加凯尔汗山,Гора Суварга Хайрхан
15,2,Түүхийн дурсгалт газар,Сайрын овоо,Sairyn Ovoo,Архангай,Arkhangai,Цэнхэр,Tsenkher,47.43879,101.62623,Цэнхэр сумын төвөөс баруун зүгт 10 км зайтай оршино.,It is located 10 km west of the center of Tsenkher soum.,https://www.dropbox.com/scl/fi/owrh6lu8b2y25a11xx7ah/.jpg?rlkey=he6r7fg7ejk081jw4jsgqwk5w&raw=1,사이린 오부,サイリン・オヴォー,赛琳·奥沃,Сэйрин Овоо
16,2,Түүхийн дурсгалт газар,Шивээт улаан Архангай,Shiveet Ulaan Ruin,Архангай,Arkhangai,Цэнхэр,Tsenkher,47.07073,102.07087,Цагаан сүмийн голын хойд эрэгт оршино.,It is located on the north bank of the White Mosque River.,,시비트 울란 유적,シヴィート・ウラーン遺跡,希维特乌兰遗址,Руины Шивеет-Улаан
17,1,Байгалийн үзэсгэлэнт газар,Тайхар чулуу,Taikhar Rock,Архангай,Arkhangai,Ихтамир,Ikhtamir,47.6005,101.25363," Хойд Тамир голын эрэгт байрлах Тайхар чулуу нь аймгийн төвөөс 20 км зайд оршдог, 16 метр өндөр эгц боржин чулуун цохио юм. Энэхүү гайхалтай чулууг бий болсон талаар олон домог бий.","Located on the banks of the Northern Tamir River, Taikhar Rock is a steep granite cliff 16 meters high, located 20 kilometers from the provincial center. There are many legends about the formation of this amazing rock.",https://www.dropbox.com/scl/fi/13w5rhok9mrec1q7xcw3x/TaikharRock.jpg?rlkey=kvu79r3r0hzbgxzncn54m2hgy&raw=1,타이카르 록,タイカール ロック,泰卡岩,Тайхар Рок
18,1,Байгалийн үзэсгэлэнт газар,Тамирын гол,Tamir River,Архангай,Arkhangai,Өгийнуур,"Ogiinur, Ikhtamir, Battsengel, Ugiinuur, Bulgan, Tsenkher",47.76034,102.51995,"Урд, Хойд Тамирын голууд нийлэн Тамирын гол нэртэйгээр зүүн зүгт  урсан Өгий нуурт цутгана.","The South and North Tamir rivers merge and flow into Lake Ogii, which flows eastward under the name Tamir.",https://www.dropbox.com/scl/fi/dcsqnd5pvyhfw19dwigc7/.jpg?rlkey=rq8cmolma4afprfenfwj05tul&raw=1,타미르 강,タミール川,塔米尔河,Река Тамир
19,1,Байгалийн үзэсгэлэнт газар,Тэрхийн цагаан нуур,Terkhiin Tsagaan Lake,Архангай,Arkhangai,Тариат,Tariat,48.16129,99.72011,"Хоргын тогооны дэргэд байрлах цэнгэг уст нуур. Хангайн нуруунаас эх авсан Хойд, Урд Тэрхийн голын урсгал Хорго галт уулын халуун хайлмал бодист боогдон үүсчээ.","A freshwater lake located near the Khorgo crater. The North and South Terkh rivers, originating in the Khangai Mountains, were formed by the hot molten material of the Khorgo volcano.",https://www.dropbox.com/scl/fi/scpuie9gev6fiuhujrpw5/Terkhiinlake.jpg?rlkey=0wh36erf7gnapyniq8f0t4lsx&raw=1,테르킨 차간 호수,テルヒン・ツァガーン湖,特尔欣察干湖,Озеро Терхийн Цагаан
20,1,Байгалийн үзэсгэлэнт газар,Хануй гол,Khanui River,Архангай,Arkhangai,Өндөр-Улаан,"Chuluut, Ikhtamir, Undur-Ulaan, Erdenemandal, Tsetserleg, Khairkhan",48.02396,101.03394,"Архангай аймгийн нутгаар Хангайн нуруунаас эх авч зүүн хойшоо 421 км урсаад Сэлэнгэ мөрөнд нийлдэг. Хануй, Хүнүй голын бэлчирээс доошлох тусам 20-30 метр гүн эгц хүрмэн хавцал дундуур урсана. ","It originates in the Khangai Range in Arkhangai Province and flows northeast for 421 km before joining the Selenge River. As it descends from the confluence of the Khanui and Khunui rivers, it flows through steep, 20-30 meter deep gorges.",https://www.dropbox.com/scl/fi/6b2lth1xkt8bzadvhqed6/.jpg?rlkey=p4of6u11n3d7h8y822g32zf93&raw=1,카누이 강,ハヌイ川,卡努伊河,Река Хануй
21,2,Түүхийн дурсгалт газар,Хар балгас,Khar Balgas Ruin ,Архангай,Arkhangai,Хотонт,Khotont,47.4313,102.65975,Төв Азийн нүүдэлч ард түмний дунд МЭ VIII-IХ зууны үед ээлжит төр улсаа байгуулан 100 орчим жил оршин тогтнож байсан Уйгурын хаант улсын нийслэл Орду балык буюу нутгийнхны нэршлээр Хар балгас гэдэг их хотын туурь  Хархориноос зүүн хойш 40 км-т Орхоны хөндийд байдаг.,"The ruins of the great city of Ordu Balyk, or Khar Balgas as the locals call it, the capital of the Uyghur Khanate, which was a nomadic people of Central Asia that established its own state in the 8th-9th centuries AD and existed for about 100 years, are located 40 km northeast of Kharkhorin in the Orkhon Valley.",https://www.dropbox.com/scl/fi/220zxyzkegu9sk9pg5tsd/.jpg?rlkey=t52wgv0bik45cyxoe8bx2bjb7&raw=1,카르 발가스 폐허,カール・バルガス遺跡,卡尔巴尔加斯遗址,Руины Хар Балгаса
22,1,Байгалийн үзэсгэлэнт газар,Цагаан сүмийн халуун рашаан,White Temple Hot Springs,Архангай,Arkhangai,Хотонт,Khotont,47.06708,102.09899,Хотонт сумын төвөөс баруун өмнө зүгт 46 км зайтай оршино.,It is located 46 km southwest of the center of Khotont soum.,https://www.dropbox.com/scl/fi/9brxd4gvocvjho3yn9ysk/.jpg?rlkey=m5xa4b6ry2st1m97nubdttxef&raw=1,화이트 템플 온천,ホワイトテンプル温泉,白庙温泉,Горячие источники Белая мечеть
23,1,Байгалийн үзэсгэлэнт газар,Хорго уул,Khorgo Mountain,Архангай,Arkhangai,Тариат,Tariat,48.18629,99.85693,Одоогоос 9 мянга орчим жилийн өмнө дэлбэрч байгаад унтарсан галт уул юм. Далайн түвшнээс дээш 2240 метрийн өндөр бөгөөд  Тариат сумын төөөс баруун хойд зүгт 4 км зайтай оршино.,"It is a dormant volcano that erupted about 9,000 years ago. It is 2,240 meters above sea level and is located 4 km northwest of Tariat soum.",https://www.dropbox.com/scl/fi/4085jwtnb3atpiitt3rm1/Khorgo.jpg?rlkey=kbvf7dujt7940bkzdct4ms6qs&raw=1,코르고 산,ホルゴ山,霍尔果山,Гора Хорго
24,1,Байгалийн үзэсгэлэнт газар,Хөдөө нуур(Архангай),Khuduu Lake(Arkhangai),Архангай,Arkhangai,Тариат,Tariat,48.16511,99.53246,Тэрхийн цагаан нуурын баруун талд 2.5 км зйтай далайн түвшнээс дээш 2061 метр өндөрт оршино   оршино.,"It is located on the west side of Lake Terkhin, 2.5 km long, at an altitude of 2061 meters above sea level.",https://www.dropbox.com/scl/fi/vgx9lrlbo6rndgv28av5a/2.jpg?rlkey=z44sm2wzj8clg2x3mr400a072&raw=1,쿠두 호수,クドゥ湖,库杜湖,Озеро Худуу
25,2,Түүхийн дурсгалт газар,Хөшөө цайдам музей,Khushuu Tsaidam Museum,Архангай,Arkhangai,Хашаат,Fence,47.56083,102.84082,"Монгол Улсын Засгийн газрын 2010 оны 32-р тоот тогтоолоор Монгол Улсын нутаг дэвсгэр дээр оршиж байсан Түрэгийн хаант улсын түүх, соёлтой холбогдол бүхий хосгүй үнэт эд өлгийн зүйл, олдворыг хадгалж хамгаалах, судлах, сурталчилах үүрэг бүхий Хөшөө Цайдам музей байгуулагдсан юм. Музей нь байнгын үзэсгэлэнгийн танхим, түр үзэсгэлэнгийн танхим болон гадна үзэсгэлэнгийн талбайтай.","The Hushöö Tsaydam Museum was established by the Mongolian Government Decree No. 32 of 2010, with the mission of preserving, studying, and promoting unique valuable artifacts and finds related to the history and culture of the Turkic Khanate that existed on the territory of Mongolia. The museum has a permanent exhibition hall, a temporary exhibition hall, and an outdoor exhibition area.",https://www.dropbox.com/scl/fi/h1xf9khhwfdl0395niskb/.jpg?rlkey=y09dn496ixyhkx0nvqcq36gfl&raw=1,쿠슈 차이담 박물관,クシュウ・サイダム博物館,胡舒·柴达姆博物馆,Музей Хушуу Цайдама
26,1,Байгалийн үзэсгэлэнт газар,Хунт нуур,Swan Lake,Архангай,Arkhangai,Тариат,Tariat,48.07585,99.51652,"Тэрхийн цагаан нуурын баруун өмнө зүгт 6.5 км  зайтай, далайн түшвнээс дээш 2060 метрийн өндөрт оршино.","It is located 6.5 km southwest of Lake Terkhin Tsagaan and at an altitude of 2,060 meters above sea level.",https://www.dropbox.com/scl/fi/77mwrxpat7z5uyb4ef93o/.jpg?rlkey=9cg8fzljx5w5ksz267jswwonq&raw=1,백조의 호수,白鳥の湖,天鹅湖,Лебединое озеро
27,1,Байгалийн үзэсгэлэнт газар,Даваа нуур,Davaa Lake,Архангай,Arkhangai,Цахир,Tsakhir,48.19057,98.76585,Далайн түвшнээс дээш 2465 метр өндөрт орших нуур.,The lake is located at an altitude of 2465 meters above sea level.,https://www.dropbox.com/scl/fi/u98gwva7c6axr2970180q/.jpg?rlkey=f478vlc5gkuy90qyo5s6fk1zi&raw=1,다바 호수,ダヴァ湖,ダヴァ湖,Озеро Даваа
28,3,Шашны дурсгалт газар,Цахирын 2 шүтээн,Tsakhir Two Monks Stupa,Архангай,Arkhangai,Цахир,Tsakhir,48.09223,98.73099,"Суварган дотор Тойн-Эрдэнэ Чүлтэмжамц буюу Өвгөн Гэсэр лам, түүний шавь Цорж-аграмба Санжжав нарын “занданшсан шарил” буй бөгөөд эдгээрийг ХОС ОРШИНОЛ хэмээн нэрлэжээ. ","Inside the stupa are the “buried remains” of Toin-Erdene Chultemjamts, or Old Geser Lama, and his disciple Tsorj-agramba Sanjjav, which are called DOUBLE RESIDENCES.",https://www.dropbox.com/scl/fi/mminvcqzh63nzubzu5tt6/2.jpg?rlkey=bbo59ibfyoshwhczoe0vck05o&raw=1,차키르 두 승려 스투파,ツァキルの二人の僧侶の仏塔,查基尔二僧舍利塔,Ступа двух монахов Цахир
29,1,Байгалийн үзэсгэлэнт газар,Чулуутын гол,Chuluut River,Архангай,Arkhangai,"Тариат, Чулуут, Өндөр-Улаан","Tariat, Chuluut, Undur-Ulaan",48.15943,100.30425,"Чулуут голын урт 415км. Энэ гол Хангайн нурууны хамгийн өндөр хэсгээс эх авдаг учраас унал их, урсгал хурдтай уулын гол юм. ","The Chuluut River is 415 km long. It originates from the highest part of the Khangai Mountains, making it a mountain river with a high gradient and fast flow.",https://www.dropbox.com/scl/fi/xprl0gyzzsnv1bd3w84o4/.jpg?rlkey=2dkksyd504vmwc2a9wy1wkvx0&raw=1,출루트 강,チュルート川,楚鲁特河,Река Чулуут
30,1,Байгалийн үзэсгэлэнт газар,Чулуутын хавцал,Chuluut Canyon,Архангай,Arkhangai,Өндөр-Улаан,Undur-Ulaan,48.13213,100.27831,Чулуут гол нь Тээлийн голын адгаас доош Ацатын горхины адаг хүртэл 100 орчим км газарт 40-60 орчим м гүн хүрмэн чулуун хавцал үүсгэж урсана.,"The Chuluut River flows for about 100 kilometers from the mouth of the Teeli River to the mouth of the Atsat Stream, creating a 40-60 m deep rocky gorge.",https://www.dropbox.com/scl/fi/joyb1bg3wevy1kihv01mr/.jpg?rlkey=j3gwxw8x0rfgl49k31blni2fk&raw=1,출루트 캐년,チュルウト渓谷,楚鲁特峡谷,Чулуутский каньон
31,1,Байгалийн үзэсгэлэнт газар,Шар нохойн там,Shar Nokhoin Tam,Архангай,Arkhangai,Тариат,Tariat,48.17286,99.82929,Тариат сутын төвөөс баруун хойд зүгт 5 км зайтай оршино.,It is located 5 km northwest of the center of Tariat.,https://www.dropbox.com/scl/fi/sy497wahg3sc3a7osk3ft/.jpg?rlkey=6nyvzkqhdhzhdks8a4ktbmcka&raw=1,샤 녹호인 탐,シャール・ノクホイン・タム,沙尔·诺科因·谭,Шар Нохоин Там
32,1,Байгалийн үзэсгэлэнт газар,Шивэртийн нуур,Shivert Lake,Архангай,Arkhangai,Тариат,Tariat,48.1096,99.17569,"Тэрхийн цагаан нуурын баруун зүгт 32 км  зайтай, далайн түшвнээс дээш 2050 метрийн өндөрт оршино.","It is located 32 km west of Lake Terkhin Tsagaan and at an altitude of 2,050 meters above sea level.",https://www.dropbox.com/scl/fi/14ct8roinr4kb0vg1lg9i/.jpg?rlkey=4untz6ee7f8p4dtixicdqc51f&raw=1,쉬버트 호수,シバート湖,希弗特湖,Озеро Шиверт
33,3,Шашны дурсгалт газар,Чулуутын хийдийн туурь,Ruins of Chuluut Monastery,Архангай,Arkhangai,Чулуут,Chuluut,47.86282,100.33743,Чулуут сумын төвөөс зүүн хойд зүгт 44 орчим км затай оршино.,It is located about 44 kilometers northeast of the center of Chuluut soum.,https://www.dropbox.com/scl/fi/u5pi616cdrgx0hciqfpmn/.jpg?rlkey=pem1rm0obbzpwht9h7xdvn76a&raw=1,출루트 수도원 유적,チュルート修道院の遺跡,楚鲁特修道院遗址,Руины монастыря Чулуут
34,1,Байгалийн үзэсгэлэнт газар,Халуун-Ус рашаан,Hot Water Spring,Архангай,Arkhangai,Чулуут,Chuluut,47.75654,100.24363,Чулуут сумын Халуун-Ус багийн нутагт байдаг халуун рашаан,Hot springs in the Khaluun-Us Bag area of ​​Chuluut soum,,온천,温泉,温泉,Горячий источник
35,3,Шашны дурсгалт газар,Бага наран суварга,Baga Naran stupa,Архангай,Arkhangai,Чулуут,Chuluut,47.73031,100.26335,Эрдэм чадалтай Нарангийн Шоовой багш түүний шавь Ширээт гэгээн нарын амьдарч байсан газар. Чулуут сумын төвөөс хойд зүгт 30 км зайтай оршино. ,The place where the learned Naranian Shoovoy and his disciple Shireet Gegegen Lama lived. It is located 30 km north of the center of Chuluut soum.,,바가 나란,バガ・ナラン,巴加纳兰,Бага Наран
36,3,Шашны дурсгалт газар,Улаан овоо суварга,Ulaan Ovoo Stupa,Архангай,Arkhangai,Чулуут,Chuluut,47.674,100.33014,Чулуут сумын төвөөс зүүн хойд зүгт 20 орчим км затай оршино.,It is located about 20 kilometers northeast of the center of Chuluut soum.,,울란 오보 스투파,ウラン・オヴォー仏塔,乌兰峨眉佛塔,Ступа Улан-Овоо
37,1,Байгалийн үзэсгэлэнт газар,Цогт сүмбэр уул (3348м),Tsogtsumber Mountain (3348m),Архангай,Arkhangai,Чулуут,Chuluut,47.20897,100.11887,Чулуут сумын нутагт орших далайн түвшнээс дээш 3348.4 метр өндөрт орших сүрлэг сайхан хайрхан юм.,"It is a majestic and beautiful mountain located at an altitude of 3,348.4 meters above sea level in Chuluut soum.",https://www.dropbox.com/scl/fi/5wi2jot24ngcwy3hz88zc/.jpg?rlkey=maku4i07rea0s17xo93ju9wsc&raw=1,초그트 숨버 산,ツォグト・スンベル山,特索格特桑伯山,Гора Цогт-Сумбер
38,1,Байгалийн үзэсгэлэнт газар,Хорго Тэрхийн Цагаан Нуур БЦГ,Khorgo Terkhian Tsagaan Nuur Natural Park,Архангай,Arkhangai,Тариат,Tariat,48.20705,99.64969,"Тэрхийн цагаан нуур, Хорго унтарсан галт уулын хосолсон аялал жуулчлалын бүс нутаг",Terkhian Tsagaan Nuur and Khorgo extinct volcano combined tourism area star_border Save translation,https://www.dropbox.com/scl/fi/2se6ysqtmev2opkjxpvbj/.jpg?rlkey=3jenmyr0v18ukn0ue2geyeu7x&raw=1,코르고 테르키안 차가안 누르 자연공원,ホルゴ テルキアン ツァガーン ヌール自然公園,霍尔果·特尔赫安·察干努尔自然公园,Природный парк Хорго Терхян Цагаан Нуур
39,1,Байгалийн үзэсгэлэнт газар,Орхон гол,Orkhon River,Архангай ,Arkhangai,Өгийнуур,"Ugiinuur, Ulziit",47.63705,102.56669,"Хангайн нурууны Суварга хайрхан (3,179.1 м) уулын өвөр, Хар хуштын давааны (2,670 м ) зүүн өмнөд хажуугаас эх авч 1,149 км урсаад Сэлэнгэ мөрний баруун талаас Сүхбаатар хотын дэргэд нийлдэг бөгөөд Сэлэнгэ мөрний хамгийн том цутгал гол юм.","It originates from the foot of Suvarga Khairkhan (3,179.1 m) mountain in the Khangai Mountains, on the southeastern slope of the Khar Khusht Pass (2,670 m), flows for 1,149 km, and joins the Selenge River from the west near the city of Sukhbaatar, and is the largest tributary of the Selenge River.",https://www.dropbox.com/scl/fi/0faou6rkfx1am608lgxf3/.jpg?rlkey=cyhuoanpqzstkm93vrvhd86h1&raw=1,오르혼 강,オルホン川,鄂尔浑河,Река Орхон
40,1,Байгалийн үзэсгэлэнт газар,Их нуур,Ikh Lake,Архангай,Arkhangai,Эрдэнэмандал,Erdenemandal,48.46496,101.36601,Эрдэнэмандал сумын төвөөс урд зүгт 4.5 км зайтай оршино,It is located 4.5 km south of the center of Erdenemandal soum.,https://www.dropbox.com/scl/fi/ww7le475sow26pecqm7u3/.jpg?rlkey=v8fetpupogeo8p9wuv0uhvpd6&raw=1,이크 호수,イク湖,伊赫湖,Озеро Икх
41,2,Түүхийн дурсгалт газар,Хар хул хааны балгас,Ruins of the Black Khul Khan,Архангай,Arkhangai,Эрдэнэмандал,Erdenemandal,48.47078,101.33113,Эрдэнэмандал сумын төвөөс баруун өмнө зүгт 7 км зайтай оршино.,It is located 7 km southwest of the center of Erdenemandal soum.,https://www.dropbox.com/scl/fi/nf1m3q3a2ejqx4u48sgjt/.jpg?rlkey=gbn94y6da48w3t0vvx0e2ezlw&raw=1,블랙 쿨 칸의 유적,ブラック・クル・カーンの遺跡,黑库尔汗遗址,Руины Чёрного Кхул-хана
42,1,Байгалийн үзэсгэлэнт газар,Адаг нуур,Adag Lake,Баян-Өлгий,Bayan-Olgii,Ногооннуур,Nogoonnuur,49.51523,89.84679,Цагааннуур багийн төвөөс баруун зүгт 6 км зайтай оршино.,It is located 6 km west of the center of Tsagaannuur.,https://www.dropbox.com/scl/fi/8fr24fgmipeyo3b9cgboo/.jpg?rlkey=sgp1hme7xzpqmw0ial5ys40ys&raw=1,아닥 호수,アダグ湖,阿达格湖,Озеро Адаг
43,1,Байгалийн үзэсгэлэнт газар,Алтай таван богд байгалийн цогцолборт газар,Altai Tavan Bogd National Park,Баян-Өлгий,Bayan-Olgii,Цэнгэл,Tsengel,48.62961,88.53588,Байгалийн цогцолборт газар,National Park,https://www.dropbox.com/scl/fi/du63hmqh4aedhvuqv36q4/.jpg?rlkey=vdkawztvt4qh5ygjq7bsdr710&raw=1,"""알타이 타반 복드"" 자연공원",「アルタイ・タヴァン湿地」自然公園,“阿尔泰塔万博格德”自然公园,Природный парк «Алтай Таван Богд»
44,1,Байгалийн үзэсгэлэнт газар,Бага түргэний хүрхрээ,Baga Turgen Waterfall,Баян-Өлгий,Bayan-Olgii,Цэнгэл,Tsengel,48.50773,88.36274,Далайн түвшнээс дээш 2400 м өндөрт байдаг хүрхрээ,A waterfall located at an altitude of 2400 m above sea level,https://www.dropbox.com/scl/fi/aaukv315irrwexqpxmvk2/.jpg?rlkey=7g8zsol7fzaff1dxpefav1yws&raw=1,바가 투르겐 폭포,バガ トゥルゲンの滝,巴加图尔根瀑布,Водопад Бага Тургень
45,1,Байгалийн үзэсгэлэнт газар,Бага хатуугийн нуур,Baga Khatuu Lake,Баян-Өлгий,Bayan-Olgii,Цэнгэл,Tsengel,49.058,88.389,Цэнгэл сумын төвөөс баруун хойд зүгт 64 км зайтай орших өндөр уулын цэнгэг нуур,A high mountain fresh lake located 64 km northwest of the center of Tsengel soum.,https://www.dropbox.com/scl/fi/ac3c528qvbqh2hieu6ha4/.jpg?rlkey=yksn9nbvsq20hjc0so5m13kzv&raw=1,바가 카투 호수,バガカトゥ湖,巴加卡图湖,Озеро Бага Хатуу
46,1,Байгалийн үзэсгэлэнт газар,Хүйтэн оргил (4374м),Cold peak (4374m),Баян-Өлгий,Bayan-Olgii,Цэнгэл,Tsengel,49.14452,87.81645,Монгол улс ба БНХАУ-ын хил дээр оршино.,It is located on the border of Mongolia and China.,https://www.dropbox.com/scl/fi/0onvywtan5j7j8ljtwe4s/.jpg?rlkey=1ayf0jla87ps5zcy5ri4t61yd&raw=1,콜드 피크,コールドピーク,冷峰,Холодный пик
47,1,Байгалийн үзэсгэлэнт газар,Найрамдал оргил (4192м),Friendship Peak,Баян-Өлгий,Bayan-Olgii,Цэнгэл,Tsengel,49.15348,87.81249,Далайн түвшнээс дээш 4192 метр өндөрт орших Алтай таван богдын өндөр оргилуудын нэг юм.,"At 4,192 meters above sea level, it is one of the highest peaks of the Altai Mountains.",https://www.dropbox.com/scl/fi/5qfmkklx156kb4gv3zyp2/.jpg?rlkey=h5f6fziw4o2urn20t2sxtna5r&raw=1,우정봉,フレンドシップピーク,友谊之峰,Пик Дружбы
48,1,Байгалийн үзэсгэлэнт газар,Козловын мөсөн гол (баруун),Kozlov Glacier (west),Баян-Өлгий,Bayan-Olgii,Цэнгэл,Tsengel,49.04629,87.84979,Алтай таван богдын томоохон мөсөн гол.,One of the largest glaciers in the Altai Mountains.,https://www.dropbox.com/scl/fi/tmteefff2gfbyhwxrl4yk/.jpg?rlkey=fuzpy3rziizzsz9v048r1fn8n&raw=1,科兹洛夫冰川（西）,コズロフ氷河（西側）,科兹洛夫冰川（西）,Ледник Козлова (запад)
49,1,Байгалийн үзэсгэлэнт газар,Козловын мөсөн гол (зүүн),Kozlov Glacier (left),Баян-Өлгий,Bayan-Olgii,Цэнгэл,Tsengel,49.06531,87.88025,Алтай таван богдын томоохон мөсөн гол.,One of the largest glaciers in the Altai Mountains.,https://www.dropbox.com/scl/fi/gw27ue0a5ltrs4yz7j8tw/.jpg?rlkey=0mqsesed8ekvc77mpfh7qjs1q&raw=1,코즐로프 빙하(왼쪽),コズロフ氷河（左）,科兹洛夫冰川（左）,Ледник Козлова (слева)
50,1,Байгалийн үзэсгэлэнт газар,Певцовын мөсөн гол,Pevtsov Glacier,Баян-Өлгий,Bayan-Olgii,Цэнгэл,Tsengel,49.07838,87.939,Алтай таван богдын томоохон мөсөн гол.,One of the largest glaciers in the Altai Mountains.,https://www.dropbox.com/scl/fi/q52r9kcev364cgvc59lxu/.jpg?rlkey=u41k1wjhv1o8ehm0bo4qu8t7k&raw=1,페브초프 빙하,ペフツォフ氷河,佩夫佐夫冰川,Ледник Певцова
51,1,Байгалийн үзэсгэлэнт газар,Малчин оргил уул (4051м),Malchin Peak (4051m),Баян-Өлгий,Bayan-Olgii,Улаанхус,Ulaankhus,49.17171,87.87511,Монгол улс ОХУ-ын хил дээр оршино.,It is located on the border of Mongolia and Russia,https://www.dropbox.com/scl/fi/bpczurdw1mdeh5hhoj6kh/.jpg?rlkey=y5s43ioltgpewuuycmbgphh74&raw=1,말친 봉우리,マルチンピーク,马尔钦峰,Пик Малчин
52,1,Байгалийн үзэсгэлэнт газар,Баяннуур (Баян-Өлгий),Bayan Lake (Bayan-Ulgii),Баян-Өлгий,Bayan-Olgii,Баяннуур,Bayannuur,48.83685,90.91247,Баяннуур сумын төв далйн түвшнээс дээш 1577 метр өндөрт байх энэхүү нуурын баруун хойд эрэгт оршино,"The center of Bayannur soum is located on the northwestern shore of this lake, which is 1,577 meters above sea level.",https://www.dropbox.com/scl/fi/f2jldx30rt72me3br39vp/.jpg?rlkey=649wyl3s5rboc9c3lpxhzp0vl&raw=1,바얀 호수,バヤン湖,巴彦湖,Озеро Баян
53,1,Байгалийн үзэсгэлэнт газар,Даян нуур,Dayan Lake,Баян-Өлгий,Bayan-Olgii,Сагсай,Sagsai,48.33838,88.84895,Далын түвшнээс дээш 2232 м өндөрт орших цэнгэг нуур улсын хилээс 12.5 км зайтай байна. ,"The freshwater lake, located at an altitude of 2,232 m above sea level, is 12.5 km from the state border.",https://www.dropbox.com/scl/fi/jbjsrof9pw1amb50q55uu/Dayanlake.jpg?rlkey=gmrt0pqach14p7uz0va1bsuk6&raw=1,다얀 호수,大研湖,大研湖,Озеро Даян
54,1,Байгалийн үзэсгэлэнт газар,Дунд нуур,Dund Lake,Баян-Өлгий,Bayan-Olgii,Ногооннуур,Nogoonnuur,49.49834,89.79635,Цагааннуур багийн төвөөс  баруун зүгт 2 км зайтай оршино.,It is located 2 km west of the center of Tsagaannuur.,https://www.dropbox.com/scl/fi/p0aj5emca39by5qepebr6/.jpg?rlkey=hzxszglwxidt5v49x0wc2rcv0&raw=1,던드 레이크,ダンド湖,邓德湖,Озеро Дунд
55,2,Түүхийн дурсгалт газар,Найрамдал толгой,Nairamdal Hill,Баян-Өлгий,Bayan-Olgii,Өлгий,Olgii,48.97838,89.9811,Өлгий хотын эргэн тойрныг харах цэг,Viewpoint overlooking the city of Ulgii,https://www.dropbox.com/scl/fi/4oc8mvhpowt9r9p6g6miq/.jpg?rlkey=pyvbfpmxoegtcckuxenakw8ks&raw=1,나이람달 언덕,ナイラムダルの丘,奈拉姆达尔山,Найрамдал Хилл
56,1,Байгалийн үзэсгэлэнт газар,Мааньт уул (3245м),Maanit Mountain (3245m),Баян-Өлгий,Bayan-Olgii,Цэнгэл,Tsengel,48.88103,87.73477,Монгол улсын хамгийн баруун захын цэг.,The westernmost point of Mongolia.,https://www.dropbox.com/scl/fi/htr3j2opb97x57gkdaras/1.jpg?rlkey=bqhgjilktcg5gchy3km6sntai&raw=1,마닛 산,マアニット山,马尼特山,Гора Мааньт
57,1,Байгалийн үзэсгэлэнт газар,Онхотын нуур,Onkhot Lake,Баян-Өлгий,Bayan-Olgii,Цэнгэл,Tsengel,48.69259,88.59157,Далайн түвшнээс дээш 2113 м өндөрт орших цэнгэг нуур,A freshwater lake located 2113 m above sea level,https://www.dropbox.com/scl/fi/g63ogpzm2tag5fztbjicu/.jpg?rlkey=ch2djehuu73rtvfm7lyfbet94&raw=1,온코트 호수,オンコート湖,翁科特湖,Озеро Онхот
58,1,Байгалийн үзэсгэлэнт газар,Потанины мөсөн гол,Potanin Glacier,Баян-Өлгий,Bayan-Olgii,Цэнгэл,Tsengel,49.14837,87.91775,"Монголын хамгийн том мөсөн гол бөгөөд 20 км урт, 5 км өргөнтэй байна. ","It is the largest glacier in Mongolia, measuring 20 km long and 5 km wide.",https://www.dropbox.com/scl/fi/n02um3d9ekm4cvlb0mp0u/.jpg?rlkey=5iroaqryr64vqzjztzwc6vgnn&raw=1,포타닌 빙하,ポタニン氷河,波塔宁冰川,Ледник Потанина
59,1,Байгалийн үзэсгэлэнт газар,Загаст нуур,Fish lake,Баян-Өлгий,Bayan-Olgii,Цэнгэл,Tsengel,49.07995,88.51465,Цэнгэл сумын төвөөс баруун хойд зүгт 55 км зайтай орших өндөр уулын цэнгэг нуур,A high mountain fresh lake located 55 km northwest of the center of Tsengel soum,https://www.dropbox.com/scl/fi/dhor98qts4ran65ob7nhv/.jpg?rlkey=12jsaa192tnw3myae04s4ygli&raw=1,물고기 호수,魚のいる湖,鱼湖,Рыбное озеро
60,1,Байгалийн үзэсгэлэнт газар,Александрын мөсөн гол,Alexander Glacier,Баян-Өлгий,Bayan-Olgii,Цэнгэл,Tsengel,49.13334,87.89898,Монгол улсын 3 том мөсөн голын нэг юм.,It is one of the three largest glaciers in Mongolia.,https://www.dropbox.com/scl/fi/iczf2zbpjg1zboi95k1me/.jpg?rlkey=r2ebjdue6ig5jdddquaispm81&raw=1,알렉산더 빙하,アレクサンダー氷河,亚历山大冰川,Ледник Александра
61,1,Байгалийн үзэсгэлэнт газар,Гранегийн мөсөн гол ,Grane Glacier,Баян-Өлгий,Bayan-Olgii,Цэнгэл,Tsengel,49.10166,87.91543,Монгол улсын 3 том мөсөн голын нэг юм.,It is one of the three largest glaciers in Mongolia.,https://www.dropbox.com/scl/fi/53nwh3lq5vjzbg05zlapm/.jpg?rlkey=tmidn9ddo39ld7sgs3n5sxinc&raw=1,그레인 빙하,グラーネ氷河,格兰冰川,Гранский ледник
62,1,Байгалийн үзэсгэлэнт газар,Таван бэлчирийн хүрхрээ,Tavan Belchir Waterfall,Баян-Өлгий,Bayan-Olgii,Баяннуур,Bayannuur,48.74614,90.70546,"Алтанцөгц сумын төвөөс зүүн өмнө зүгт 20 гаруй км, Баяннуур сумын төвөөс баруун урд зүгт 30 км зайтай оршино.",It is located more than 20 km southeast of the center of Altantsugts soum and 30 km southwest of the center of Bayannur soum.,,타반 벨치르 폭포,タヴァン ベルチル滝,塔万贝尔奇瀑布,Водопад Таван Бельчир
63,1,Байгалийн үзэсгэлэнт газар,Тал нуур,Tal Lake,Баян-Өлгий,Bayan-Olgii,Дэлүүн,Deluun,48.04951,90.18254,Дэлүүн сумын төвөөс баруун хойд зүгт 55 км зайтай оршино.,It is located 55 km northwest of the center of Deluun soum.,https://www.dropbox.com/scl/fi/bspao3f15lfegwk631phz/.jpg?rlkey=hbcrqrjwnfr3hrehcv6ejb37r&raw=1,탈 레이크,タル・レイク,塔尔湖,Озеро Тал
64,1,Байгалийн үзэсгэлэнт газар,Толбо нуур,Tolbo Lake,Баян-Өлгий,Bayan-Olgii,Толбо,Tolbo,48.54871,90.05283,"Толбо сумын төвөөс баруун хойд зүгт 13 км зайд,  далайн түвшнээс дээш 2079 м өндөрт оршино.","It is located 13 km northwest of the center of Tolbo soum, at an altitude of 2,079 m above sea level.",https://www.dropbox.com/scl/fi/rtfyzvl9kqac3134q2wg9/.jpg?rlkey=5nraex4dnixfh2zpevczadrqv&raw=1,톨보 호수,トルボ湖,托尔博湖,Озеро Толбо
65,1,Байгалийн үзэсгэлэнт газар,Дөрөө нуур Баян-Өлгий ,Duruu Lake Bayan-Ulgii,Баян-Өлгий,Bayan-Olgii,Толбо,Tolbo,48.22262,90.65679,Толбо сумын төвөөс зүүн өмнө зүгт 30 км зайтай оршино.,It is located 30 km southeast of the center of Tolbo soum.,https://www.dropbox.com/scl/fi/4cmln7fcqq38cany4f1gt/1.jpg?rlkey=60ribw3kqlfiwur9kbqk1yh2j&raw=1,도로오 호수,レイク・ドゥルー,多鲁湖,Озеро Дору
66,1,Байгалийн үзэсгэлэнт газар,Хар нуур,Black Lake,Баян-Өлгий,Bayan-Olgii,Цэнгэл,Tsengel,48.60974,88.92814,Хурган нуураас зүүн зүгт 15 км зайтай оршино.,It is located 15 km east of Lake Khurgan.,https://www.dropbox.com/scl/fi/peq4gvwo7m7g2ywkiem23/.jpg?rlkey=ul5bp1ukix61jekkd26rp8g1b&raw=1,블랙 레이크,ブラックレイク,黑湖,Черное озеро
67,1,Байгалийн үзэсгэлэнт газар,Хар нуур (Баян-Өлгий),Khar Lake (Bayan-Olgii),Баян-Өлгий,Bayan-Olgii,Цэнгэл,Tsengel,48.84793,88.55061,Далайн түвшнээс дээш 2614 м өндөрт орших цэнгэг нуур,A freshwater lake located at an altitude of 2614 m above sea level.,https://www.dropbox.com/scl/fi/cc7k0vs7kas2mxre2wkph/.jpg?rlkey=plznsqljmvypkcxhdtncgne9s&raw=1,블랙 레이크,ブラックレイク,黑湖,Черное озеро
68,1,Байгалийн үзэсгэлэнт газар,Хотон нуур,Khoton Lake,Баян-Өлгий,Bayan-Olgii,Цэнгэл,Tsengel,48.65424,88.29729,Далайн түвшнээс 2083 м өндөрт өргөгдсөн цэнгэг уст нуур. Улсын хилээс 10 хүрэхгүй км зайтай оршино. ,A freshwater lake located at an altitude of 2083 m above sea level. It is located less than 10 km from the state border.,https://www.dropbox.com/scl/fi/xak1pryofymn0rng2cewe/.jpg?rlkey=0tic9dj6f3yekwm8zaj86c8z1&dlraw=1,코톤 호수,コトン湖,科顿湖,Озеро Хотон
69,1,Байгалийн үзэсгэлэнт газар,Хурган нуур,Khurgan Lake,Баян-Өлгий,Bayan-Olgii,Цэнгэл,Tsengel,48.55365,88.61064,Далын түвшнээс дээш 2073  м өндөрт орших цэнгэг нуур улсын хилээс 13 км зайтай байна. ,"The freshwater lake, located at an altitude of 2,073 meters above sea level, is 13 km from the country's border.",https://www.dropbox.com/scl/fi/7445oktjd85294pxrdf4j/.jpg?rlkey=zrq29jd1ybejwgrlo2dsgt3mb&raw=1,쿠르간 호수,クルガン湖,库尔干湖,Озеро Хурган
70,1,Байгалийн үзэсгэлэнт газар,Бүргэд уул (4068м),Eagle Mountain (4068m),Баян-Өлгий,Bayan-Olgii,Цэнгэл,Tsengel,49.11524,87.89553,Далайн түвшнээс дээш 4068 метр өргөгдсөн Алтай таван богдын өндөр оргилуудын нэг.,"One of the highest peaks of the Altai Mountains, rising 4068 meters above sea level.",https://www.dropbox.com/scl/fi/23gy6cktx1bb0hst10jwk/.jpg?rlkey=imnnqsifub54qjw50b224t8sh&raw=1,이글 마운틴,イーグルマウンテン,鹰山,Гора Орёл
71,1,Байгалийн үзэсгэлэнт газар,Наран оргил (3884м),Sun Peak (3884m),Баян-Өлгий,Bayan-Olgii,Цэнгэл,Tsengel,49.14149,87.88462,Далайн түвшнээс дээш 3884 метр өргөгдсөн Алтай таван богдын өндөр оргилуудын нэг.,"One of the highest peaks of the Altai Mountains, rising 3884 meters above sea level.",https://www.dropbox.com/scl/fi/ehanmnbr2kn3pmhapdgr8/.jpg?rlkey=lbwsi8pg69oo4nhywt2yctveq&raw=1,선 피크,サンピーク,太阳峰,Пик Наран
72,1,Байгалийн үзэсгэлэнт газар,Өлгий оргил (4073м),Cradle Peak (4073m),Баян-Өлгий,Bayan-Olgii,Цэнгэл,Tsengel,49.09903,87.85432,Монгол улс ба БНХАУ-ын хил дээр оршино.,It is located on the border of Mongolia and China.,,크래들 피크,クレイドルピーク,摇篮峰,Олгий Пик
73,1,Байгалийн үзэсгэлэнт газар,Цамбагарав уул (4025м),Tsambagarav Mountain (4025m),Баян-Өлгий,Bayan-Olgii,Баяннуур,Bayannuur,48.61831,90.90582,"Цамбагарав уул мөнх цаст уул бөгөөд 4195 метр өндөр. Ховд, Баян-Өлгий аймгийн хил дамнан оршино.","Tsambagarav Mountain is a snow-capped mountain with an altitude of 4,195 meters. It is located on the border of Khovd and Bayan-Olgii aimags.",https://www.dropbox.com/scl/fi/j06i6pmbqxxs1hp5i1bav/.jpg?rlkey=s2uskqibpo820vljar19verpf&raw=1,참바가라브 산,ツァンバガラブ山,桑巴嘎拉夫山,Гора Цамбагарав
74,1,Байгалийн үзэсгэлэнт газар,Чигэртэй нуур,Chigertei Lake,Баян-Өлгий,Bayan-Olgii,Дэлүүн,Deluun,47.87762,90.46988,Дэлүүн сумын төвөөс баруун хойд зүгт 30 гаруй км зайтай оршино.,It is located more than 30 kilometers northwest of the center of Deluun soum.,https://www.dropbox.com/scl/fi/4ne04nx5czpnh17ga4hkk/.jpg?rlkey=v4jasvm5g8jfpvg9ibp6juh52&raw=1,치게르테이 호수,チゲル亭湖,奇格泰湖,Озеро Чигертей
75,1,Байгалийн үзэсгэлэнт газар,Шивээт хайрхан уул,Shiveet Kharkhan Mountain,Баян-Өлгий,Bayan-Olgii,Цэнгэл,Tsengel,49.10611,88.22888,"Шивээт Хайрхан уул, түүний хоёр талаас урсах Цагаан салаа, Хар салаа хоёр голын савд орших Хөх чулуу, Хар чулуу зэрэг газарт орших хадны зургийн дурсгалт газар нь нийт 240 гаруй хаданд зурсан зохиомж зурагнаас бүрдэнэ. ","The rock art monument, located in the basin of the Tsagaan Salaa and Khar Salaa rivers flowing from both sides of Mount Shiveet Khairkhan, consists of a total of more than 240 rock paintings.",https://www.dropbox.com/scl/fi/m8eil396j08thaary2df3/.jpg?rlkey=ppx0qsg7q7wx3l7h2ow1kln1t&raw=1,시베트 카르칸 산,シベット・ハルカン山,什维特·哈尔汗山,Гора Шивит Хайрхан
76,1,Байгалийн үзэсгэлэнт газар,Түргэн уул (4029м),Turgen Mountain (4029m),Баян-Өлгий,Bayan-Olgii,Ногооннуур,Nogoonnuur,49.79953,89.75416,"Ногоон нуур сумын төвөөс баруун хойд зүгт 50 км, улсын хилээс 3 км зайтай оршино.",This mountain is located 50 km northwest of the center of Nogon Nuur soum and 3 km from the state border.,https://www.dropbox.com/scl/fi/r8g7iz9drnc4c599f6y7v/.jpg?rlkey=5rwkmjbgfroe5s1qph3hjwbl1&raw=1,"""투르겐"" 산",「トゥルゲン」山,图尔根山,"Гора ""Турген"""
77,1,Байгалийн үзэсгэлэнт газар,Эхэн нуур,Ekhen Lake,Баян-Өлгий,Bayan-Olgii,Ногооннуур,Nogoonnuur,49.48598,89.75135,Цагааннуур багийн төвөөс өмнө зүгт 3 км зайтай оршино.,It is located 3 km south of the center of Tsagaannuur.,https://www.dropbox.com/scl/fi/w9n6w4p9u45z9m7alzbmx/.jpg?rlkey=8vad61k1hduz07cldxc051uor&raw=1,에켄 호수,エケン湖,埃肯湖,Озеро Эхен
78,1,Байгалийн үзэсгэлэнт газар,Хүйтэн усны булаг,Cold water spring,Баян-Өлгий,Bayan-Olgii,Ногооннуур,Nogoonnuur,49.48569,89.73659,Эхэн нуураас баруун зүгт 500 метр зайд оршино.,It is located 500 meters west of Lake Ekhen.,https://www.dropbox.com/scl/fi/u2urtmucuvnvix6rk3l9j/.jpeg?rlkey=av0bj0fzmtry6x651eowxpdlo&raw=1,냉수 샘물,冷水泉,冷水泉,Холодный источник воды
79,1,Байгалийн үзэсгэлэнт газар,Цаст уул (4208м),Tsast Mountain (4208m),Баян-Өлгий,Bayan-Olgii,Алтагцөгц,Altantsugts,48.68171,90.725,"Алтанцөгц, Баяннуур сумын хилийн заагт далайн түвшнээс дээш 4208 метр өндөртэй, мөнх цаст уул юм. ","This mountain is a perpetually snowy mountain, 4208 meters above sea level, on the border of Altantsogts and Bayannur soums.",https://www.dropbox.com/scl/fi/y5o79rp7lkhoeeg6j2edn/.jpg?rlkey=wzprm8jy95cgp8z4bdc5y3cbn&raw=1,차스트 산,ツァスト山,察斯特山,Гора Цаст
80,1,Байгалийн үзэсгэлэнт газар,Таван богд уул (4104м),Tavan Bogd  Mountain (4104m),Баян-Өлгий,Bayan-Olgii,Цэнгэл,Tsengel,49.17017,87.81451,"Монгол, Орос, Хятад гурван улсын хилийн уулзвар цэг","The border crossing point between Mongolia, Russia, and China",https://www.dropbox.com/scl/fi/01tw1iz8f4hahk5gg36lv/.jpg?rlkey=s3lwj9fbrl1z8jglmorhuk8fo&raw=1,타반 보그드 산,タヴァン・ボグド山,塔万博格德山,Гора Таван Богд
81,1,Байгалийн үзэсгэлэнт газар,Ёлтын сав газар,Yoltyn Basin,Баян-Өлгий ,Bayan-Olgii,Сагсай,Sagsai,48.17342,89.13895,Ёлтын сав газар нь Алтай суманд байрладаг. БНХАУ-тай хиллэдэг бөгөөд Алтай таван богдын байгалийн цогцолборт газрын үзэсгэлэнт газруудын нэг. ,The Yolt Basin is located in Altai Sum. It borders China and is one of the most beautiful places in the Altai Five Bogds National Park.,https://www.dropbox.com/scl/fi/6j1bq4il2sq0vvbw2d7kn/.jpg?rlkey=ehfsj62ef62y79cm1tgai4q4p&raw=1,욜틴 분지,ヨルティン盆地,约尔廷盆地,Ёлтынская котловина
82,3,Шашны дурсгалт газар,Амарбуянт хийд,Amarbuyant Monastery,Баянхонгор,Bayankhongor,Баян-Өндөр,Bayan-Undur,44.62828,98.70212,Баян-Өндөр сумын нутагт  Шинэжинст сумаас баруун тийш 47км  орчим зайд  250 гаруй жилийн түүхтэй Амарбуянтын хийд оршино. ,"In Bayan-Ondur soum, about 47 km west of Shinejinst soum, there is the Amarbuyant Monastery, which has a history of over 250 years.",https://www.dropbox.com/scl/fi/pwe2wf3rgswfe01zy44tv/.jpg?rlkey=xv428dbijn4rzynqgpfyzkatu&raw=1,아마르부얀트 수도원,アマルブヤント修道院,阿玛布扬特修道院,Амарбуянтский монастырь
83,1,Байгалийн үзэсгэлэнт газар,Бөөнцагаан нуур,Buuntsagaan Lake,Баянхонгор,Bayankhongor,Баацагаан,Baatsagaan,45.58828,99.10458,"Нууруудын хөндий дэх хамгийн том нуур юм. Нуурт Байдраг гол цутгана.  Баацагаан сумын төвөөс баруун зүгт 25 км зайтай , далайн түвшнээс дээш 1313 метр өргөгдсөн.","It is the largest lake in the Valley of Lakes. The Baidrag River flows into the lake. It is located 25 km west of the center of Baatsagaan soum, at an altitude of 1313 meters above sea level.",https://www.dropbox.com/scl/fi/53v2ymqqnw6wp0o580i5p/.jpg?rlkey=9atdavide2875tdndz1bg1w0f&raw=1,분차간 호수,ブントサガーン湖,布恩查干湖,Озеро Буунцагаан
84,1,Байгалийн үзэсгэлэнт газар,Галуутын хавцал,Galuut Canyon,Баянхонгор,Bayankhongor,Галуут,Galuut,46.61668,99.96763,"төвөөс 75 км, Галуут сумын төвөөс баруун тийш 20 орчим км-т оршдог. Олгой нуураас Галуут гол тийшээ урсан гарахдаа 2 км орчим урт энэ хавцлыг үүсгэжээ. Хавцал нь 100-150 орчим метр гүнзгий эгц цавчим бөгөөд өргөн нь дунджаар 10 метр орчим болно. ","It is located 75 km from the center of the city and about 20 km west of the center of Galuut soum. As it flows from Olgoi Lake to the Galuut River, it forms this canyon about 2 km long. The canyon is a steep gorge about 100-150 meters deep and has an average width of about 10 meters.",https://www.dropbox.com/scl/fi/wjz9bgn81qmsnwpwhumds/.jpg?rlkey=x7ewz39laqh8v3u8bpwuhym3g&raw=1,갈루트 캐년,ガルートキャニオン,加鲁特峡谷,Галуутский каньон
85,1,Байгалийн үзэсгэлэнт газар,Олгой нуур,Olgoi Lake,Баянхонгор,Bayankhongor,Галуут,Galuut,46.56528,100.1095,Галуут сумын төвөөс өмнө зүгт 20 км зайтай орших энэхүү нуур далайн түвшнээс дээр 2040 метрийн өндөрт байна. ,"Located 20 km south of the center of Galuut soum, this lake is 2,040 meters above sea level.",https://www.dropbox.com/scl/fi/llrsc6u618ynrpsjuq7bu/.jpg?rlkey=bpixyiwgd4aspbkj7t7eh2mse&raw=1,올고이 호수,オルゴイ湖,奥尔戈伊湖,Озеро Олгои
86,1,Байгалийн үзэсгэлэнт газар,Өхэг рашаан,Ukheg Mineral Water,Баянхонгор,Bayankhongor,Галуут,Galuut,46.56504,100.40241,Галуут сумын төвөөс зүүн өмнө зүгт 27 км зайтай оршино.,It is located 27 km southeast of the center of Galuut soum.,https://www.dropbox.com/scl/fi/0v2eux0qu8daugtaglnrr/.jpg?rlkey=s9aj49a73736i67g2823oq01a&raw=1,우케그 미네랄워터,ウケグミネラルウォーター,乌赫格矿泉水,Минеральная вода Ухег
87,1,Байгалийн үзэсгэлэнт газар,Далан тэмээ ачаа багтаадаг агуй,A Cave That Can Hold Seventy Camel's Loads,Баянхонгор,Bayankhongor,Заг,Zag,46.74906,99.32415,"Халиут хэмээх рашааны ойрхон Ламын агуй, Чихний рашаантын агуй, Далан тэмээ ачаа багтаадаг агуй гэх мэт хэд хэдэн томоохон агуй бий. Заг сумын төвөөс зүүн өмнө зүгт 26.5 км зайтай оршино.","There are several large caves near the Khaliut spring, including Lamyn Cave, Chikhnii Spa Cave, and Dalan Camel Cave. It is located 26.5 km southeast of the center of Zag soum.",,낙타 70마리의 짐을 담을 수 있는 동굴,ラクダ70頭分の荷物を収容できる洞窟,可容纳七十头骆驼的洞穴,"Пещера, вмещающая семьдесят верблюжьих грузов"
88,1,Байгалийн үзэсгэлэнт газар,Их богд уул (3957м),Ikh Bogd Mountain (3957m),Баянхонгор,Bayankhongor,Жинст,Jinst,44.9956,100.23075,"Их богд уул нь Говь-Алтайн нурууны ноён оргил богоод далайн түвшнээс 3957 метр өндөр, байгалийн үзэсгэлэнт газар юм.","Ikh Bogd Mountain is the highest peak of the Gobi-Altai Mountains, 3,957 meters above sea level, and is a place of natural beauty.",https://www.dropbox.com/scl/fi/nmyqfjr146v35e8skuwr6/.jpg?rlkey=xmgsz9v1thv5g3avc1wggi8fe&raw=1,익복드 산,イク・ボグド山,伊赫博格德山,Гора Их Богд
89,3,Шашны дурсгалт газар,Ламын гэгээний хийд,Lamyn Gegeen  Monastery,Баянхонгор,Bayankhongor,Эрдэнэцогт,Erdenetsogt,46.31113,100.98943,Эрдэнэцогт сумын төвөөс зүүн урагш 18.5 км зайтай оршино,It is located 18.5 km southeast of the center of Erdenetsogt soum.,https://www.dropbox.com/scl/fi/54gyo1av0c3keynx8by5k/.jpg?rlkey=qd0fir8w6zumeqqetrhudfouq&raw=1,라민게긴 수도원,ラミン・ゲジーン修道院,拉敏格金寺,Монастырь Ламын Геген
90,1,Байгалийн үзэсгэлэнт газар,Лигийн цагаан агуй,Ligiin Tsagaan Cave,Баянхонгор,Bayankhongor,Баянлиг,Bayanlig,44.71172,101.17024,Баянлиг сумын төвөөс зүүн хойд зүгт 40 км зайтай оршино. Малтлага судалгаагаар эртний хүмүүсийн ул мөр олдсон байна.,It is located 40 km northeast of the center of Bayanlig soum. Excavations have found traces of ancient people.,https://www.dropbox.com/scl/fi/cb7dsla1o714p9kk3l5u3/.jpg?rlkey=k50wnm9yl2aixyfz1ts8vh1pv&raw=1,리기인 차가안 동굴,リギン・ツァガーン洞窟,利吉因查干洞穴,Пещера Лигиин Цагаан
91,1,Байгалийн үзэсгэлэнт газар,Орог нуур,Orog Lake,Баянхонгор,Bayankhongor,Богд,Bogd,45.06081,100.72714,"Богд сумын төвийн чанх урд 13 км зайтай, далайн түвшнээс дээш 1217 метрт  оршино.","It is located 13 km south of the center of Bogd soum, at an altitude of 1217 meters above sea level.",https://www.dropbox.com/scl/fi/qsiaigravwapf6hg6yg9c/.jpeg?rlkey=kts7f7l0zgeb9bv81d5lbud9v&raw=1,오로그 호수,オログ湖,奥罗格湖,Озеро Орог
92,1,Байгалийн үзэсгэлэнт газар,"Оюу, Номин нуур","Oyu, Nomin Lakes",Баянхонгор,Bayankhongor,Жинст,Jinst,45.03375,100.22035,Жинст сумын төвөөс баруун өмнө зүгт 62 км зайтай оршино. 1957 оны 12 сарын 4 -нд хүчтэй газар хөдлөлийн улмаас Бахар уулын орой нурж 2 голын хөндийг хаасны улмаас үүссэн нуурууд юм.,"Located 62 km southwest of the center of Jinst soum, the lakes were formed when the top of Mount Bahar collapsed due to a strong earthquake on December 4, 1957, blocking two river valleys.",https://www.dropbox.com/scl/fi/aruardf7bonah7wbik4gc/.jpg?rlkey=ojh0io9z9kb7m4fjfpumenkxc&raw=1,"오유, 노민 호수",オユ、ノーミン湖,奥汤、诺明湖,"Ою, Номинские озера"
93,1,Байгалийн үзэсгэлэнт газар,Сангийн далай нуур (Баянхонгор),Sangiin Dalai Lake (Bayankhongor),Баянхонгор,Bayankhongor,Баянбулаг,Bayanbulag,46.92523,97.79403,Баябулаг сумын төвөөс баруун хойд зүгт 30 орчим км зайтай оршино.,It is located about 30 km northwest of the center of Bayabulag soum.,https://www.dropbox.com/scl/fi/4i8nkjnmuksn739li1n79/.jpg?rlkey=pydrcvrtau0huifxljqw6f003&raw=1,산이인 달라이 호수,サンギイン ダライ湖,桑吉因达赉湖,Озеро Сангиин Далай
94,3,Шашны дурсгалт газар,Сангийн далайн хүрээний туурь,Ruins of Sang Dalai Monastery,Баянхонгор,Bayankhongor,Баянбулаг,Bayanbulag,46.93989,97.78284,"Баянбулаг сумын төвөөс баруун хойд зүгт 30 гаруй км, Сангийн далай нуураас хойд зүгт 1.5 зайтай байна.",It is located more than 30 kilometers northwest of the center of Bayanbulag soum and 1.5 kilometers north of Sangin Dalay Lake.,https://www.dropbox.com/scl/fi/3mq7r6mgqe1skk6cwkwbh/.jpg?rlkey=xpbgpmj3yn59yutsm4r0m60o2&raw=1,상달라이 사원 유적,サンダライ僧院の遺跡,桑达赖寺遗址,Руины монастыря Санг Далай
95,1,Байгалийн үзэсгэлэнт газар,Сэндэртийн агуй,Sendert Cave,Баянхонгор,Bayankhongor,Заг,Zag,46.62218,99.20322," Хөх хайрхан ууланд 70 орчим метр урт, шохойн чулуун тогтоцтой, хөндийлжийн гаралтай агуй бий. Хойд хэсэгт нь байх сэндэр шороог ардын уламжлалт эмчилгээнд хэрэглэдэг. Заг сумын төвөөс өмнө зүгт 50 км зайтай орнино. ","There is a cave of limestone formations, about 70 meters long, in Khokh Khairkhan Mountain. The sender earth in the northern part is used in traditional folk medicine. It is located 50 km south of the center of Zag soum.",https://www.dropbox.com/scl/fi/30nzub3r2x16rriqkvc76/.jpg?rlkey=t3krj8txf4tznx65jw9gsvb6g&raw=1,센데르 동굴,センダートの洞窟,森德特洞穴,Пещера Сендерт
96,1,Байгалийн үзэсгэлэнт газар,Тамчийн хавцал Баянхонгор,Tamch Canyon,Баянхонгор,Bayankhongor,Эрдэнэцогт,Erdenetsogt,46.7047,101.38644,"Аймгийнтөвөөс 90 км, Эрдэнэцогт сумаас 62 км зайд эртний их хагарал галт уулын хүрмэн чулууг уулын голын ус зүссэнээс үүссэн маш сүрлэг гүн хавцал оршдог. Энэ хавцлын өндөр 380 метр хүрэх тул өвлийн улиралд ёроолд нар үл тусна. ","90 km from the provincial capital and 62 km from Erdenetsogt soum, there is a very impressive deep canyon formed by the cutting of ancient volcanic rocks by mountain rivers. The height of this canyon reaches 380 meters, so the sun does not shine at the bottom in winter.",https://www.dropbox.com/scl/fi/jvefonphp1oba1op1psvf/.jpg?rlkey=4byehsopccjuahxwvsn10aucp&raw=1,탐치 캐년,タムチキャニオン,塔奇峡谷,Тамчский каньон
97,1,Байгалийн үзэсгэлэнт газар,Хөх бүрд нуур,Khukh Burd Lake,Баянхонгор,Bayankhongor,Баян-Овоо,Bayan-Ovoo,46.26924,100.43849,Баян-Овоо сумын төвөс баруун урд зүгт 1.2 км зайтай оршино.,It is located 1.2 km southwest of the center of Bayan-Ovoo soum.,https://www.dropbox.com/scl/fi/id6m46uer64rxy7zh84of/.jpg?rlkey=s87j3br8870kdqnv1ifndl1ru&raw=1,쿠크 버드 호수,クク・バード湖,库克布尔德湖,Озеро Хух Бурд
98,1,Байгалийн үзэсгэлэнт газар,Хөх нуур Баянхонгор,Khukh Lake,Баянхонгор,Bayankhongor,Гурванбулаг,Gurvanbulag,47.52814,98.51136,"Гурванбулаг сумын төвөөс хойд зүгт 28 км зайтай, далайн түвшнээс дээш 2649 метрт оршино.","It is located 28 km north of the center of Gurvanbulag soum, at an altitude of 2,649 meters above sea level.",https://www.dropbox.com/scl/fi/jgij58bzaympzzm6uj5p5/.jpg?rlkey=bvnsxz7y9i7qkmxxr8l8scybo&raw=1,쿠크 호수,クク湖,库克湖,Озеро Хух
99,1,Байгалийн үзэсгэлэнт газар,Хөх эрэг,Khukh Ereg,Баянхонгор,Bayankhongor,Баацагаан,Baatsagaan,45.84912,99.32587,Бөөн цагаан нуураас зүүн хойд зүгт 25 км зайтай байна.,It is 25 km northeast of Bön Tsagaan Lake.,,쿠크 에렉,クク・エレグ,库克埃雷格,Хух Эрег
100,1,Байгалийн үзэсгэлэнт газар,Чихний рашаантын агуй,Ear Spring Cave,Баянхонгор,Bayankhongor,Заг,Zag,46.75537,99.32224,Чихний рашаантын агуйн адраас ус дуслан жижиг тогтоол ус бий болгожээ. Энэ усыг чихэнд дусааж чихний өвчин эмгэгт ашигладаг. Заг сумын төвөөс 26 км зайтай оршино.,"Water drips from the cave of the Ear Spring, creating a small spring of water. This water is used to treat ear diseases by instilling it into the ear. It is located 26 km from the center of Zag soum.",,이어 스프링 동굴,イヤースプリング洞窟,耳泉洞,Пещера Ушного источника
101,2,Түүхийн дурсгалт газар,Шатар чулуу,Shatar Chuluu,Баянхонгор,Bayankhongor,Эрдэнэцогт,Erdenetsogt,46.33074,100.79411,"Аймгийн төвөөс зүүн хойш 12 км-ийн зайтай оршино. Шатар чулуун дурсгалын цогцолбор нь 13 буган чулуу, дөрвөлжин булшны хэлбэртэй чулуун хашлаганууд, монгол шатрын дүрс хэлбэр бүхий чулуун хиргисүүр гэх мэт зүйлүүдээс бүрдэх бөгөөд нийт 50 гаруй чулуун дурсгал байдаг.  ","It is located 12 km northeast of the provincial center. The Chess Stone Monument Complex consists of 13 deer stones, stone fences in the shape of square tombs, and stone khirgisur in the shape of Mongolian chess, and there are more than 50 stone monuments in total.",https://www.dropbox.com/scl/fi/005rs4jlmqml8fx3rps04/.jpg?rlkey=2v2766apki65wa42cpjvjj90l&raw=1,샤타르 출루우,シャタール・チュルウ,沙塔尔楚鲁,Шатар Чулуу
102,1,Байгалийн үзэсгэлэнт газар,Эрхэтийн хавцал Баянхонгор,Erkhet Canyon,Баянхонгор,Bayankhongor,Эрдэнэцогт,Erdenetsogt,46.6415,101.45868," Баянхонгор аймгийн төвөөс 80 км, Эрдэнэцогт сумаас зүүн хойд зүгт 55 км зайтай. Тамчийн хавцлаас богино боловч нэг цаг үед үүссэн адил нөхцөл хэлбэр бүхий гүн ангал хавцал юм. ","It is 80 km from the center of Bayankhongor aimag and 55 km northeast of Erdenetsogt soum. It is a deep canyon with similar conditions and shape, shorter than Tamchi Canyon, but formed at the same time.",https://www.dropbox.com/scl/fi/ioks4oug6p8ckbfp51ha4/.jpg?rlkey=j6x2oj1jswj1vxii4lrnub9w9&raw=1,에르케트 협곡,エルケット渓谷,埃尔克赫特峡谷,Каньон Эрхет
103,1,Байгалийн үзэсгэлэнт газар,Эрхэт хайрхан уул (3535м),Erkhetkhairkhan Mountain (3535m),Баянхонгор,Bayankhongor,Эрдэнэцогт,Erdenetsogt,46.66282,101.29579,Эрдэнэцогт сумын нутагт байдаг далайн түвшнээс дээш 3535 метр өргөгдсөн уул.,"A mountain located in Erdenetsogt soum, 3,535 meters above sea level.",https://www.dropbox.com/scl/fi/07iw283i34gp1ywc7fomk/.jpg?rlkey=t05mimooiolgsq8an1odlpxj2&raw=1,아름다운 산,美しい山,美丽的山,Гора Эрхэт хайрхан
104,2,Түүхийн дурсгалт газар,Морины хөшөө,Horse Monument,Баянхонгор,Bayankhongor,Бууцагаан,Buutsagaan,46.16853,98.7159,Бууцагаан сумын төвөөс баруун зүгт 1.5 км зайтай оршино,It is located 1.5 km east of the center of Buutsagaan soum.,https://www.dropbox.com/scl/fi/v4zhsf2ggke1cct67ezk1/.jpg?rlkey=z1prdbgfx5ey7pa2stw4ofaxn&raw=1,말 조각상,馬の像,马雕像,Статуя лошади
105,1,Байгалийн үзэсгэлэнт газар,Байдраг гол,Baidrag River,Баянхонгор,Bayakhongor,Бөмбөгөр," Jargalant, Zag, Bumbugur, Buutsagaan, Baatsagaan ",46.1674,99.26945,"Хангайн нурууны өмнөд хажуугаас эх авч говийн Бөөнцагаан, Адгийн цагаан хоёр нуурт усаа нийлүүлдэг. Голын урт нь 295 км","It originates from the southern slopes of the Khangai Mountains and supplies water to two lakes in the Gobi, Boonsagaan and Adgiin Tsagaan. The river is 295 km long.",https://www.dropbox.com/scl/fi/34bf1bj9ue07jaut5oa18/.jpg?rlkey=wt18r6fguv148zb4842jy8nyw&raw=1,바이드라그 강,バイドラク川,拜德拉格河,Река Байдраг
106,1,Байгалийн үзэсгэлэнт газар,Дээд гандан энергийн төв,Deed Gandan Energy Center,Баянхонгор,Bayankhongor,Хүрээмарал,Khureemaral,46.5269,98.38213,хүрээмарал сумын төвөөс зүүн хойд зүгт 20 км зайтай оршино. ,It is located 20 km northeast of the center of Guremaral soum.,"https://www.dropbox.com/scl/fi/pafxl22pyz5k794562xfy/.jpg?rlkey=kqa9r5didxsmovaske6x8mdwq&raw=1, https://www.dropbox.com/scl/fi/ueicqkld7z1u72qfpqhod/1.jpg?rlkey=m54jhiu3tv71wekzsyjgo5zwb&raw=1",디드 간단 에너지 센터,ディード・ガンダン・エネルギーセンター,迪德·甘丹能源中心,Энергетический центр Дид Гандан
107,1,Байгалийн үзэсгэлэнт газар,Айрхан нуур,Airkhan Lake,Булган,Bulgan,Хутаг-Өндөр,Khutag-Undur,49.62878,102.67522,Хутаг-Өндөр сумын төвөөс хойд зүгт 35 км зайтай байна. Далайн түвшнээс дээш 935 метр өндөрт оршино.,It is located 35 km north of the center of Khutag-Ondur soum. It is located at an altitude of 935 meters above sea level.,https://www.dropbox.com/scl/fi/gxqm5kt67haprwoym60ik/.jpg?rlkey=wiouzsm2m7er4h6wyiegyk9v8&raw=1,에어칸 호수,エアカーン湖,艾尔汗湖,Озеро Айрхан
108,2,Түүхийн дурсгалт газар,Би Булаг балгас,Bi Bulag Ruin,Булган,Bulgan,Хутаг-Өндөр,Khutag-Undur,49.3965,102.55479,Уйгарын хаан Моюнчур байгуулсан Байбалык хотын туурь гэж үздэг Хутаг-Өндөр сумын төвөөс баруун зүгт 10.4 км зайтай оршино.,"It is located 10.4 km west of the center of Khutag-Ondur soum, believed to be the ruins of the city of Baybalyk, founded by the Uyghur Khan Moyunchur.",https://www.dropbox.com/scl/fi/ctopywy7cdlinsdpck0d9/.jpg?rlkey=w7ya7y5up3nm2ipc06xaicbfg&raw=1,비 불라그 폐허,ビブラグ遺跡,毕布拉格遗址,Руины Би Булага
109,2,Түүхийн дурсгалт газар,Бодь мод,Bodi Tree,Булган,Bulgan,Бүрэгхангай,Buregkhangai,48.25794,103.70152,Бүрэггхангай сумын төвөөс баруун зүгт 34 км зайтай оршино. Бодь гөрөөсний хэлбэртэй сонин тогтоцтой мод. ,It is located 34 km west of the center of Buregkhangai soum. Bodi is a tree with a curious shape in the shape of a deer.,https://www.dropbox.com/scl/fi/7j10fouzbr4dxoym971j1/.jpg?rlkey=8s79p6ph2p1yjpzoxbdbq2qds&raw=1,바디나무,ボディツリー,菩提树,Дерево Боди
110,2,Түүхийн дурсгалт газар,Могойн шинэ ус туурь,"Ruins ""Snake's New Water""",Булган,Bulgan,Булган,Bulgan,48.80639,103.51447,Уйгурын  хаан  Моюунчурт  зориулан босгосон тахилын онгон юм.,It is a sacrificial altar built for the Uyghur king Moyunchur.,https://www.dropbox.com/scl/fi/8sixj00geze0fyu1rn6vu/.jpg?rlkey=11gq7gsqrmx4vszha5odaa985&raw=1,"""뱀의 새로운 물"" 유적",遺跡「蛇の新しい水」,遗迹“蛇的新水”,Руины «Новой воды змеи»
111,1,Байгалийн үзэсгэлэнт газар,Ногоон морьт,Nogoon Morit,Булган,Bulgan,Бүрэгхангай,Buregkhangai,48.28907,103.70602,Бүрэгхангай сумын төвөөс баруун хойд зүгт 30 км зайтай оршино. ,It is located 30 km northwest of the center of Buregkhangai soum.,https://www.dropbox.com/scl/fi/j9thswhflo4byjfg68apt/.jpg?rlkey=6wljmmkmczumvr0yrmqq29dbl&raw=1,노군 모릿,ノグーン・モリット,诺贡·莫里特,Ногун Морит
112,3,Шашны дурсгалт газар,Өвгөн хийдийн туурь,Uvgun Khiid Ruin,Булган,Bulgan,Рашаант,Rashaant,47.43795,103.70841,16 дугаар зууны эхэн үед төвдөөс зугтаж явсан Лхамбалдорж ламын үндэслэн байгуулсан гэх энэ томоохон хийд 1660-1680 оны хавьцаа Галдан бошигтын цэрэгт устгагдсан,"This large monastery, said to have been founded by Lama Lhambaldorj, who fled Tibet in the early 16th century, was destroyed by the army of Galdan Boshigt around 1660-1680.",https://www.dropbox.com/scl/fi/8wup3tucvsbc2tlcsa3wz/.jpg?rlkey=hl2dioc71ysc5v716ftx0brma&raw=1,우브군 키드 유적,ウヴガン・キード遺跡,乌夫贡·基德遗址,Руины Увгун Хиид
113,1,Байгалийн үзэсгэлэнт газар,Хөгнө тарна уул,Khugnu Tarna Mountain,Булган,Bulgan,Рашаант,Rashaant,47.41999,103.67969,Булган аймгийн рашаант сумын нутаг байдаг уул.,A mountain located in the territory of the Shashant soum of Bulgan aimag.,https://www.dropbox.com/scl/fi/b0ucti2r3fk796eh8t9b3/.jpg?rlkey=m6u2g411e66i9r92mfixsiusj&raw=1,코그누 타르나 산,ホーグヌ・タルナ山,霍格努塔纳山,Гора Кёгну Тарна
114,1,Байгалийн үзэсгэлэнт газар,Хөгнө хаан уул (1966м),Khogn Khaan Mountain (1966m),Булган,Bulgan,Рашаант,Rashaant,47.48259,103.72555,"Гурванбулаг, Рашаант сумын хилийн заагт далайн түвшнээс дээш 1966 метр өргөгдөн оршино.","It is located on the border of Gurvanbulag and Rashaant soums, at an elevation of 1,966 meters above sea level.",https://www.dropbox.com/scl/fi/30vnvu35qyg7pk3w703hx/.jpg?rlkey=50mkc8k4e8ry1h2dxtvrcjscb&raw=1,코그 칸 산,ホグン・ハーン山,霍根汗山,Гора Хогн-Хан
115,1,Байгалийн үзэсгэлэнт газар,Өрмийн цагаан нуур,Urmiin Tsagaan Nuur,Булган,Bulgan,Сайхан,Saikhan,48.83305,102.94606,Сайхан сумын төвөөс зүүн хойд зүгт 34 км зайтай Агуйт уулын зүүн хойд хормойд оршино.,"It is located on the northeastern slopes of Aguit Mountain, 34 km northeast of the center of Saikhan soum.",https://www.dropbox.com/scl/fi/sbn05mq3bgli4gfm3mmho/.jpg?rlkey=bp8m095ph6ew95f4k61p05a8f&raw=1,우르미인 차가안 누르,ウルミン・ツァガーン・ヌール,乌尔敏查干努尔,Урмиин Цагаан Нуур
116,2,Түүхийн дурсгалт газар,Улаан хэрэм,Ulaan Kherem,Булган,Bulgan,Баяннуур,Bayannuur,47.931,104.541,Баяннуур сумын төвөөс зүүн хойно зүгт 13 км зайтай оршино.,It is located 13 km northeast of the center of Bayannur soum.,https://www.dropbox.com/scl/fi/lh8sz1629dtybois6etv2/.jpg?rlkey=i9emocmslir2l03qckr7x674v&raw=1,울란 케렘,ウラン・ケレム,乌兰卡热姆,Улан Херем
117,1,Байгалийн үзэсгэлэнт газар,Уран тогоо уул (1620м),Uran Togoo Mountain,Булган,Bulgan,Хутаг-Өндөр,Khutag-Undur,48.99717,102.73533,"Уран, Тулга, Тогоо, Жалавч гэдэг дөрвөн унтарсан галт уулс оршдог. Хутаг-Өндөр сумын төвөөс өмнө зүгт 70 км зайтай оршино.","There are four extinct volcanoes: Uran, Tulga, Togoo, and Jalavch. They are located 70 km south of the center of Khutag-Ondur soum.",https://www.dropbox.com/scl/fi/9s2pg0auq6d49os19j6i6/.jpg?rlkey=5chnsp1o4pf6pjj24l9jk1xxc&raw=1,우란 토구 산,ウラン・トグー山,乌兰托古山,Гора Уран Тогоо
118,2,Түүхийн дурсгалт газар,Хар бухын балгас,Khar Bukh Ruin,Булган,Bulgan,Дашинчилэн,Dashinchilen,47.88758,103.89521,"Хар бухын голын өмнө хөвөөнд, Хадаасан толгойн зүүн хойно эртний хотын туурийг Хар бухын буюу Хадаасангийн балгас гэдэг. Дашинчилэн сумын төвөөс баруун хойд зүгт 13 км зайтай оршино.","On the banks of the Khar Bukh River, to the east of Khadaasan Tolgoi, is the site of an ancient city called Khar Bukh or Khadaasan Ruins. It is located 13 km northwest of the center of Dashinchilen soum.","https://www.dropbox.com/scl/fi/glpq9oryad15zig6mrzum/.jpg?rlkey=f4m4vsu1dlw82se4p13pkrkz6&raw=1,https://www.dropbox.com/scl/fi/8fni6mb73a1yhoc9ixvnh/1.jpg?rlkey=qwpvxcfdg312we7xe7f3uv4yi&raw=1",카르부크 유적지,カール ブク遺跡,卡布克遗址,Хар Бух Руины
119,1,Байгалийн үзэсгэлэнт газар,Харгал нуур,Khargal Lake,Булган,Bulgan,Тэшиг,Teshik,49.92636,102.75219,Тэшиг сумын төвөөс зүүн зүгт 6 км зайд оршино.,It is located 6 km east of the center of Teshig soum.,https://www.dropbox.com/scl/fi/lzgms87dajpyli4dbb15u/.jpg?rlkey=p6dud9lbu9y56dtxvcctn6ea0&raw=1,카르갈 호수,ハルガル湖,哈加尔湖,Озеро Харгал
120,2,Байгалийн үзэсгэлэнт газар,Хөгнө тарнын хийд,Khugnu Tarna Monastery,Булган,Bulgan,Гурванбулаг,Gurvanbulag,47.47681,103.65015, Хөгнө-Тарна байгалийн цогцолборт газар нь 84390 га талбайтай. Хөгнөхаан уул нь Богд хаант монгол улсын үед төр шашины холбогдолтойгоор тахин шүтэж ирсэн дөрвөн хан уулын нэг нь байжээ.,"Khognuh-Tarna National Park covers an area of ​​84,390 hectares. Khognuh Khan Mountain was one of the four Khan Mountains that were worshipped as state and religious monuments during the Bogd Khanate Mongol Empire.",https://www.dropbox.com/scl/fi/b0ucti2r3fk796eh8t9b3/.jpg?rlkey=m6u2g411e66i9r92mfixsiusj&raw=1,쿠그누 수도원,クグヌ僧院,库格努寺,Монастырь Хугну Тарна
121,2,Түүхийн дурсгалт газар,Цогтын цагаан балгас,Tsogt White Ruin,Булган,Bulgan,Дашинчилэн,Dashinchilen,48.02351,104.35167,"Дашинчилэн сумын төвөөс зүүн хойд зүгт 33 км, Чин толгойн балгаснаас 20 км зайтай оршино.",It is located 33 km northeast of the center of Dashinchilen soum and 20 km from the Chin Tolgoi ruins.,https://www.dropbox.com/scl/fi/ofetdw1iqkp53pd0ie3cu/.jpg?rlkey=e8aobii953s2d1d1tve9z8tu6&raw=1,초그트 화이트 루인,ツォグトの白い遺跡,措格特白色废墟,Цогт Белые Руины
122,2,Түүхийн дурсгалт газар,Чин толгойн балгас,Chin Tolgoi Ruin,Булган,Bulgan,Дашинчилэн,Dashinchilen,47.87548,104.2421, Энд эртний гэрэлт хөшөөний суурь хоёр том чулуун мэлхий бий бөгөөд олдсон зарим дээврийн ваар нь кидан бичигтэй байжээ.,"There are two large stone frogs at the base of an ancient light statue here, and some of the roof vases found had Khitan writing.",https://www.dropbox.com/scl/fi/ojllic414cms7eiwtu36i/.jpg?rlkey=daq09ga3oz9227yrnj3g5a9g7&raw=1,친 톨고이 유적지,チントルゴイ遺跡,钦陶勒盖遗址,Чин Толгой Руины
123,1,Байгалийн үзэсгэлэнт газар,Шарга нуур,Sharga Lake,Булган,Bulgan,Баян-Агт,Bayan-Agt,48.92894,101.95227,Шарга сумын төвөөс байруун өмнө зүгт 20 км зайтай оршино.,It is located 20 km south of the center of Sharga soum.,https://www.dropbox.com/scl/fi/n5htuwexkaynac3k6vxgz/.jpg?rlkey=ocppuv61tclwgguzs39csu3ql&raw=1,샤가 호수,シャルガ湖,夏尔加湖,Озеро Шарга
124,2,Түүхийн дурсгалт газар,Шивээт улаан Булган,Shiveet Ulaan ,Булган,Bulgan,Баян-Агт,Bayan-Agt,48.79829,102.00501,Түрэгийн Хожуу үеийн (690-744) Элетрес Хутлуга хааны дурсгал ,Monument to the Late Turkic Dynasty (690-744) Khan Eletres Khutluga,https://www.dropbox.com/scl/fi/3pgqwrjl3hn1shh94linl/.jpg?rlkey=rxujgenaqmg7psohx8ht1t3wu&raw=1,쉬벳 울란,シベット・ウラン,什维特·乌兰,Шивит Улаан
125,2,Түүхийн дурсгалт газар,Шороон бумбагар,Shoroon Bumbagar,Булган,Bulgan,Баяннуур,Bayannuur,47.95931,104.55622,"2012 онд малтлага судалгаа явуулж эртний нүүдэлчдийн язгууртны иж бүрэн бунхант булшийг илрүүлсэн билээ. Тус олдворыг Улаан хэрэмийн Шороон бумбагарын дурсгал хэмээн нэрлэсэн бөгөөд эртний нүүдэлчдийн урлагийн галерей бүхий 1500 жилийн настай нэн чухал олдвор юм. Бунханы барилга муудаж үйрээгүй, бат бөх хэвээрээ үлдсэн ба дотор талд нь хүн явахад чөлөөтэй, чулуун таазтай, хавтгай чулуугаар ханыг нь хийж бүтээсэн байсан.","In 2012, excavations uncovered a complete mausoleum of an ancient nomadic nobleman. The find, called the Red Wall's Shoroon Bumbagar Monument, is a 1,500-year-old, important artifact that contains a gallery of ancient nomadic art. The structure of the tomb is intact, intact, and free for people to walk around inside, with a stone ceiling and flat stone walls.",https://www.dropbox.com/scl/fi/7yp2dsg9cqy2fzuahvkl7/.jpg?rlkey=7ian3e8gdetjn4bowbz1m0vq5&raw=1,쇼룬 범바가르,ショルーン・ブンバガー,肖伦·邦巴加尔,Шорон Бумбагар
126,1,Байгалийн үзэсгэлэнт газар,Элсэн тасархай,Elsen Tasarkhai,Булган,Bulgan,Рашаант,Rashaant,47.33459,103.67783,Рашаант сумын төвөөс баруун зүгт 20 км зайтай оршино.,It is located 20 km west of the center of Rashaant soum.,https://www.dropbox.com/scl/fi/g8vz4xqd597s7e7atofvu/.jpg?rlkey=ybn7k61dyk7wdbuxppenl6zv4&raw=1,엘센 타사르하이,エルセン・タサルカイ,埃尔森·塔萨凯,Элсен Тасархай
127,3,Шашны дурсгалт газар,Эрдэнэ хамбын хийдийн туурь,Erdene Khamba Monastery Ruin,Булган,Bulgan,Рашаант,Rashaant,47.42575,103.69313, 1612 онд Монголын лам Эрдэнэ Цоржид зориулан байгуулагдсан бөгөөд 1937 онд коммунист дэглэмийн үед устгагдсан. ,It was founded in 1612 for the Mongolian monk Erdene Tsorji and was destroyed in 1937 during the communist regime.,https://www.dropbox.com/scl/fi/4rkz17bos5w5e7s16azje/.jpg?rlkey=hn412pk5ot3sp90sqk1m5taa6&raw=1,에르데네 캄바 수도원 유적,エルデネ カンバ修道院跡,额尔德尼康巴寺遗址,Руины монастыря Эрдэнэ Хамба
128,2,Түүхийн дурсгалт газар,Магсаржав баатрын дусрсгал ,A symbol of heroism Magsarjav hero,Булган,Bulgan,Хутаг-Өндөр,Khutag-Undur,49.39162,102.80444,Хутаг-Өндөр сумын төвөөс зүүн зүгт 6 км зайтай байна. ,,https://www.dropbox.com/scl/fi/4sjuldtciyj9b4gd2ug5h/.jpg?rlkey=azdx1pzhbenr42c3l3apqgok0&raw=1,영웅 막사르자브의 상징,英雄マグサルジャヴの象徴,英雄马格萨尔扎夫的象征,Символ героизма героя Магсарджава.
129,1,Байгалийн үзэсгэлэнт газар,Бүрэнхаан уул (2008м) Булган,Burenkhaan Mountain Bulgan (2008m),Булган,Bulgan,Хишиг-Өндөр,Khishig-Undur,48.4006,103.44724,Хишиг-Өндөр сумын төвөөс хойд зүгт 10 км зайтай орших далайн түвшнээс дээр 2008 метр өндөрт оршино. ,It is located 10 km north of the center of Khishig-Ondur soum at an altitude of 2008 meters above sea level.,https://www.dropbox.com/scl/fi/xr0kqiac49v4zq9n8a5o0/.jpg?rlkey=i63hkz95v4dd61329tl9yvgl3&raw=1,부렌칸 산,ブレンカーン山,布伦坎山,Гора Буренхаан
130,1,Байгалийн үзэсгэлэнт газар,Сэлэнгэ мөрөн,Selenge River,Булган,Bulgan,Сэлэнгэ,"Bayan-Agt, Khutag-Undur, Selenge",49.67404,104.64154,"Сэлэнгэ мөрний нийт урт 1024 километр, түүнээс 615 км нь тус улсын нутагт байна.  Дэлгэр, Идэр, Хануй, Эг, Орхон зэрэг голууд цутгана.","The total length of the Selenge River is 1,024 kilometers, of which 615 kilometers are within the country. It is drained by the Delger, Ider, Khanuy, Eg, and Orkhon rivers.",https://www.dropbox.com/scl/fi/vv9yab2cm86fygpt82j2x/.jpg?rlkey=nw7q3htse78t2lq432q758jmc&raw=1,셀렝가 강,セレンガ川,色楞格河,Река Селенга
131,2,Түүхийн дурсгалт газар,Аав хөшөө,Father Statue,Говь-Алтай,Govi-Altai,Чандмань,Chandmani,45.32763,97.88825,Чандмань сумын төвөөс баруун зүгт 8 км зайтай Ботгон голын эрэгт оршино. ,"It is located on the banks of the Botgon River, 8 km west of the center of Chandman soum.",https://www.dropbox.com/scl/fi/n8i9o1p9vtfr02tfun518/.jpg?rlkey=32h8kxlkwq0i1fxkszx0zov07&raw=1,아버지 동상,父の像,父亲雕像,Статуя отца
132,1,Байгалийн үзэсгэлэнт газар,Аж богдын уул (3802м),Аj Bogd Mountain (3802m),Говь-Алтай,Govi-Altai,Алтай,Altai,44.80211,95.23946,"Монгол Алтайн нурууны салбар уул бөгөөд хамгийн өндөр оргил нь Хүрэн товон далайн төвшнөөс дээш 3802 метр өндөр. Аж богдын нурууны өврөөс Индэр, Гишүүнтэй, Их гол, ар талаас нь Урт, Дөрөлжийн голууд эх аван урсдаг. ","It is a branch of the Mongolian Altai Mountains, and its highest peak is Khuren Tovon, which is 3,802 meters above sea level. The Inder, Gishuuntei, and Ikh rivers originate from the foot of the Ajbogd Range, and the Urt and Dorolji rivers flow from the rear.",https://www.dropbox.com/scl/fi/huxms6djl5izsqd4krb35/.jpg?rlkey=rykzetusxdffo3khs2jtetnsw&raw=1,Аj 복드 산,Аj ボグド山,阿吉·博格德山,Ай Богд Гора
133,1,Байгалийн үзэсгэлэнт газар,Алаг хайрхан уул(3738м),Alag Khairkhan Mountain (3738m),Говь-Алтай,Govi-Altai,Бугат,Bugat,45.57154,94.11714,Бугат сумын төвөөс 30 км зайтай далайн түвшнээс дээш 3738 метр өргөгдөн оршино. ,"It is located 3738 meters above sea level, 30 km from the center of Bugat soum.",https://www.dropbox.com/scl/fi/gduc2yhvttisxoih1oqz9/.jpg?rlkey=qolbrewxjrbs4s5liv7t8zafq&raw=1,알라그 카이르칸 산,アラグ・カイルカン山,阿拉格凯尔汗山,Гора Алаг Хайрхан
134,2,Түүхийн дурсгалт газар,Кристиан Освальдын хөшөө,Monument for Christian Oswald,Говь-Алтай,Govi-Altai,Бугат,Bugat,45.5391,93.62717,Тахийн талд тахийг дахин нутагшуулах ажлыг санаачилсан Кристиан Освальдын дурсгалд зориулсан хөшөө.хөшөө,"A monument to Christian Oswald, who initiated the reintroduction of the tahi in the tahi valley.",https://www.dropbox.com/scl/fi/6n6c24op77ho5cjgdzn19/.jpg?rlkey=00wmp5ibovikt7p0kfvbs1jmk&raw=1,크리스티안 오스왈드를 위한 기념비,クリスチャン・オズワルドの記念碑,克里斯蒂安·奥斯瓦尔德纪念碑,Памятник Кристиану Освальду
135,3,Шашны дурсгалт газар,Арын хүрээний туурь,Aryn Monastery Ruin,Говь-Алтай,Govi-Altai,Жаргалан,Jargalant,46.85744,95.72878,Жаргалан сумын төвөөс баруун урд  зүгт 25 км зайтай оршино.,It is located 25 km southwest of the center of Jargalan soum.,https://www.dropbox.com/scl/fi/cvzw0c7wn8sw8wcb5g7wk/.jpg?rlkey=rfp2cxic02wvsasg57wuz4ge7&raw=1,아린 수도원 폐허,アリン修道院跡,阿林修道院遗址,Руины монастыря Арын
136,1,Байгалийн үзэсгэлэнт газар,Бигэр нуур,Biger Lake,Говь-Алтай,Govi-Altai,Бигэр,Biger,45.76243,97.17836,Бигэр сумын төвөөс хойд зүгт 4 км зайтай оршино.,It is located 4 km north of the center of Biger soum.,https://www.dropbox.com/scl/fi/rjxmduealwpnd9tkztihc/.jpg?rlkey=h4f28mx29u33aiovcb7qb2wuv&raw=1,비거 호수,ビガー・レイク,更大的湖,Бигер-Лейк
137,1,Байгалийн үзэсгэлэнт газар,Бурхан буудай уул (3765м),Burkhan Buudai Mountain (3765),Говь-Алтай,Govi-Altai,Цогт,Tsogt,45.67503,96.75017,"Говь-Алтай аймгийн Бигэр, Цогт, Халиун сумдын нутагт орших өвөрмөц үзэсгэлэнт тогтоц бүхий, ноён оргил нь далайн түвшнээс дээш 3765 мерт өргөгдсөн мөнх цастай уул байдаг. ","Located in the Biger, Tsogt, and Khaliun soums of Gobi-Altai aimag, there is a uniquely beautiful mountain with eternal snow, its highest peak rising 3,765 meters above sea level.",https://www.dropbox.com/scl/fi/4xjbshlht72zntwa4j96p/.jpg?rlkey=oiwzt4500i4tq8wwx64zrx2bu&raw=1,부르칸 부우다이 산,ブルカン・ブダイ山,布尔罕布戴山,Гора Бурхан Буудай
138,1,Байгалийн үзэсгэлэнт газар,Говийн их  дархан цаазат газар А,Great Gobi Strictly Protected Area A,Говь-Алтай,Govi-Altai,Эрдэнэ,Erdene,43.252,97.44196,"Говийн Их Дархан Цаазат Газрын А хэсэг нь Монголын говь цөлийн экосистемийг хамгаалах, түүх, соёлын өвийг хадгалахад чухал үүрэгтэй, 4.6 сая га талбайг хамардаг.","Part A of the Gobi Desert is important for protecting the ecosystem of Mongolia's Gobi Desert and preserving its historical and cultural heritage, covering an area of ​​4.6 million hectares.",https://www.dropbox.com/scl/fi/fmkt2e448le4yj6bcuu1d/.jpg?rlkey=vfrzv3mxvk52u8lfi86twzvrk&raw=1,그레이트 고비 엄격 보호 구역 A,大ゴビ厳重保護区A,大戈壁严格保护区A,Строго охраняемая территория «Большая Гоби» А
139,2,Түүхийн дурсгалт газар,Гочоосүрэнгийн суварга,Gochoosuren Stupa,Говь-Алтай,Govi-Altai,Чандмань,Chandmani,45.31666,97.85258,Чандмань сумын төвөөс баруун зүгт 11 км зайтай оршино.,It is located 11 km west of the center of Chandman soum.,https://www.dropbox.com/scl/fi/6odm7opnjenkaskepq4fq/.jpg?rlkey=8xnipbbf7cwhojm3zc4bxcg1s&raw=1,고초수렌 스투파,ごちょうおすれん仏塔,果乔苏伦佛塔,Ступа Гочоосурэн
140,1,Байгалийн үзэсгэлэнт газар,Гэгээн нуур,Gegeen Lake,Говь-Алтай,Govi-Altai,Тайшир,Taishir,46.70391,96.76257,"Тайширын усан цахилгаан станцыг барих үед үүссэн 20 км урт, 10 км өргөн хиймэл нуур.","An artificial lake 20 km long and 10 km wide, created during the construction of the Taishir hydroelectric power station.",https://www.dropbox.com/scl/fi/whni0hpw3i3dxm2m12mib/.jpg?rlkey=diewfxq1sos897fi3gj9rfdw8&raw=1,게긴 호수,ゲジーン湖,格金湖,Озеро Геген
141,1,Байгалийн үзэсгэлэнт газар,Зоос хад,Coin rock,Говь-Алтай,Govi-Altai,Чандмань,Chandmani,45.49216,98.23883,Чандмань сумын төвөөс зүүн хойд зүгт 42 км зайтай оршино.,It is located 42 km northeast of the center of Chandman soum.,https://www.dropbox.com/scl/fi/uaozt48snbbydnpde1z8p/.jpg?rlkey=i2smr4r7l5iu6n1bkngr952n5&raw=1,코인 락,コインロック,硬币岩石,Монетный камень
142,1,Байгалийн үзэсгэлэнт газар,Ихэс нуур,Ikhes Lake,Говь-Алтай,Govi-Altai,Дарви,Darwi,46.46125,94.06104,Ихэс нуурын зүүн эрэг дээр  Дарви сумын төв байдаг.,The center of Darvi soum is located on the eastern shore of Lake Ihes.,https://www.dropbox.com/scl/fi/g5sasoa4qxhwp3knn6fsn/.jpg?rlkey=zf0ernu31ep8xhzr8xwfwukmm&raw=1,이케스 호수,イクシュ湖,伊克什湖,Озеро Ихес
143,1,Байгалийн үзэсгэлэнт газар,Шаргын говь,Shargyn Gobi,Говь-Алтай,Govi-Altai,Дарви,"Darwi, Tugrug, Sharga, Khaliun, Tonkhil",46.0429,94.94007,"Говь-Алтай аймгийн Дарви, Төгрөг, Шарга, Халиун, Тонхил сумдын нутгийг дамжин оршино.","It passes through the territories of Darvi, Togrug, Sharga, Khaliun, and Tonkhil soums of Gobi-Altai aimag. Save translation",https://www.dropbox.com/scl/fi/5nqedkbspdinzi2ug7nf5/.JPG?rlkey=snddujicw1rrmjaxqecbkeecx&raw=1,샤르긴 고비,シャーギン・ゴビ,沙尔根戈壁,Шаргин Гоби
144,1,Байгалийн үзэсгэлэнт газар,Мазаалайн ус,Mazaalain Us,Говь-Алтай,Govi-Altai,Эрдэнэ,Erdene,43.25734,97.33213,Эрдэнэ сумын төвөөс урд зүгт 230 км зайд Говийн их дархан цаазат газарт байна. ,"It is located 230 km south of the center of Erdene soum, in the Gobi National Park.",https://www.dropbox.com/scl/fi/zhbc3xq2ggc7waxdlpyo0/.jpeg?rlkey=wk94zwdpxel1digcy5alkdvkz&raw=1,마잘라인 우리,マザライン・アス,马扎兰美国,Мазаалайн Ус
145,1,Байгалийн үзэсгэлэнт газар,Монгол элс,Mongol Sand,Говь-Алтай,Govi-Altai,Хөхморьт,Khukhmorit,47.49862,95.07601,Хөх морьт сумын хойд талаар нийтдээ 215 гаруй км үргэлжилнэ.,The northern part of Khokh Morit soum extends for a total of more than 215 km.,https://www.dropbox.com/scl/fi/p68q92kruqqogxmqvq2xg/.jpg?rlkey=wjgac294x0sqnjo3899d2nlhd&raw=1,몽골 모래,モンゴルサンド,蒙古沙,Монгольский песок
146,1,Байгалийн үзэсгэлэнт газар,Нарийн худаг,Nariin Khudag,Говь-Алтай,Govi-Altai,Эрдэнэ,Erdene,44.81484,97.3287,Эрдэнэ сумын төвөөс баруун өмнө зүгт 57 км зайд оршино.,It is located 57 km southwest of the center of Erdene soum.,https://www.dropbox.com/scl/fi/pk9gghxvn30zih3x0iynu/.jpg?rlkey=c0gynk42lpu15c1nj2h1d6sov&raw=1,나린 쿠다그,ナリン・クダグ,纳里因·库达格,Нариин Худаг
147,3,Шашны дурсгалт газар,Бигэр Номуун ханы хүрээний туурь,Biger Nomuun Khan Monastery Ruin,Говь-Алтай,Govi-Altai,Бигэр,Biger,45.8068,97.00925,"Бигэр сумын төвөөс баруун хойд зүгт 17.5 км оршино. Засагт хан аймгийн Ёст засгийн хошуу, Итгэмжит засгийн хошуутай зах нийлж байв. Ардын дунд Бигэрийн Номун хан хутагт хэмээн алдаршчээ. ",It is located 17.5 km northwest of the center of Biger soum. It was a market town with Yost Khosh and Itgemjit Khosh of Zasagt Khan aimag. He was known among the people as Nomun Khan Khutugt of Biger.,https://www.dropbox.com/scl/fi/vyxdjakr5iz3w2skayzvp/.jpg?rlkey=eyqq9iop05sbt1jxa1y9oj3cq&raw=1,더 큰 노무운 칸 수도원 유적,ビッグ・ノムーン・カーン僧院跡,比格诺蒙汗寺遗址,Руины монастыря Бигэр Номуун-хана
148,1,Байгалийн үзэсгэлэнт газар,Онцын улаан явар,Ontsyn Ulaan Yavar,Говь-Алтай,Govi-Altai,"Бигэр, Халиун","Biger, Khaliun",45.89859,96.76142,Бигэр сумын төвөөс баруун хойд зүгт 37 км зайтай оршино.,It is located 37 km northwest of the center of Biger soum.,https://www.dropbox.com/scl/fi/gi7ko4hffpwj7cinl237m/.jpg?rlkey=t9o6gdg9rebdk46tx9qjso4qg&raw=1,온친 울란 야바르,オンツィン・ウラーン・ヤヴァル,翁岑乌兰亚瓦尔,Онцин Улаан Явар
149,3,Шашны дурсгалт газар,Өлзийт булгийн хийдийн туурь ,Ulziit Bulag Monastery Ruin,Говь-Алтай,Govi-Altai,Чандмань,Chandmani,45.46551,98.23848,Чандмань сумын төвөөс зүүн хойд зүгт 39 км зайтай оршино.,It is located 39 km northeast of the center of Chandman soum.,https://www.dropbox.com/scl/fi/0b2q1yolybs06trufxmwf/.jpg?rlkey=jgrx6qeuhjdgrvg9a1jjzmgsa&raw=1,울지트 불라그 수도원 폐허,ウルツィット・ブラグ修道院跡,乌尔济特·布拉格修道院遗址,Руины монастыря Улзиит Булаг
150,1,Байгалийн үзэсгэлэнт газар,Сутай хайрхан уул (4090м),Sutai Khairkhan Mountain (4090m),Говь-Алтай,Govi-Altai,Тонхил,Tonkhil,46.61776,93.59401,"Төрийн тахилгат Сутай хайрхан уулын ихэнх нь Говь-Алтай аймгийн Тонхил сумын нутагт оршдог боловч цаад талаараа Ховд аймгийн Дарви, Цэцэг сумын нутагт хамаарах хайрхан юм. Ноён оргил Цаст богд нь д.т.д 4234 метр өндөр бөгөөд Сутай хайрхан уул 60 км сунаж тогтсон. ","Most of the state-sanctioned Sutai Khairkhan Mountain is located in the territory of Tonkhil soum of Gobi-Altai aimag, but the rest of the mountain belongs to the territories of Darvi and Tsetseg soums of Khovd aimag. The peak is Tsast Bogd, which is 4234 meters above sea level, and Sutai Khairkhan Mountain stretches for 60 km.",https://www.dropbox.com/scl/fi/5hes8eoy7ozu9wbfx241m/.jpg?rlkey=gkfs8m4ajpil5bxonlmx4bl14&raw=1,수타이 카이르칸 산,スタイ・ハイルカン山,苏泰凯尔汗山,Гора Сутай Хайрхан
151,1,Байгалийн үзэсгэлэнт газар,Сухайтын булаг,Sukhait Spring,Говь-Алтай,Govi-Altai,Цогт,Tsogt,45.0792,96.64386,Цогт сумын төвөөс өмнө зүгт 40 км зайтай оршино.,It is located 40 km south of the center of Tsogt soum.,https://www.dropbox.com/scl/fi/6d0la99ro179w0crw3k6v/.jpg?rlkey=thte3nfykra0ab3ulsl51e5f7&raw=1,수카이트 봄,スカイト 春,素凯 春天,Сухаит Весна
152,1,Байгалийн үзэсгэлэнт газар,Тайгам нуур,Taigam Lake,Говь-Алтай,Govi-Altai,Дэлгэр,Delger,46.36218,97.40159,Тайгам нуур далайн түвшнээс дээш 1780 метр өндөрт байдаг. Тус нуурын баруун өмнө эрэгт Дэлгэр сумын төв байрладаг. ,"Lake Taigam is located at an altitude of 1,780 meters above sea level. The center of Delger soum is located on the southwestern shore of the lake.",https://www.dropbox.com/scl/fi/q2udex58kqmf15x7oc9fp/.jpg?rlkey=dfp76ble1zqwb71085br9d7kj&raw=1,태감호,タイガム湖,泰伽姆湖,Озеро Тайгам
153,2,Түүхийн дурсгалт газар,Тайширын усан цахилгаан станц,Taishir Hydropower Station,Говь-Алтай,Govi-Altai,Тайшир,Taishir,46.69481,96.6654,Тайшир сумын төвөөс зүүн урд зүгт 13 км зайтай оршино.,It is located 13 km southeast of the center of Taishir soum.,https://www.dropbox.com/scl/fi/jfnix9sn27879ifmt26u6/.jpg?rlkey=qmwe2mu7ujfb705ay8dpxg157&raw=1,타이시르 수력발전소,太子水力発電所,太舍尔水电站,Тайширская ГЭС
154,1,Байгалийн үзэсгэлэнт газар,Тонхил нуур,Tonkhil Lake,Говь-Алтай,Govi-Altai,Тонхил,Tonkhil,46.18285,93.90512,Тонхил сумаас өмнө зүгт 16 км зайтай оршино.,It is located 16 km south of Tonkhil soum.,https://www.dropbox.com/scl/fi/772fzt4wzji76bkwoggk2/.jpg?rlkey=0cfa43vuxio721bkanso83k8c&raw=1,톤힐 호수,トンキル湖,通基尔湖,Озеро Тонхил
155,1,Байгалийн үзэсгэлэнт газар,Хутаг нуур,Khutag Lake,Говь-Алтай,Govi-Altai,Чандмань,Chandmani,45.23655,98.34225,Чандмань сумын төвөөс зүүн урд зүгт 30 км зайтай оршино. ,It is located 30 km southeast of the center of Chandman soum.,https://www.dropbox.com/scl/fi/8xuzfi05jtvzw9dszablf/.jpg?rlkey=ibk9zysudu3m3idc36clw5899&=1,쿠타그 호수,クータグ湖,库塔格湖,Озеро Хутаг
156,1,Байгалийн үзэсгэлэнт газар,Харандаа хад,Pencil Rock,Говь-Алтай,Govi-Altai,Тайшир,Taishir,46.69488,96.58191,Тайшир сумын төвөөс зүүн урд зүгт 5 км зайтай оршино.,It is located 5 km southeast of the center of Taishir soum.,https://www.dropbox.com/scl/fi/h7muczk7ugiqueluknsts/.jpg?rlkey=p8na1rxd1ithrq6fbd29q9w5o&raw=1,펜슬 락,ペンシルロック,铅笔摇滚,Карандаш Рок
157,1,Байгалийн үзэсгэлэнт газар,Хасагт хайрхан уул (3522м),Khasagt Kharkhan Mountain (3522m),Говь-Алтай,Govi-Altai,Шарга,Sharga,46.71945,95.85806,"Хасагт хайрхан уул нь Говь-Алтай аймгийн  Шарга, Жаргалан сумдын нутагт орших, далайн түвшнээс дээш 3578 метр өндөртэй, дархан цаазат газар юм.","Khasagt Khairkhan Mountain is a protected area located in the Sharga and Jargalan soums of Gobi-Altai aimag, at an altitude of 3,578 meters above sea level.",https://www.dropbox.com/scl/fi/1pw1vase6u6u4cg5x4mm8/.jpg?rlkey=8l4pubjj7ek5fv9njzuxo5umf&raw=1,카삭트 카르칸 산,カサグト ハルカン山,卡萨格特喀尔汗山,Гора Хасагт Хархан
158,1,Байгалийн үзэсгэлэнт газар,Хөлмийн нуур,Khulmiin Lake,Говь-Алтай,Govi-Altai,Тонхил,Tonkhil,46.18564,93.54615,Тонхил сумаас баруун өмнө зүгт 34 км зайтай оршино.,It is located 34 km southwest of Tonkhil soum.,https://www.dropbox.com/scl/fi/1pw1vase6u6u4cg5x4mm8/.jpg?rlkey=8l4pubjj7ek5fv9njzuxo5umf&raw=1,쿨미인 호수,クルミン湖,库尔敏湖,Озеро Хулмиин
159,2,Түүхийн дурсгалт газар,Хөшөө чулуу,Khushuu Chuluu ,Говь-Алтай,Govi-Altai,Чандмань,Chandmani,45.30794,97.96203,Чандмань сумын төвөөс баруун өмнө зүгт 3.4 км зайтай оршино.,It is located 3.4 km southwest of the center of Chandman soum.,https://www.dropbox.com/scl/fi/87d017kzucnpldjh10hvd/.jpg?rlkey=k8zw3fpk7ptpqqw7khzh2ntq3&raw=1,쿠슈 출루,クシュウ・チュルウ,胡舒楚鲁,Хушуу Чулуу
160,1,Байгалийн үзэсгэлэнт газар,Тэцэг нуур,Tetseg Lake,Говь-Алтай,Govi-Altai,Эрдэнэ,Erdene,45.19364,97.54099,Эрдэнэ сумын төвөөс баруун хойд зүгт 18 км зайд оршино.,It is located 18 km northwest of the center of Erdene soum.,https://www.dropbox.com/scl/fi/9z0cwq1ttswbmmrckm2c7/.jpg?rlkey=eziizrerwk3aflkpcmh4md1fl&raw=1,테테그 호수,テテグ湖,特特格湖,Озеро Тецег
161,1,Байгалийн үзэсгэлэнт газар,Шаргын цагаан нуур,Shargyn Tsagaan Lake,Говь-Алтай,Govi-Altai,Шарга,Sharga,46.26585,95.01069,Шарга сумаас баруун зүгт 25 км зайтай оршино.,It is located 25 km west of Sharga soum.,https://www.dropbox.com/scl/fi/yxfdvg1ndzx82dzst1ovq/.jpg?rlkey=yovfnc5mad6xvk73a7seym0e9&raw=1,샤긴 차강 호수,シャルギン・ツァガーン湖,沙尔金·察干湖,Озеро Шаргын Цаган
162,1,Байгалийн үзэсгэлэнт газар,Талын хүрхрээ, Steppe Waterfall,Говь-Алтай,Govi-Altai,Шарга,Sharga,46.59569,95.56402,Шарга сумын төвөөс зүүн хойд зүгт 45 км зайтай оршино.,It is located 45 km northeast of the center of Sharga soum.,https://www.dropbox.com/scl/fi/9qdy5wjhvy0i71t99wqum/.jpg?rlkey=mw0ojos8e6cis4r9buwhtkcse&raw=1,스텝 폭포,ステップの滝,草原瀑布,Степной Водопад
163,1,Байгалийн үзэсгэлэнт газар,Эрээн нуур,Ereen Lake,Говь-Алтай,Govi-Altai,Жаргалан,Jargalant,47.33629,95.7625,Жаргалан сумын төвөөс хойд зүгт 45 км зайтай оршино.,It is located 45 km north of the center of Jargalan soum.,https://www.dropbox.com/scl/fi/v515zxa641zydwf6u7xt1/.jpg?rlkey=p54se29dlgp6z40hilva7zmw8&raw=1,에린 호수,エリーン・レイク,艾琳湖,Эрин Лейк
164,1,Байгалийн үзэсгэлэнт газар,Ээж хайрхан уул (2274м),Eej Khairkhan Mountain (2274m),Говь-Алтай,Govi-Altai,"Цогт,Алтай","Tsogt, Altai",44.92833,96.20378,"Цогт , Алтай сумдын хилийн заагт далайн түвшнээс дээш 2274 метр өргөгдсөн ноён оргил бүхий байгалийн өвөрмөц тогтоцтой уул юм. Баянтоорой багийн төвөөс баруун зүгт 45 км зайтай орнино.",It is a unique natural mountain with a peak of 2274 meters above sea level on the border of Tsogt and Altai soums. It is located 45 km west of the center of Bayantoojoo.,https://www.dropbox.com/scl/fi/5kieqbs1wrt9suu616tjq/.jpg?rlkey=5k2wk3y06n8zsnsa1j9dn7ypn&raw=1,에이즈 카이르칸 산,イージ・ハイルカン山,伊吉海尔汗山,Гора Идж Хайрхан
165,3,Шашны дурсгалт газар,Хонгорын хүрээний туурь,Ruins of Khongor Monastery,Говь-Алтай,Govi-Altai,Жаргалан,Jargalan,46.82147,95.98906,Жаргалан сумын төвөөс зүүн өмнө зүгт 28 км зайтай оршино.,It is located 28 km southeast of the center of Jargalan soum.,https://www.dropbox.com/scl/fi/kawod0s7t73s3wdmsc6px/.jpg?rlkey=v0ksw2ia5jd70fn440k3gb402&raw=1,콩고르 수도원 유적,ホンゴル修道院の遺跡,洪戈尔寺遗址,Руины монастыря Хонгор
166,3,Шашны дурсгалт газар,Вандан дашилин хүрээний туурь,Ruins of Vandan Dashiling Monastery,Говь-Алтай,Govi-Altai,Баян-Уул,Bayan-Uul,46.8663,95.4549,Баян-Уул сумын төвөөс зүүн өмнө зүгт 28.5 км зайтай оршино.,It is located 28.5 km southeast of the center of Bayan-Uul soum.,https://www.dropbox.com/scl/fi/r6s184skmuh9zia96nle5/.jpg?rlkey=dsbaoo3bvi814zc6m92rcn0mr&raw=1,반단 다실링 수도원 유적,ヴァンダン・ダシリン寺院の遺跡,万丹大什林寺遗址,Руины монастыря Вандан Дашилин
167,3,Шашны дурсгалт газар,Бичигтийн хийдийн туурь,Ruins of Bichigt Monastery,Говь-Алтай,Govi-Altai,Баян-Уул,Bayan-Uul,47.10289,95.0785,Баян-Уул сумын төвөөс баруун хойд зүгт 16 км зайтай оршино.,It is located 16 km northwest of the center of Bayan-Uul soum.,https://www.dropbox.com/scl/fi/spqq0pkqfk99eyk1kf2f9/.jpg?rlkey=do45zgy7335f593tww71m7hpp&raw=1,비치그트 수도원 유적,ビチグト修道院の遺跡,比奇格特寺遗址,Руины монастыря Бичигт
168,1,Байгалийн үзэсгэлэнт газар,Сангийн далай нуур (Говь-Алтай),Sangiin Dalai Lake (Govi-Altai),Говь-Алтай,Govi-Altai,Хөх морьт,Khukhmorit,47.40732,94.95572,Хөх морьт сумын төвөөс зүүн зүгт 33 км зайтай Монгол элсний чанх өмнө оршино.,"It is located 33 km east of the center of Khokh Moryt soum, just before the Mongolian Els.",https://www.dropbox.com/scl/fi/1t8x7zbgig4q2ugzfmfco/.jpg?rlkey=hlpede9dyuya8wmzcvvvy3di4&raw=1,상긴 호수,サンギン湖,桑金湖,Озеро Сангин Далай
169,1,Байгалийн үзэсгэлэнт газар, Хасагт хайрхан уул (3578м),Khasagt Khairkhan Mountain (3578m),Говь-Алтай ,Govi-Altai,Жаргалан,jargalan,46.78919,95.80084,"Жаргалан сумын төвөөс баруун урд зүгт 25 км зайтай оршино. Далайн түвшнээс дээш 3578 меэр өргөгсөн байна,","This mountain, located 25 km southwest of the center of Jargalan soum, rises 3,578 meters above sea level.",https://www.dropbox.com/scl/fi/opv2zu8fw92shhixrmt81/.jpg?rlkey=0lthkjoip7hmjj9uki6upjn4z&raw=1,카삭트 카이르칸 산,カサグト ヘアカン山,卡萨格特凯尔汗山,Гора Хасагт Хайрхан
170,1,Байгалийн үзэсгэлэнт газар,Улаан толгойн нуур,Ulaan Tolgion Lake,Говь-Алтай,Govi-Altai,Есөнбулаг,Yesunbulag,46.38334,96.26167,Аймгийн төийн яг зүүн хойд талд оршино.,It is located just northeast of the provincial capital.,https://www.dropbox.com/scl/fi/58qypagbdisrrw8ubqgin/.jpeg?rlkey=mtkro169w2cx8mcohu86u6g10&raw=1,울란 톨고인 호수,ウラン・トルゴイン湖,乌兰陶勒贡湖,Озеро Улан-Толгоин
171,1,Байгалийн үзэсгэлэнт газар,Чойрын богд уул (1678м),Choiryn Bogd Mountain (1678m),Говьсүмбэр,Govisumber,Сүмбэр,Sumber,46.2431,108.78257,"Далайн түвшнээс дээш 1678 метр оргил бүхий Чойрын богд уул Говьсүмбэр, Дорноговь аймгийн хил дамнан байршина. Сүмбэр сумын төвөөс зүүн өмнө зүгт 38 км зайд оршино. ","Choirin Bogd Mountain, with a peak of 1,678 meters above sea level, is located on the border of Govisumber and Dornogovi aimags. It is located 38 km southeast of the center of Sumber soum.",https://www.dropbox.com/scl/fi/mvjmz6mroi4pq5wtzqja6/.jpg?rlkey=vr6mm1s07qp5gjghrppgw68ab&raw=1,초이린 복드 산,チョイリン ボグド マウンテン,乔林博格德山,Гора Чойрин Богд
172,2,Түүхийн дурсгалт газар,Нарантолгойн худаг,Narantolgoin Khudag,Дархан-Уул,Darkhan-Uul,Дархан,Darkhan,49.48538,105.95101,Дархан сумын нутагт оршино.,It is located in Darkhan soum.,,나란톨고인 쿠다그,ナラントルゴイン・クダーグ,纳兰托尔戈因胡达格,Нарантолгоин Худаг
173,3,Шашны дурсгалт газар,Бясалгалын зуун найман  агуй,One hundred and eight meditation caves,Дорноговь,Dornogovi,Өргөн,Urgun,44.61799,110.28367,Хамрын хийдээс зүүн хойд зүгт 3.0 км зайтай оршино.,It is located 3.0 km northeast of Khamar Monastery.,https://www.dropbox.com/scl/fi/zd2mtfllo4dpjty2hd34v/108.jpg?rlkey=37b4q5ddokimstf0ikqbjwvqk&raw=1,108개의 명상 동굴,108の瞑想洞窟,一百零八个冥想洞穴,Сто восемь пещер для медитации
174,3,Шашны дурсгалт газар,Өвгөн суварга,Uvgun Stupa,Дорноговь,Dornogovi,Сайншанд,Sainshand,44.59906,110.27175,Хамрын хийдэд байна,It's at the Khamrin Monastery.,,우브군 스투파,ウヴグン仏塔,乌夫贡佛塔,Ступа Увгун
175,3,Шашны дурсгалт газар,Мөөмтэй овоо,hill with breast,Дорноговь,Dornogovi,Сайншанд,Sainshand,44.60444,110.26894,Хамрын хийдээс баруун хойд зүгт 1.4 км зайтай оршино.,It is located 1.4 km westeast of Khamar Monastery.,https://www.dropbox.com/scl/fi/rzhj0hbwhx7el2u20rmwu/.jpg?rlkey=z42ejjxhechrxrfhzaiv0ftl2&raw=1,가슴이 있는 언덕,胸のある丘,山丘与乳房,холм с грудью
176,3,Шашны дурсгалт газар,Монголын анхны театрын туурь,Ruins of Mongolia's first theater,Дорноговь,Dornogovi,Сайншанд,Sainshand,44.60319,110.27736,Хамрын хийдээс зүүн хойд зүгт 0.8 км зайтай оршино.,It is located 0.8 km northeast of Khamar Monastery.,https://www.dropbox.com/scl/fi/31rszlkheuug6wmv0gia1/.jpg?rlkey=kmv1dsgh8ohp63vboya8eaaim&raw=1,몽골 최초의 극장 유적,モンゴル初の劇場の遺跡,蒙古第一座剧院遗址,Руины первого театра Монголии
177,3,Шашны дурсгалт газар,Хамрын хийд энергийн төв,Khamryn Monastery Energy Center,Дорноговь,Dornogovi,Сайншанд,Sainshand,44.61779,110.27524,Хамрын хийдээс хойд зүгт 2.4 км зайтай оршино.,It is located 2.4 km north of Khamar Monastery.,https://www.dropbox.com/scl/fi/g6cv0gogmg69wqjc2w44b/.jpg?rlkey=zn1gcsj8uwvow45b4pkfposmq&raw=1,캄린 수도원 에너지 센터,カムリン修道院エネルギーセンター,康林寺能源中心,Энергетический центр монастыря Хамрин
178,3,Шашны дурсгалт газар,Хамарын хийд,Khamar Monastery,Дорноговь,Dornogovi,Сайншанд,Sainshand,44.59737,110.27338,Сайншанд сумаас зүүн өмнө зүгт 36 км зайтай оршино.,It is located 36 km southeast of Sainshand soum.,https://www.dropbox.com/scl/fi/kwaj8h5cfhmzllwvlsmlq/.jpg?rlkey=wnmdltvmn6w0idays2hai3npk&raw=1,카마르 수도원,ハマール修道院,卡玛尔寺,Монастырь Хамар
179,1,Байгалийн үзэсгэлэнт газар,Хан Баянзүрх уул,Khan Bayanzurkh Mountain,Дорноговь,Dornogovi,Өргөн,Urgun,44.69225,110.04438,Сайншанд сумаас баруун өмнө зүгт 42 км зайтай оршино.,It is located 42 km southwest of Sainshand soum.,https://www.dropbox.com/scl/fi/i159itvcp4xkn3ka24yti/.jpg?rlkey=2fxpuwje522hu8sgee4rbcj07&raw=1,칸 바얀주르크 산,ハーン・バヤンズルク山,汗巴彦祖尔赫山,Гора Хан-Баянзурх
180,1,Байгалийн үзэсгэлэнт газар,Хэцүү тээгийн өрх агуй,Khetsuu Teeg Urkh Cave,Дорноговь,Dornogovi,Айраг,Airag,45.33916,108.7519,Айраг сумын төвөөс зүүн өмнө зүгт 75 км зайтай оршино.,It is located 75 km southeast of the center of Airag soum.,,케츠우 티그 우르크 동굴,ケツウ・ティーグ・ウルク洞窟,克苏·提格·乌尔赫洞穴,Пещера Хетсуу Тиг Урх
181,1,Байгалийн үзэсгэлэнт газар,Цагаан дэл агуй,Tsagaan Del Cave,Дорноговь,Dornogovi,Айраг,Airag,45.62551,109.10707,Айраг сумын төвөөс баруун урд зүгт 26 км зайтай оршино.,It is located 26 km southwest of the center of Airag soum.,https://www.dropbox.com/scl/fi/6ulkw3jfqkbwpwpoqv9s6/.jpg?rlkey=7ygq2bdwgweeif1thhs01rybl&raw=1,차가안 델 케이브,ツァガーン デル ケーブ,查甘德尔凯夫,Пещера Цагаан Дель
182,1,Байгалийн үзэсгэлэнт газар,Цонжийн чулуу,Tsonjiin Rock,Дорноговь,Dornogovi,Дэлгэрэх,Delgerekh,45.98263,111.4363,Дэлгэрэх сумын төвөөс зүүн хойд зүгт 29 км зайтай оршино.,It is located 29 km northeast of the center of Delgereh soum.,https://www.dropbox.com/scl/fi/74k6g47rsw69mrd78v8t3/.jpg?rlkey=dmsxvi2ak8fqywq6qzgyqzh4v&raw=1,Tsonjiin Rock,ツォンジン岩,尊济岩,Цонджин Рок
183,1,Байгалийн үзэсгэлэнт газар,Эргэлийн зоо,Ergeliin Zoo,Дорноговь,Dornogovi,Хатанбулаг,Khatanbulag,43.31536,108.92646,"Эргэлийн зоо нь Дорноговь аймгийн Хатанбулаг сумын нутагт орших байгалийн өвөрмөц тогтоцтой, палеонтологийн олдвор ихтэй газар юм. Хатанбулаг сумын төвөөс баруун хойд зүгт 28 км зайтай оршино.",Ergel Zoo is a unique natural site with a rich collection of paleontological finds in the Khatanbulag soum of Dornogovi aimag. It is located 28 km northwest of the center of Khatanbulag soum.,https://www.dropbox.com/scl/fi/3efc6et96olx47qexb2x3/.jpg?rlkey=dp9qn3jfagnb8f5chgtdhmvsn&raw=1,에르겔린 동물원,エルゲライン動物園,埃尔格林动物园,Эргелийн зоо
184,3,Шашны дурсгалт газар,Өлгий хийдийн туурь,Ruins of Ulgii Monastery,Дорноговь,Dornogovi,Мандах,Mandakh,43.60132,108.20959,Мандах сумын төвөөс өмнө зүгт 120 км зайтай оршино.,It is located 120 km south of the center of Mandakh soum.,https://www.dropbox.com/scl/fi/d0syfee2v33builkrhn41/.jpg?rlkey=kkm3q85zz8vqe37ozpra2bjl3&raw=1,울기 수도원 유적,ウルギイ修道院の遺跡,乌尔吉修道院遗址,Руины монастыря Ульгий
185,3,Шашны дурсгалт газар,Жанчив Дэчинлэн хийд,Janchiv Dechinlen Monastery,Дорноговь,Dornogovi,Мандах,Mandakh,43.60289,108.2108,Мандах сумын төвөөс өмнө зүгт 120 км зайтай оршино.,It is located 120 km south of the center of Mandakh soum.,https://www.dropbox.com/scl/fi/lpzgnucpzcb3j5ropwztr/.jpg?rlkey=o24l1dx5dbr4qozyaxeu35xi5&raw=1,잔치브 데친렌 수도원,ジャンチウ・デチンレン僧院,詹奇夫·德钦伦修道院,Монастырь Жанчив Дечинлен
186,3,Шашны дурсгалт газар,Тугийн сүмийн туурь,Ruins of Tugiin Temple,Дорнод,Dornod,Булган,Bulgan,47.99356,113.42183,Чингс хааны хар сүлдийг тахадаг байсан сум Булаг сумын төвөөс баруун зүгт 30 км зайтай оршино.,The temple where Genghis Khan's black coat of arms was placed is located 30 km west of the center of Bulag soum.,"https://www.dropbox.com/scl/fi/l9m1znf9afhjp3tdrovv7/.jpg?rlkey=9vz0fkl2pl34im41tafs18iqf&raw=1,https://www.dropbox.com/scl/fi/epnb1whn3zcwj5q7h69tk/1.jpg?rlkey=et2x4adscuoh0wnjs7q5rvflu&raw=1",투긴 사원 유적,トゥギイン寺院の遺跡,图金寺遗址,Руины храма Тугиин
187,3,Шашны дурсгалт газар,Угтамын хийд,Ugtam Monastery,Дорнод,Dornod,Баяндун,Bayandun,49.28652,113.76981,Баяндун сумын төвөөс зүүн хойд зүгт 38 км зайтай оршино.,It is located 38 km northeast of the center of Bayandun soum.,https://www.dropbox.com/scl/fi/1e50i216vyas2cbqvobf2/.jpg?rlkey=hc0gwsgbq28sxsh28j2fb5hxt&raw=1,우그탐 사원,ウグタム修道院,乌格塔姆寺,Монастырь Угтам
188,1,Байгалийн үзэсгэлэнт газар,Хөх нуур,Khukh Lake,Дорнод,Dornod,Чойбалсан,Choibalsan,49.52508,115.58288,Далайн түвшнээс дээш 565 метр өндөрт орших Монгол улсын хамгийн нам дор газар,"The lowest point in Mongolia, at 565 meters above sea level",https://www.dropbox.com/scl/fi/0jedv0tbjmteljvtfpmho/.jpg?rlkey=x53f9tkwzg9sjghuneldmj0cp&raw=1,쿠크 호수,クフ湖,库赫湖,Озеро Хух
189,2,Түүхийн дурсгалт газар,Эртний хотын туурь,Ruins of an ancient city,Дорнод,Dornod,Чойбалсан,Choibalsan,49.36317,116.08702,Чулуунхороот сумын төвөөс зүүн өмнө  зүгт 65 км зайтай оршино. ,It is located 65 km southeast of the center of Chuluunkhoroot soum.,https://www.dropbox.com/scl/fi/a2pt6ikdkb1aj5lshwtvx/.jpg?rlkey=cs24lv88fr1o18sh7h4dpzphv&raw=1,고대 도시의 유적,古代都市の遺跡,古城遗址,Руины древнего города
190,2,Түүхийн дурсгалт газар,Алтач,Altach,Дорнод,Dornod,Цагаан-Овоо,Tsagaan-Ovoo,48.57129,113.55958,Цагаан-Овоо сумаас зүүн зүгт 26 км зайтай Алтачийн бүрд гэх газар алтан тэрэг булсан гэх домог бүхий газар юм.,"Altachi Burd, located 26 km east of Tsagaan-Ovoo soum, is a place where a legend says that a golden chariot was buried.",,알타크,アルタッハ,阿尔塔赫,Альтах
191,1,Байгалийн үзэсгэлэнт газар,Ар сүмийн хоолой,Ar Sumiin Khooloi,Дорнод,Dornod,Халхгол,Khalkhgol,46.876,119.753,"Хянганы нурууны ойт хээрээс Төв Азийн хуурай хээрт шилжих шилжилтийн онцлогийг харуулсан Нөмрөгийн дархан цаазат газрын жижиг гол горхины татмууд, бургасан шугуйт хөндий, ой бүхий бэсрэг уулс, уулс хоорондын нуга, намгархаг газар, элсэн манхан бүхий дов толгод, дэнж маягийн тал, нугачаануудтай байгалийн гайхамшигт тогтоц бүхий газар юм.","The Nomruk Reserve, which represents the transition from the forest-steppe of the Hyangan Mountains to the dry steppe of Central Asia, is a place of magnificent natural formations with small river valleys, willow-covered valleys, forested lowlands, intermountain meadows, wetlands, sand dune hills, terraced plains, and meadows.",https://www.dropbox.com/scl/fi/lfmmfak9w8m7bvkf1xca9/.jpg?rlkey=6qol7phzm8zujyb0c79umwaku&raw=1,아르 수미인 쿨로이,アル・スミイン・クーロイ,阿尔·苏米因·库洛伊,Ар Сумиин Холой
192,3,Шашны дурсгалт газар,Ар хамбын хийдийн туурь,Ruins of Ar Khamby Monastery,Дорнод,Dornod,Матад,Mathad,47.05824,115.05824,Матад сумын төвөөс баруун хойд 39.5 км зайтай оршино.,It is located 39.5 km northwest of the center of Matad soum.,https://www.dropbox.com/scl/fi/yhj90p8zhgjk178seuc5h/.jpg?rlkey=s32ez56hp8vp51h3udpuocum6&raw=1,아르캄비 수도원 유적,アル・カンビー修道院の遺跡,阿坎比寺遗址,Руины монастыря Ар Хамбын
193,2,Түүхийн дурсгалт газар,Арслан хадны зураг,Picture on Lion Rock,Дорнод,Dornod,Баяндун,Bayandun,49.05383,113.06099,Баяндун сумын төвөөс баруун урд зүгт 50 гаруй км зайтай оршино. ,It is located more than 50 kilometers southwest of the center of Bayandun soum.,https://www.dropbox.com/scl/fi/bdbcfghfmidcc4wrooy9n/.jpg?rlkey=8r55e91vmmv33yaglzzooq040&raw=1,라이언 록의 그림,ライオンロックに描かれた絵,在狮子岩上作画,Рисование на Львиной скале
194,1,Байгалийн үзэсгэлэнт газар,Бүүргэний цагаан нуур,White Lake of Burgen,Дорнод,Dornod,Баяндун,Bayandun,49.40431,113.25075,Баяндун сумын төвөөс баруун хойд зүгт 21 км зайтай далайн түвшнээс дээш 812 метрт байна. ,"It is located 21 km northwest of the center of Bayandun soum, at an altitude of 812 meters above sea level.",https://www.dropbox.com/scl/fi/fwwwrypl0m1b52vb27fdg/.jpg?rlkey=aaqqh78p2id8e75g54617s6xo&raw=1,부르겐의 백호수,バーゲンのホワイトレイク,布尔根白湖,Белое озеро Бурген
195,1,Байгалийн үзэсгэлэнт газар,Баян хангай,Bayan Khangai,Дорнод,Dornod,Матад,Mathad,46.86662,115.23547,Матад сумын төвөөс баруун өмнө зүгт 16 км зайтай оршино.,It is located 16 km southwest of the center of Matad soum.,https://www.dropbox.com/scl/fi/42fjk04l377lxemnd6rqr/.jpg?rlkey=21mzapgp7145gsb1za7h1tvg7&raw=1,바얀 항가이,バヤン・ハンガイ,巴彦康爱,Баян Хангай
196,2,Түүхийн дурсгалт газар,Бөмбөг дэлбэрсэн ул мөр,Bombing Trace,Дорнод,Dornod,Халхгол,Khalkhgol,47.70092,118.55413,Халх гол сумын төвөөс баруун хойд зүгт 11.5 км зайтай оршино.,It is located 11.5 km northwest of the center of Khalkh Gol soum.,https://www.dropbox.com/scl/fi/gsgpn9em1gn2y7x09w7ki/.jpg?rlkey=w9r5io2jfkliy8kndy493hjex&raw=1,폭격 흔적,爆撃跡,轰炸痕迹,След бомбардировки
197,1,Байгалийн үзэсгэлэнт газар,Буйр нуур,Buir Lake,Дорнод,Dornod,Халхгол,Khalkhgol,47.78282,117.68649,"Зүүн хойноос баруун урагш 40 километр,  өргөн нь 21 километр, эргийн шугамын урт 113 километр. Далайн түвшнээс дээш 581 метр өндөрт байна.","It is 40 kilometers long from northeast to southwest, 21 kilometers wide, and has a coastline of 113 kilometers. It is 581 meters above sea level.",https://www.dropbox.com/scl/fi/2wtqbzsx904fc14wj11wp/.jpg?rlkey=vic5ibyadhs65yjbv0wbloc5y&raw=1,뷰어 호수,ブイル湖,贝尔湖,Озеро Буир
198,3,Шашны дурсгалт газар,Бурхант хад,Burkhant Rock,Дорнод,Dornod,Баяндун,Bayandun,48.99143,113.40843,Баяндун сумын төвөөс зүүн өмнө зүгт 40 км зайтай оршино. ,It is located 40 km southeast of the center of Bayandun soum.,https://www.dropbox.com/scl/fi/hxy9qs3g7sfsv6xad58qk/.jpg?rlkey=vs5jg1oqbunjmk1o4g104ta1y&raw=1,부르칸트 록,ブルカント ロック,布尔坎特岩,Бурхант Рок
199,1,Байгалийн үзэсгэлэнт газар,Галуут нуур,Galuut Lake,Дорнод,Dornod,Чулуунхороот,Chuluunkhroot,49.75047,115.2769,Чулуунхороот сумын төвөөс баруун өмнө  зүгт 33 км зайтай оршино. ,It is located 33 km southwest of the center of Chuluunkhoroot soum.,https://www.dropbox.com/scl/fi/ifbivn3y9sw5cmbb9t5ei/.jpg?rlkey=8bfzz8ngbw5suowkouauwwv3o&raw=1,갈루트 호수,ガルート湖,加鲁特湖,Галуутское озеро
200,1,Байгалийн үзэсгэлэнт газар,Жирэмийн цагаан нуур Дорнод,White Lake of Jirem,Дорнод,Dornod,Чулуунхороот,Chuluunkhroot,49.58517,116.04255,Чулуунхороот сумын төвөөс зүүн өмнө  зүгт 43 км зайтай оршино. ,It is located 43 km southeast of the center of Chuluunkhoroot soum.,https://www.dropbox.com/scl/fi/rok0x8gykb855fdaug49z/.jpg?rlkey=s6udrbboaq21k6pdzndw9f2od&raw=1,지렘의 백호,ジレムの白い湖,吉里姆白湖,Белое озеро Джирем
201,1,Байгалийн үзэсгэлэнт газар,Гурваны нуур,Gurvan Nuur Lake,Дорнод,Dornod,Баянтүмэн,Bayantumen,48.18698,114.43628,Чойбалсан хотоос  хойд зүгт 14 км зайтай оршино. ,It is located 14 km north of Choibalsan city.,https://www.dropbox.com/scl/fi/5o7ozme53eaagtqymmahe/.jpg?rlkey=ridwfrggeb8cd3ia46s2xcq9w&raw=1,구르반 누르 호수,グルバン ヌール湖,古尔万努尔湖,Озеро Гурван Нуур
202,2,Түүхийн дурсгалт газар,Дандар баатрын хөшөө,Dandar Hero Statue,Дорнод,Dornod,Халхгол,Khalkhgol,47.70918,118.54864,Халх гол сумын төвөөс баруун хойд зүгт 12.5 км зайтай оршино.,It is located 12.5 km northwest of the center of Khalkh Gol soum.,https://www.dropbox.com/scl/fi/4bpuaacftuzici1n0wy3s/.jpg?rlkey=s4xm7yxub0wr00oahul37ij53&raw=1,단다르 영웅 동상,,丹达尔英雄雕像,Статуя героя Дандара
203,2,Түүхийн дурсгалт газар,Ерин баатрын хөшөө,90 Heroes Monument,Дорнод,Dornod,Халхгол,Khalkhgol,47.71165,118.56549,Халх гол сумын төвөөс баруун хойд зүгт 12.5 км зайтай оршино.,It is located 12.5 km northwest of the center of Khalkh Gol soum.,https://www.dropbox.com/scl/fi/6to146iakl05mibly8wip/.jpg?rlkey=mayarzwhpzro3d6qf3v0zz37s&raw=1,90인 영웅 기념비,90 人の英雄の記念碑,90英雄纪念碑,Памятник 90 героям
204,3,Шашны дурсгалт газар,Их бурхант,Ikh Burkhant ,Дорнод,Dornod,Халхгол,Khalkhgol,47.87385,118.45103,Халх гол сумын төвөөс баруун хойд зүгт 118 км зайтай оршино.,It is located 118 km northwest of the center of Khalkh Gol soum.,https://www.dropbox.com/scl/fi/jtnb3axgssaps5ww4yo60/.jpg?rlkey=a9i6jvl0bmdgxionnsl82n1bv&raw=1,이크 부르칸트,イク・ブルカント,伊克·布尔坎特,Их Бурхант
205,1,Байгалийн үзэсгэлэнт газар,Их газрын чулуу(Дорнод),Ikh Gazriin Chuluu(Dornod),Дорнод,Dornod,Баяндун,Bayandun,49.08071,113.13204,Баяндун сумын төвөөс баруун өмнө зүгт 53 км зайтай оршино. ,It is located 53 km southwest of the center of Bayandun soum.,https://www.dropbox.com/scl/fi/opev1oxzs763n936c5htb/.jpg?rlkey=ulb98ey8r5s24d0zy0nigzo2j&raw=1,이크 가즈린 출루우,イフ・ガズリン・チュルウ,伊赫·加兹林·楚鲁,Их Газриин Чулуу
206,1,Байгалийн үзэсгэлэнт газар,Сүмийн нуур,Sumiin Nuur Lake,Дорнод,Dornod,Гурванзагал,Gurvanzagal,49.12828,114.82616,Гурванзагал сумын төвөөс баруун урд зүгт 2.5 км зайтай оршино,It is located 2.5 km southwest of the center of Gurvanzagal soum.,https://www.dropbox.com/scl/fi/ht73u24c56lfbhjst9rrw/.jpg?rlkey=zakqq3gky7bqg440qvetepvqv&raw=1,수미인 누르 호수,スミイン・ヌール湖,苏米因努尔湖,Озеро Сумиин-Нур
207,2,Түүхийн дурсгалт газар,То вангийн хүүхдийн овоо,"The ""children's stone pile"" of To Wang",Дорнод,Dornod,Халхгол,Khalkhgol,47.86408,118.47193,Халх гол сумын төвөөс баруун хойд зүгт 116 км зайтай оршино.,It is located 116 km northwest of the center of Khalkh Gol soum.,https://www.dropbox.com/scl/fi/tr9z1kn6zi83pbebydief/.jpg?rlkey=9qvrqx3ogkgard6f2pgbfhcqj&raw=1,"토왕의 ""아이들의 돌무더기""",トー・ワンの「子供の石積み」,托王的“儿童石堆”,Детская груда камней То Вана
208,1,Байгалийн үзэсгэлэнт газар,Тэмээн уулын агуй,Temeen Uul Cave,Дорнод,Dornod,Баяндун,Bayandun,49.03687,113.28454,Баяндун сумын төвөөс зүүн хойд зүгт 27.5 км зайтай оршино.,It is located 27.5 km northeast of the center of Bayandun soum.,https://www.dropbox.com/scl/fi/b3bt3t7jg1gsoclisa7rd/.jpg?rlkey=8ttgiedjzrm9h1bo4fk97g0ai&raw=1,테민 울 동굴,テミーン・ウル洞窟,特明乌尔洞穴,Пещера Темеен Уул
209,1,Байгалийн үзэсгэлэнт газар,Утаат минчүүр рашаан,Utaat Minchuur Mineral Water,Дорнод,Dornod,Чойбалсан,Choibalsan,48.71666,115.08228,Чойбалсан хотоос  зүүн хойд зүгт 40 км зайтай оршино. ,It is located 40 km northeast of Choibalsan city.,,우타트 민츄르 미네랄 워터,ウタアト ミンチュール ミネラルウォーター,乌塔特明楚尔矿泉水,Минеральная вода Утаат Минчуур
210,2,Түүхийн дурсгалт газар,Хал голын ялалтын хөшөө,Khalkh River Victory Statue,Дорнод,Dornod,Халхгол,Khalkhgol,47.63496,118.59919,Халх гол сумын төвөөс баруун хойд зүгт 1.5 км зайтай оршино.,It is located 1.5 km northwest of the center of Khalkh Gol soum.,https://www.dropbox.com/scl/fi/s0xundmj4b39dmywlmw2o/.jpg?rlkey=8jol9wmxkbwfosbm03uvj5ous&raw=1,할크 강 승리 동상,ハルフ川の勝利の像,喀尔赫河胜利雕像,Статуя Победы на реке Халх
211,2,Түүхийн дурсгалт газар,Ханан хөшөө,Wall statue,Дорнод,Dornod,Халхгол,Khalkhgol,47.81996,118.53907,Халх гол сумын төвөөс баруун хойд зүгт 25.5 км зайтай оршино.,It is located 25.5 km northwest of the center of Khalkh Gol soum.,https://www.dropbox.com/scl/fi/mk26majj7g4b5ihj7t8ok/.jpg?rlkey=yle25n09adyoelklp8nt7ty9g&raw=1,벽 조각상,壁の彫像,壁像,Настенная статуя
212,2,Түүхийн дурсгалт газар,"Хувьсгалт цэргийн хөшөө, дурсгал",Revolutionary Soldier Monument,Дорнод,Dornod,Халхгол,Khalkhgol,47.73447,118.52768,Халх гол сумын төвөөс баруун хойд зүгт 16 км зайтай оршино.,It is located 16 km northwest of the center of Khalkh Gol soum.,https://www.dropbox.com/scl/fi/7cphqj20u0po4k36q82zw/.jpg?rlkey=ca3wlvpggqrt99fnmwc59g1gj&raw=1,혁명군 기념비,革命戦士記念碑,革命战士纪念碑,Памятник революционному солдату
213,2,Түүхийн дурсгалт газар,Хуягт машинт хөшөө,Armored vehicle statue,Дорнод,Dornod,Халхгол,Khalkhgol,47.72701,118.64149,Халх гол сумын төвөөс 16 км зайтай оршино.,It is located 16 km from the center of Khalkh Gol soum.,https://www.dropbox.com/scl/fi/k0uhaxuxudk13fufkxyie/.jpg?rlkey=cdk551hm7tw524ke8bv0mctzg&raw=1,장갑차 동상,装甲車両の像,装甲车雕像,Статуя бронемашины
214,1,Байгалийн үзэсгэлэнт газар,Хүрхрээ,Waterfall,Дорнод,Dornod,Халхгол,Khalkhgol,47.06976,119.13491,Халх гол сумын төвөөс зүүн өмнө зүгт 92 км зайтай Дэлгэр гол дээр оршино.,"It is located on the Delger River, 92 km southeast of the center of Khalkh Gol soum.",https://www.dropbox.com/scl/fi/fcgtkn6f3kdsohib2adf4/.jpg?rlkey=2o7x3zkxf4nmgreu06v91cuii&raw=1,폭포,滝,瀑布,Водопад
215,2,Түүхийн дурсгалт газар,Хэрлэн барс хотын туурь,Kherlen Bars Ruin,Дорнод,Dornod,Цагаан-Овоо,Tsagaan-Ovoo,48.05493,113.36421,Чойбалсан хотоос  баруун  зүгт 86 км зайтай оршино. ,It is located 86 km west of Choibalsan city.,https://www.dropbox.com/scl/fi/kany7yyxvs1nlovr3u00o/.jpg?rlkey=hfqm5fd6hyu3fhns2t0bftuoa&raw=1,케를렌 바 폐허,ヘルレン・バーズ廃墟,克鲁伦巴尔斯遗址,Херлен Барс Руины
216,1,Байгалийн үзэсгэлэнт газар,Цагаан нуур (Дорнод),Tsagaan Lake (Dornod),Дорнод,Dornod,Сэргэлэн,Sergelen,48.505,113.915,Сэргэлэн сумын төвөөс баруун зүгт 7.5 км зайтай оршино.,It is located 7.5 km west of the center of Sergelen soum.,https://www.dropbox.com/scl/fi/8fz1uyhpoyxlcsvjqr69g/.jpg?rlkey=7nltxbjiy1z2fodjczyxjahde&raw=1,차가안 호수,ツァガーン湖,查干湖,Озеро Цагаан
217,2,Түүхийн дурсгалт газар,Шонх таван толгой дахь хүн чулуун хөшөө,The Human Stone Statue at Shonkh Tavan Tolgoi,Дорнод,Dornod,Халхгол,Khalkhgol,47.96425,118.15927,Халх гол сумын төвөөс баруун хойд  зүгт 53 км зайтай оршино.,It is located 53 km northwest of the center of Khalkh Gol soum.,https://www.dropbox.com/scl/fi/nvrlwgbd5hduse8y0g1dv/.jpg?rlkey=8l8ac7y33lm64sw6zhnzfddmu&raw=1,쇼크 타반 톨고이의 인간 석상,ションク・タヴァン・トルゴイの人間の石像,尚克-塔万陶勒盖 的人体石像,Каменная статуя человека в Шонх Таван Толгое
218,2,Түүхийн дурсгалт газар,Яковлевийн танктай хөшөө,Monument to Yakovlev with a tank,Дорнод,Dornod,Халхгол,Khalkhgol,47.81355,118.54736,Халх гол сумын төвөөс баруун хойд зүгт 24.5 км зайтай оршино.,It is located 24.5 km northwest of the center of Khalkh Gol soum.,https://www.dropbox.com/scl/fi/bj2ayyhxb0fjqc6d1dsgt/.jpg?rlkey=7hu8t2t8jhn76istm2olqgnpw&raw=1,탱크가 있는 야코블레프 기념비,戦車のあるヤコブレフの記念碑,雅科夫列夫纪念碑，旁边是一辆坦克,Памятник Яковлеву с танком
219,1,Байгалийн үзэсгэлэнт газар,Яхь нуур,Yakh Lake,Дорнод,Dornod,Сэргэлэн,Sergelen,48.63701,114.42385,Сэргэлэн сумын төвөөс зүүн хойд зүгт 113 км зайтай оршино. Далайн түвшнээс дээш 660 метр өндөрт байна. ,It is located 113 km northeast of the center of Sergelen soum. It is 660 meters above sea level.,https://www.dropbox.com/scl/fi/1duyplb73djxg02237caa/.jpg?rlkey=td2mlv8dkd5yqh6q7vvb48tcn&raw=1,야크 호수,ヤク湖,雅克湖,Яхское озеро
220,1,Байгалийн үзэсгэлэнт газар,Сүмбэрийн цагаан нуур,Sumber White Lake,Дорнод,Dornod,Халхгол,Khalkhgol,47.57549,118.63437,Халх гол сумын төвөөс өмнө зүгт 6 км зайтай оршино.,It is located 6 km south of the center of Khalkhgol soum.,https://www.dropbox.com/scl/fi/qc9t7swm2cbc1zu8w5is4/.jpg?rlkey=zurap40d9016cpplqs1hnf4op&raw=1,섬버의 화이트 레이크,サンバーズ・ホワイト・レイク,萨姆伯白湖,Озеро Сумберин Цаган
221,1,Байгалийн үзэсгэлэнт газар,Нөмрөгийн дархан цаазат газар,Numrug Strictly Protected Area ,Дорнод,Dornod,Халхгол,Khalkhgol,46.81965,119.51112,Тус бүс нутагт Хянганы нурууны ойт хээрээс Төв Азийн хуурай хээрт шилжих шилжилтийн онцлогийг онгон төрхөөр нь үзэж танилцах боломжтой цорын ганц нутаг юм. Халх гол сумын төвөөс зүүн өмнө зүгт 80 км зайтай оршино.,t is the only place in the region where you can experience the transition from the forest-steppe of the Khyangan Mountains to the dry steppes of Central Asia in its pristine form.,https://www.dropbox.com/scl/fi/fjp4ystefqeg2dl8vzq92/.jpg?rlkey=51i7qmll21cjvc1nqta7rfn57&raw=1,누므루그 엄격보호구역,ヌムルグ厳重保護区,努姆鲁格严格保护区,Строго охраняемая территория Нумруг
222,1,Байгалийн үзэсгэлэнт газар,Дорнод Монголын дархан цаазат газар,Dornod Mongol Strictly Protected Area ,Дорнод,Dornod,Халхгол,Khalkhgol,46.63172,117.1023,"Төв Азийн хялганат хээрийн хэв шинжийг бүрэн харуулсан, онгон байдлаа хадгалж үлдсэн, цагаан зээрийн нүүдэллэх газар юм.","It is a pristine, pristine, and migratory place for the white-tailed deer, fully reflecting the rugged steppe nature of Central Asia.",https://www.dropbox.com/scl/fi/xx9o78zauisgkxdgdh8jh/.jpg?rlkey=fj1o3iptui3ei6gviui9iz4xu&raw=1,도르노드 몽골 엄격보호구역,ドルノドモンゴル厳重保護区,东蒙古严格保护区,Строго охраняемая территория Дорнод Монгол
223,1,Байгалийн үзэсгэлэнт газар,Вангийн цагаан уул,Vangiin Tsagaan Mountain,Дорнод,Dornod,"Халхгол, Матад","Khalkhgol, Matad",46.67105,116.99389,"Далайн түвшнээс дээш 1099 метр өргөгдсөн Халгол, Матад сумдын яг хийлийн зааг дээр оршино.","It is located right on the border of Khalgol and Matad sums, at an elevation of 1,099 meters above sea level.",https://www.dropbox.com/scl/fi/05zcy9v2xvy4g4g1bfhpm/.jpg?rlkey=lnuybqv4b7gzc5sf7v8tnntmt&raw=1,왕의 백산,王氏白山,王氏白山,Гора Вангин Цаган
224,2,Түүхийн дурсгалт газар,Гүн саваа цайз,Gun sawaa castle,Дорнод,Dornod,Сэргэлэн,Sergelen,48.58525,114.27681,Сэргэлэн сумын төвөөс зүүн хойд зүгт 20 км зайтай оршино.,It is located 20 km northeast of the center of Sergelen soum.,https://www.dropbox.com/scl/fi/yual6wi5h3q5qy67uwzhj/.jpg?rlkey=gm1xdqshmg7z1di8nrbuihno3&raw=1,군 사와 성,ガンサワア城,贡萨瓦城堡,Замок Ган Саваа
225,1,Байгалийн үзэсгэлэнт газар,Баруун баян нуур,Baruun Bayan Lake,Дорнод ,Dornod,Сэргэлэн,Sergelen,48.41029,114.07909,Сэргэлэн сумын төвөөс 15.5 км зайтай оршино.,It is located 15.5 km from the center of Sergelen soum.,https://www.dropbox.com/scl/fi/5axfiegi147d4455si1qa/.jpg?rlkey=doqxexv83l327b5ht9y8cto0j&raw=1,바룬 바얀 호수,バルウン バヤン湖,巴鲁恩巴彦湖,Озеро Баруун Баян
226,1,Байгалийн үзэсгэлэнт газар,Соёлз уулын модот хамар,Soyolz Uulyn Modot Khamar,Дорнод ,Dornod,Халхгол,Khalkhgol,46.722,119.931,Монгол улсын зүүн захын цэг.,The easternmost point of Mongolia.,https://www.dropbox.com/scl/fi/jwzs7v9zg1udyor5ybofq/.jpg?rlkey=vadf2uqqd96v5qym666a5iiyw&raw=1,소욜즈 울린 모도트 카마르,ソヨルズ・ウーリン・モドット・カマル,索约尔兹·乌林·莫多特·卡马尔,Сойолз Уулин Модот Хамар
227,1,Байгалийн үзэсгэлэнт газар,Халх гол,Khalkh River,Дорнод ,Dornod,Халхгол,Khalkhgol,47.78272,118.56445,"Их Хянганы нуруунаас эх авч, 233 километр урсаад Буйр нуурт цутгадаг. Хөлөнбуйрын дундуур урсаж Монголын газар нутагт орж ирээд, Дорнод аймгийн Халхгол сумын нутгаар урсдаг. Төгсгөл хэсэг нь хоёр салаалдаг бөгөөд нэг нь Буйр нуурын баруун хойд хэсэгт цутгана. Гэтэл нөгөө салаа нь  Буйр нуурын яг хойноос эх авч урсах Орчун голд нийлж явсаар хятадын Хөлөн нуурт цутгадаг.","It originates in the Great Khyangan Range and flows for 233 kilometers before emptying into Lake Buir. It flows through the Khulunbuir and enters Mongolian territory, flowing through the Khalkhgol ​​soum of Dornod aimag. Its final section branches into two, one of which flows into the northwest part of Lake Buir. The other branch, however, merges with the Orchun River, which originates just west of Lake Buir, and flows into Lake Hulon in China.",https://www.dropbox.com/scl/fi/ozty0529qzz0k2lfre1x4/.jpg?rlkey=vcvpxo4yzgjy99spav6gl8zgz&raw=1,칼크 강,ハルフ川,喀尔赫河,Река Халх
228,1,Байгалийн үзэсгэлэнт газар,Сүм хөх бүрд нуур,Sum Khukh Burd Lake,Дундговь,Dundgovi,Адаацаг,Adaatsag,46.15856,105.7575,Адаацаг сумын төвөөс өмнө зүгт 28 км зайтай оршино.,It is located 28 km south of the center of Adaatsag soum.,https://www.dropbox.com/scl/fi/eji3x4pjwadkvli2p4m2z/.jpg?rlkey=ayg28w1vt79x1b5sw3n1x3u1b&raw=1,숨 쿠크 부르드 호수,サム・クク・バード湖,萨姆库赫布尔德湖,Озеро Сум Хух Бурд 
229,2,Түүхийн дурсгалт газар,Сүм хөх бүрдийн туурь,Ruins of the Blue Burd Church,Дундговь,Dundgovi,Адаацаг,Adaatsag,46.16077,105.76005,Адаацаг сумын төвөөс өмнө зүгт 28 км зайтай оршино.,It is located 28 km south of the center of Adaatsag soum.,"https://www.dropbox.com/scl/fi/agxh8c298rcdbu3ovyxm1/.jpg?rlkey=a9b9l0bt7wqxyxnj9ruxwj0l2&raw=1,https://www.dropbox.com/scl/fi/0euizc4e8p6674h7htbmh/1.jpg?rlkey=2meoyzhtzs3kcipttwb4xfvjz&raw=1",블루 버드 교회 유적,青い鳥の教会の遺跡,蓝鸟教堂遗址,Руины церкви Сум Хух Бурд
230,1,Байгалийн үзэсгэлэнт газар,Бага газрын чулуу,Baga Gazryn Chuluu,Дундговь,Dundgovi,Дэлгэрцогт,Delgertsogt,46.20738,106.01798,Дэлгэрцогт сумын төвөөс баруун зүгт 37 км зайтай оршино. Ноён оргил нь далайн түвшнээс дээш 1768 метр өндөрт өргөгдсөн.,"It is located 37 km west of the center of Delgertsogt soum. Noyon Peak rises to an altitude of 1,768 meters above sea level.",https://www.dropbox.com/scl/fi/8gwf9lmmnpqvoo1h323ob/.jpg?rlkey=o57uprb5osq3xfj4ucygc8k7k&raw=1,바가 가즈린 출루우,バガ・ガズリン・チュルウ,巴加·加兹林·楚鲁,Бага Газрын Чулуу
231,1,Байгалийн үзэсгэлэнт газар,Баян борын улаан нуур,Bayan Boryn Ulaan Lake,Дундговь,Dundgovi,Баянжаргалан,Bayanjargalan,45.79595,108.51686,Баянжаргалан сумын төвөөс баруун зүгт 47 км зайтай оршино.,It is located 47 km west of the center of Bayanjargalan soum.,https://www.dropbox.com/scl/fi/kttuqyj2hd56jybxug2s7/.jpg?rlkey=q00iqz7s5ovar86sk7y9tvr3a&raw=1,바얀 보린 울란 호수,バヤン・ボリン・ウラーン湖,巴彦博林乌兰湖,Озеро Баян Борын Улаан
232,3,Шашны дурсгалт газар,Бурхантын агуй,Burkhantyn Cave,Дундговь,Dundgovi,Гурвансайхан,Gurvansaikhan,45.75759,107.2414,Гурвансайхан сумын төвөөс зүүн хойд зүгт 33 км зайтай оршино.,It is located 33 km northeast of the center of Gurvansaikhan soum.,,부르칸틴 동굴,ブルカンティン洞窟,布尔汉廷洞,Бурхантинская пещера
233,1,Байгалийн үзэсгэлэнт газар,Өвгөн хад,Old rock,Дундговь,Dundgovi,Гурвансайхан,Gurvansaikhan,45.74408,107.23306,Энэ хад Их газрын чулуунд байна.,This rock is in the Great Land of Stone.,https://www.dropbox.com/scl/fi/tlgq0p36u1pzmg02veis4/.jpg?rlkey=6tpae6sewxyqg7jfxkackw1ah&raw=1,오래된 바위,古い岩,老摇滚,Старый камень
234,3,Шашны дурсгалт газар,Дэлгэрийн хийд,Delger Monastery,Дундговь,Dundgovi,Дэлгэрцогт,Delgertsogt,46.14605,106.15184,Дэлгэрцогт сумын төвөөс баруун зүгт 16.5 км затай оршино.,It is located 16.5 km west of the center of Delgertsogt soum.,https://www.dropbox.com/scl/fi/103aysso5ijmnrf8dhi3o/.jpeg?rlkey=bppvcsm4f0yt6s903v6fji69x&raw=1,델거 수도원,デルガー修道院,德尔格修道院,Дельгерский монастырь
235,1,Байгалийн үзэсгэлэнт газар,Дэлгэрхангай уул,Delgerkhangai Mountain,Дундговь,Dundgovi,Дэлгэрхангай,Delgerkhangai,45.21458,104.72456,Дэлгэрхангай сумын төвөөс өмнө зүгт 6 км зайтай оршино. Ноён оргил нь далайн түвшнээс дээш 1913 метр өндөрт байх Тахилгын овоо юм.,"It is located 6 km south of the center of Delgerkhangai soum. The highest peak is Takhilgin Ovoo, which is 1913 meters above sea level.",https://www.dropbox.com/scl/fi/k1x9tfq7u13y7o8pgakpv/.jpg?rlkey=cn2z2342iag34herg429n6etc&raw=1,델게르항가이 산,デルゲルハンガイ山,德尔格汉爱山,Гора Дэлгерхангай
236,2,Түүхийн дурсгалт газар,Задгай театр,Open-Air Theater,Дундговь,Dundgovi,Гурвансайхан,Gurvansaikhan,45.73221,107.24992,Гурвансайхан сумын төвөөс зүүн хойд зүгт 39 км зайтай Их газрын чулууны өмнө хэсэгт оршино.,"It is located 39 km northeast of the center of Gurvansaikhan soum, south of the Great Stone.",https://www.dropbox.com/scl/fi/wl9o9isc0muvu0f5w2bhp/.jpg?rlkey=z7uxdxgt2zy70gssul99qs4ln&raw=1,야외극장,野外劇場,露天剧场,Театр под открытым небом
237,1,Байгалийн үзэсгэлэнт газар,Их газрын чулуу (Дундговь),Ikh Gazryn Chuluu (Dundgovi),Дундговь,Dundgovi,Гурвансайхан,Gurvansaikhan,45.75,107.248,Гурвансайхан сумын төвөөс зүүн хойд зүгт 39 км зайтай оршино.,It is located 39 km northeast of the center of Gurvansaikhan soum.,https://www.dropbox.com/scl/fi/zbpd07horxee2i5vdes7x/.jpeg?rlkey=mknlms2w9ctvcs3pmorucaikj&raw=1,이크 가즈린 출루우,イフ・ガズリン・チュルー,伊克·加兹林·楚鲁,Их Газрын Чулуу
238,1,Байгалийн үзэсгэлэнт газар,Ихрийн агуй,Ikhriin Cave,Дундговь,Dundgovi,Гурвансайхан,Gurvansaikhan,45.75596,107.23251,Гурвансайхан сумын төвөөс зүүн хойд зүгт 33 км зайтай оршино.,It is located 33 km northeast of the center of Gurvansaikhan soum.,,이크리인 동굴,イフリン洞窟,伊克林洞,Пещера Ихриин
239,1,Байгалийн үзэсгэлэнт газар,Мандалын нуур,Mandal Lake,Дундговь,Dundgovi,Сайнцагаан,Saintsagaan,45.67862,106.3295,Сайнцагаан сумын төвөөс зүүн өмнө зүгт 9.8 км зайтай оршино. ,It is located 9.8 km southeast of the center of Saintsagaan soum.,https://www.dropbox.com/scl/fi/419bn82tt4ququvb7mqdy/.jpg?rlkey=4n2gibkywcfujmojho0utgc60&raw=1,만달 호수,マンダル湖,曼达尔湖,Озеро Мандал
240,2,Түүхийн дурсгалт газар,Норовбанзадын гэрэлт хөшөө,Norovbanzad Statue,Дундговь,Dundgovi,Гурвансайхан,Gurvansaikhan,45.72508,107.22373,Гурвансайхан сумын төвөөс зүүн хойд зүгт 30 км зайтай оршино.,It is located 30 km northeast of the center of Gurvansaikhan soum.,https://www.dropbox.com/scl/fi/53pz81f4kpn4owwcu7qy4/.jpg?rlkey=rj3zvqbmugxc87823lebp7g29&raw=1,노로브반자드 동상,ノロフバンザド像,诺罗夫班扎德雕像,Статуя Норовбанзада
241,1,Байгалийн үзэсгэлэнт газар,Өөш манхан,Uush Mankhan,Дундговь,Dundgovi,Өлзийт,Ulziit,44.69511,107.06636,Өлзийт сумын төвөөс баруун хойд зүгт 65.7 км зайтай оршино.,It is located 65.7 km northwest of the center of Ulziit soum.,https://www.dropbox.com/scl/fi/c99vlyhtzhrlods523ud0/.jpg?rlkey=u78l177aqq2ouhqi4jvbduzg2&raw=1,우쉬 만칸,ウーシュ・マンカーン,乌什·曼汗,Ууш Манхан
242,1,Байгалийн үзэсгэлэнт газар,Босоо хэвтэйн агуй,Bosoo Khevtein Cave,Дундговь,Dundgovi,Өлзийт,Ulziit,44.5942,105.79318,Өлзийт сумын төвөөс баруун өмнө зүгт 70 км зайтай оршино.,It is located 70 km southwest of the center of Ulziit soum.,https://www.dropbox.com/scl/fi/v5cw5h8xgrsr5h5qpmm8c/.jpg?rlkey=icgfnjeilf5z50540driqtn5z&raw=1,보수 케브테인 동굴,ボソ・ケブテイン洞窟,博索赫夫坦洞穴,Пещера Босу Хевтейн
243,3,Шашны дурсгалт газар,Баруун билүүний хийдийн туурь,Ruins of the Western Biluun Monastery,Дундговь,Dundgovi,Өлзийт,Ulziit,44.44206,105.86621,Өлзйт сумын төвөөс баруун өмнө зүгт 80 км зайнд оршино. ,It is located 80 km southwest of the center of Ulzyt soum.,https://www.dropbox.com/scl/fi/txqlrlachskxeyedafdop/.jpg?rlkey=wmz9vtg61ovsh41nm6sneadf8&raw=1,서쪽 빌룬 사원 유적,西ビルーン修道院の遺跡,西比伦修道院遗址,Руины монастыря Западный Билуун
244,2,Түүхийн дурсгалт газар,Дэл уулын хадны зураг.,Rock painting of Del Mountain,Дундговь,Dundgovi,Өлзийт,Ulziit,44.45136,105.97602,Өлзйт сумын төвөөс баруун өмнө зүгт 70 км зайнд оршино. ,It is located 70 km southwest of the center of Ulzyt soum.,https://www.dropbox.com/scl/fi/57bgwt9y78hcdrdoxsnjo/.jpg?rlkey=buzdyab38w2odug5n85rj3eyu&raw=1,델 산의 암벽화,Deru yama no iwa e,德尔山岩画,Наскальные рисунки на горе Дель
245,3,Шашны дурсгалт газар,Сумийн туурь,Monastery Riun,Дундговь,Dundgovi,Дэлгэрцогт,Delgertsogt,46.20114,106.03453,Дэлгэрцогт сумын төвөөс баруун зүгт 28.6 км зайтай оршино.,It is located 28.6 km west of the center of Delgertsogt soum.,,수도원 리운,リウン修道院,留恩寺,Монастырь Риун
246,1,Байгалийн үзэсгэлэнт газар,Тоонот агуй,Toonot Cave,Дундговь,Dundgovi,Гурвансайхан,Gurvansaikhan,45.74232,107.21945,Гурвансайхан сумын төвөөс зүүн хойд зүгт 31 км зайтай оршино.,It is located 31 km northeast of the center of Gurvansaikhan soum.,https://www.dropbox.com/scl/fi/gslh8pvlxlr9exu95h5d9/.jpg?rlkey=7mf6g3wa2lv9rzply8uq8i9xp&raw=1,투놋 동굴,トゥーノット洞窟,图诺特洞穴,Пещера Тунот
247,1,Байгалийн үзэсгэлэнт газар,Умбын цагаан нуур,Umbiin Tsagaan Lake,Дундговь,Dundgovi,Цагаандэлгэр,Tsagaandelger,46.693,107.907,Цагаандэлгэр сумын төвөөс зүүн хойд зүгт 46.5 км зайтай оршино.,It is located 46.5 km northeast of the center of Tsagaandelger soum.,https://www.dropbox.com/scl/fi/tstjcinze3d2wnoz1r807/.jpg?rlkey=k1sn14awlj8ecleljvrzvomnx&raw=1,움비인 차강 호수,ウンビン・ツァガーン湖,翁比因查干湖,Озеро Умбиин Цагаан
248,1,Байгалийн үзэсгэлэнт газар,Хур харцагын тагт,Khur Khartsagyn Tagt,Дундговь,Dundgovi,Гурвансайхан,Gurvansaikhan,45.74389,107.21742,Гурвансайхан сумын төвөөс зүүн хойд зүгт 31 км зайтай оршино.,It is located 31 km northeast of the center of Gurvansaikhan soum.,https://www.dropbox.com/scl/fi/3df5brymmjzsxxxgk0nn8/.jpg?rlkey=so508zfegb6zpjlopoqxza45j&raw=1,쿠르 카르차긴 타그트,クール・ハルツァギン・タグト,库尔·哈察金·塔格特,Хур Харцагын Тагт
249,1,Байгалийн үзэсгэлэнт газар,Цагаан суварга,Tsagaan Suvarga,Дундговь,Dundgovi,Өлзийт,Ulziit,44.58982,105.78613,Өлзийт сумын төвөөс баруун өмнө зүгт  67.4 км зайтай оршино.,It is located 67.4 km southwest of the center of Ulziit soum.,https://www.dropbox.com/scl/fi/0djk4s8uwk8849h08cm2z/.jpeg?rlkey=13du2i1jukd8ein3anyjmzw9m&raw=1,차가안 수바르가,ツァガーン・スヴァルガ,查甘·苏瓦尔加,Цагаан Суварга
250,1,Байгалийн үзэсгэлэнт газар,Эхийн умай агуй,Ekhiin Umai Cave,Дундговь,Dundgovi,Гурвансайхан,Gurvansaikhan,45.74643,107.22528,Гурвансайхан сумын төвөөс зүүн хойд зүгт 32 км зайтай оршино.,It is located 32 km northeast of the center of Gurvansaikhan soum.,https://www.dropbox.com/scl/fi/fkkwmpums1xuswzop6eml/.jpg?rlkey=ifykfnizvlz4c6jt3ifarw0zp&raw=1,에키인 우마이 동굴,駅院うまい洞窟,埃克欣乌迈洞,Пещера Эхиин Умай
251,3,Шашны дурсгалт газар,Онгийн хийд,Ongi Monastery,Дундговь,Dundgovi,Сайхан-Овоо,Saikhan-Ovoo,45.33988,104.00429,Сайхан-Овоо сумын төвөөс зүүн өмнө зүгт 17 км зайтай оршино.,It is located 17 km southeast of the center of Saikhan-Ovoo soum.,https://www.dropbox.com/scl/fi/h4q2fs7a32hqkmqqpsabo/.jpg?rlkey=mvrp4pk3ula72r8bsybwv6cth&raw=1,옹 수도원,オング寺院,翁寺,Монастырь Онги
252,1,Байгалийн үзэсгэлэнт газар,Баянбулаг,Bayanbulag Spring,Дундговь,Dundgovi,Говь-Угтаал,Govi-Ugtaal,45.74105,107.36762,Говь-Угтаал сумын төвөөс баруун өмнө зүгт 42 км зайтай оршино.,It is located 42 km southwest of the center of Govi-Ugtaal soum.,https://www.dropbox.com/scl/fi/wpytmaj1a8teav6fis9dp/.jpg?rlkey=mwiw55k7pwh1deorh8851lhwq&raw=1,바얀불라그 샘,バヤンブラグの泉,巴彦布拉格泉,Источник Баянбулаг
253,1,Байгалийн үзэсгэлэнт газар,Бага нуур,Baga Lake,Завхан,Zavkhan,Эрдэнэхайрхан,Erdenekhairkhan,48.4217,95.95819,Улаагчийн хар нуураас баруун хойд зүгт 8 км зайтай оршино.,It is located 8 km northwest of Ulaagchig Black Lake.,https://www.dropbox.com/scl/fi/ix8tw03rh0ieyuxssu80v/.jpg?rlkey=yngqb4u4ljit2refulveypdmo&raw=1,바가 호수,バガ湖,巴加湖,Озеро Бага
254,1,Байгалийн үзэсгэлэнт газар,Баян нуур (Завхан),Bayan Lake (Zavkhan),Завхан,Zavkhan,Сантмаргац,Santmargats,48.45357,95.1251,"Нуурын өмнөд эрэг нь элсэрхэг тул илүүдэл ус үүгээр шүүгдэж, үүний ачаар цэнгэг устай байдаг ажээ. Баян нуур нь хэдийгээр бага талбайтай боловч Монголын цэнгэг уст нууруудаас эзлэхүүнээрээ 6-д жагсдаг Сантмаргац сумын төвөөс баруун урд зүгт 32 км зайтай оршино","The southern shore of the lake is sandy, which filters excess water, thereby providing it with fresh water. Bayan Lake, although small in area, is the sixth largest freshwater lake in Mongolia, located 32 km southwest of the center of Santmargats soum.",https://www.dropbox.com/scl/fi/k1zu1nu44nbp402dwo1fb/.jpg?rlkey=ebpoxls9coq0im0ewz9divo5f&raw=1,바얀 호수,バヤン湖,巴彦湖,Озеро Баян
255,1,Байгалийн үзэсгэлэнт газар,Бор хярын элс,Sands of Bor Khyara,Завхан,Zavkhan,"Сантмаргац, Завханмандал","Santmargats, Zavkhanmandal",48.39068,94.99093,"Ургамал сумын араар зүүн тийш үргэлжлэн Хүнгийн голыг даган хөвөөлдөг бөгөөд Баруун Монгол, Зүүн Монгол хэмээх хоёр ихэр уулын өмнө талд оршдог. Элсэн манханы нийт урт 180 орчим километр үргэлжлэх бөгөөд Эрдэнэхайрхан сумын хойгуур гарч Яруу сумын нутаг хүртэл тэлнэ. ","It continues eastward behind Urgamal soum, following the Khung River, and lies in front of the twin mountains of West Mongolia and East Mongolia. The total length of the sand dunes is about 180 kilometers, extending from the outskirts of Erdenekhairkhan soum to the territory of Yaruu soum.",https://www.dropbox.com/scl/fi/cerez4dc04e696qmsrjas/.jpg?rlkey=f08lba58hne7lq8z1ypbzh0f6&raw=1,보르키아라의 모래,ボル・キヤラの砂,博尔·凯亚拉的沙子,Пески Бор Хяра
256,1,Байгалийн үзэсгэлэнт газар,Бүст нуур,Bust Lake,Завхан,Zavkhan,Тэлмэн,Telmen,49.13976,97.48426,Тэлмэн сумын төвөөс хойд зүгт 60 км зайтай оршино.,It is located 60 km north of the center of Telmen soum.,https://www.dropbox.com/scl/fi/fcr18g97wbkngwxy6j7pv/.jpg?rlkey=m9wwnthre2p1dcidc0uagwclk&raw=1,버스트 레이크,バストレイク,胸围湖,Бюст-Лейк
257,1,Байгалийн үзэсгэлэнт газар,Дархан уул,Darkhan Mountain,Завхан,Zavkhan,Тосонцэнгэл,Tosontsengel,48.75248,98.25738,Далайн түвшнээс дээш 1871 метр өндөрт өргөгдсөн Дархан уулын зүүн хормойд Тосонцэнгэл сумын төв оршино.,"The center of Tosontsengel soum is located on the eastern slopes of Darkhan Mountain, which rises 1,871 meters above sea level.",https://www.dropbox.com/scl/fi/w3g0hraic6a6f8xe9uuj5/.jpg?rlkey=3e27f73gkmub7m1qynapc9hx2&raw=1,다르칸 산,ダルハン山,达尔汗山,Гора Дархан
258,1,Байгалийн үзэсгэлэнт газар,Даян уул,Dayan Mountain,Завхан,Zavkhan,Алдархаан,Aldarkhaan,47.61931,97.31346,Алдархаан сумын нутэгт Хөх нуурын баруун хажууд байна. ,It is located on the west side of Lake Khokh in Aldarkhaan soum.,https://www.dropbox.com/scl/fi/3g4ad3nue95uheedtmf9s/.jpg?rlkey=n7e91u3m3o3o67jnh8jh0abmc&raw=1,다얀 산,大岩,达彦山,Гора Даян
259,1,Байгалийн үзэсгэлэнт газар,Богдын голын хүрхрээ,Bogd River Waterfall,Завхан,Zavkhan,Алдархаан,Aldarkhaan,47.68649,97.20851,Улиастай хотоос зүүн урд зүгт 35 км зайтай орших Богдын голын үзэсгэлэнт хүрхрээ.,"A beautiful waterfall on the Bogd River, located 35 km southeast of the city of Uliastai.",https://www.dropbox.com/scl/fi/0osegblqn0jcjrrcxcohj/.jpg?rlkey=b0xfnc6rma2ce63zqamdcbwhr&raw=1,보그드 강 폭포,ボグド川の滝,博格德河瀑布,Водопад на реке Богд
260,2,Түүхийн дурсгалт газар,Богдын усан цахилгаан станц,Bogd Hydropower plant,Завхан,Zavkhan,Алдархаан,Aldarkhaan,47.68648,97.20733,Улиастай хотоос зүүн урд зүгт 35 км зайтай Богдын гол дээр байна.,"It is located on the Bogd River, 35 km southeast of the city of Uliastai.",https://www.dropbox.com/scl/fi/ec9uekp1jkbnmchbdtvtl/.jpg?rlkey=ktlie5w8em1gwktfyxle6w8el&raw=1,보그드 수력 발전소,ボグド水力発電所,博格德水电站,Гидроэлектростанция Богд
261,1,Байгалийн үзэсгэлэнт газар,Загастайн даваа,Zagastain Pass,Завхан,Zavkhan,Алдархаан,Aldarkhaan,48.071,97.167,"Энэ даваа нь далайн түвшнээс дээш 2500 метрийн өндөрт байх бөгөөд хамгийн хүнд хүнд, бэрхшээлтэй нөхцөлд тооцогддог.","This pass is at an altitude of 2,500 meters above sea level and is considered one of the most difficult and challenging.",https://www.dropbox.com/scl/fi/4ty0yf691twxljk6y64wu/.jpg?rlkey=ic73hh6wvdj3t84lorpbcuvg6&raw=1,자가스테인 고개,ザガステイン峠,扎加斯坦山口,Перевал Загастайн
262,3,Шашны дурсгалт газар,Яруугийн хүрээний туурь,"Ruins of the ""Yaruugi"" monastery",Завхан,Zavkhan,Алдархаан,Aldarkhaan,47.70123,96.62075,Улиастай хотоос баруун зүгт 17 км зайтай оршино.,It is located 17 km west of the city of Uliastai.,"https://www.dropbox.com/scl/fi/k9d2e350yr1wzfp9ilflw/.jpg?rlkey=1g0ab61obyh9j4dckzd5uzggi&raw=1,https://www.dropbox.com/scl/fi/shnv072fynfcp4c2hkxls/.jpg?rlkey=5isoebdiib1nvsepwzwdnumxw&raw=1","""야루기"" 수도원 유적",やるぎ寺の遺跡,亚鲁金寺遗址,Руины монастыря «Ярууги»
263,1,Байгалийн үзэсгэлэнт газар,Их хайрхан уулын агуй,Ikh Khairkhan Mountain Cave,Завхан,Zavkhan,Завханмандал,Zavkhanmandal,47.95112,94.98887,Завханмандал сумын төвөөс баруун үрд зүгт 55 км зайтай оршино.,It is located 55 km southwest of the center of Zavkhanmandal soum.,,익 카이르칸 산 동굴,イク・ハイルカン山の洞窟,伊赫海尔汗山洞,Горная пещера Их Хайрхан
264,1,Байгалийн үзэсгэлэнт газар,Мухартын гол,Mukhartyn River,Завхан,Zavkhan,Эрдэнэхайрхан,Erdenekhairkhan,48.20992,95.94611,Эрдэнэхайрхан сумын төвөөс зүүн  хойд зүгт 30 км зайтай оршино.,It is located 30 km northeast of the center of Erdenekhairkhan soum.,https://www.dropbox.com/scl/fi/2we6099yw7x7g2pk6a0fv/.jpg?rlkey=7qu5pssw7nwrsqz6d2wliyan6&raw=1,무크하틴 강,ムカルティン川,穆哈廷河,Река Мухартын
265,1,Байгалийн үзэсгэлэнт газар,Нарийн гол,Nariin River,Завхан,Zavkhan,Эрдэнэхайрхан,Erdenekhairkhan,48.23501,95.68979,Элсэн дороос эх аван урсдаг Хүнгүй голын эх юм.,"It is the source of the Hunguy River, which rises from under the sand.",https://www.dropbox.com/scl/fi/4ym67urgs2o2tx2q42o2d/.jpg?rlkey=jl4pjkmwa40voj52dinl03ooo&raw=1,나린강,ナリイン川,纳林河,Река Нариин
266,1,Байгалийн үзэсгэлэнт газар,Хүнгүй гол,Khungui River,Завхан,Zavkhan,Ургамал,Urgamal,48.45492,94.49216,"Завхан аймгийн Эрдэнэхайрхан, Завханмандал, Ургамал, Увс аймгийн Завхан сумдын нутгаар урсан Айраг нуурт цутгана. ","It flows through Erdenekhairkhan, Zavkhanmandal, and Urgamal soums of Zavkhan aimag and empties into Lake Airag.",https://www.dropbox.com/scl/fi/7aenpvs3i5bzbsr5at337/.jpg?rlkey=eg6v17fxl25lugw4xsuvq4ovg&raw=1,쿵구이 강,クングイ川,昆圭河,Khungui River
267,1,Байгалийн үзэсгэлэнт газар,Завхан гол,Zavkhan River,Завхан,Zavkhan,Отгон,"Otgon, Shiluustei, Aldarkhaan, Durvuljin",47.67928,94.87182,Хангайн нуруунаас эх аван 800 гаруй км урсан Айраг нуурт цутгана.,It originates in the Khangai Mountains and flows for more than 800 km into Lake Airag.,https://www.dropbox.com/scl/fi/k4zptctf3u1k1yjgkbjhq/.jpg?rlkey=yru1ora7kv8wuehgxu5i8ias0&raw=1,자브칸 강,ザブハン川,扎布汗河,Река Завхан
268,1,Байгалийн үзэсгэлэнт газар,Ногоон нуур Завхан,Nogoon Lake Zavkhan,Завхан,Zavkhan,Түдэвтэй,Tudevtei,49.11567,96.54695,Түдэвтэй сумын төвөөс хойд зүгт 15 км зайтай оршино.,It is located 15 km north of the center of Tudevtei soum.,https://www.dropbox.com/scl/fi/xpbo9wn3is4mk4l35sesm/.jpg?rlkey=hf9rxv28zzjhcldqedrhyzk0l&raw=1,노군 호수,ノグーン湖,诺贡湖,Озеро Ногун
269,1,Байгалийн үзэсгэлэнт газар,Ойгон нуур,Oigon Lake,Завхан,Zavkhan,Түдэвтэй,Tudevtei,49.16171,96.55832,"Далайн түвшнээс дээш 1664 метрийн өндөрт, Түдэвтэй сумын төвөөс хойд зүгт 18 км зайтай оршино.","It is located at an altitude of 1664 meters above sea level, 18 km north of the center of Tudevtei soum.",https://www.dropbox.com/scl/fi/1hy4qgoqo2kudolq35ar4/.jpg?rlkey=68ew5ecvqicgqht0r2vjyhmet&raw=1,오이곤 호수,オイゴン湖,奥伊贡湖,Озеро Ойгон
270,1,Байгалийн үзэсгэлэнт газар,Отгонтэнгэр хайрхан (3905м),Otgontenger Mountain (3905m),Завхан,Zavkhan,"Алдархаан, Отгон","Aldarkhaan, Otgon",47.607,97.551,"Төрийн тахилгат, далайн түвшнээс дээш 3905 метр өргөгдсөн Отгонтэнгэр хайрхан завхан аймгийн Отгон, Алдархаан сумдын нутгийг дамнан оршино. ","Otgontenger, a state monument and located at an altitude of 3,905 meters above sea level, is located across the territories of Otgon and Aldarkhaan soums of Khairkhan Zavkhan aimag.","https://www.dropbox.com/scl/fi/mchob9a9y4e0w80rnsa0b/.jpg?rlkey=42spp0xpoqi32bruag2h0c0xj&raw=1,https://www.dropbox.com/scl/fi/8vpz571v8ffbg9w6m3q6z/1.jpg?rlkey=l8n21txz0bpn89siwssh6wphq&raw=1",옷곤텡게르 산,オットゴンテンゲル山,奥特贡腾格山,Гора Отгонтенгер
271,1,Байгалийн үзэсгэлэнт газар,Сэнжит хад,Senjit Rock,Завхан,Zavkhan,Эрдэнэхайрхан,Erdenekhairkhan,48.21876,96.14979,"Улаагчин хар нуураас өмнө зүгт 25.5 км, Эрдэнэхайрхан сумын төвөөс зүүн хойд зүгт 60 км зайтай оршино. ",It is located 25.5 km south of Ulaagchin Black Lake and 60 km northeast of the center of Erdenekhairkhan soum.,https://www.dropbox.com/scl/fi/qi267rhzeae97wostp1o6/.JPG?rlkey=jmm178fnz08anf7f15vmyhe8v&raw=1,센짓 록,センジット ロック,森吉特摇滚,Сенджит Рок
272,1,Байгалийн үзэсгэлэнт газар,Тахилт нуур,Takhilt Lake,Завхан,Zavkhan,Нөмрөг,Numrug,48.80841,96.81075,Нөмрөг сумын төвөөс баруун өмнө зүгт 12 км зайтай оршино.,It is located 12 km southwest of the center of Nomrug soum.,https://www.dropbox.com/scl/fi/u4r76ze89e47h94xcec0m/.jpg?rlkey=df0hqasf2ohyyq83wboyw1v6p&raw=1,타힐트 호수,タキルト湖,塔克希尔特湖,Озеро Тахилт
273,1,Байгалийн үзэсгэлэнт газар,Тэлмэн нуур,Telmen Lake,Завхан,Zavkhan,"Нөмрөг, Тэлмэн","Numrug, Telmen",48.83135,97.29711,"Завхан аймгийн Нөмрөг, Тэлмэн сумдын заагт оршдог давстай нуур. Нууранд гурван арал байх ба нүүдлийн шувууд цуглардаг байна.",A salt lake located on the border of Nomrug and Telmen soums in Zavkhan aimag. There are three islands in the lake and migratory birds gather there.,https://www.dropbox.com/scl/fi/w29deml1kkt64fkuiw29v/.jpg?rlkey=qs0g4cyynavzm3q99yh2io3kf&raw=1,텔멘 호수,テルメン湖,泰尔门湖,Озеро Тельмень
274,1,Байгалийн үзэсгэлэнт газар,Тэсийн гол,Tes River,Завхан,Zavkhan,Баянтэс,"Bayantes, Tes",49.737,96.42438,Хөвсгөл аймгийн нутаг Булнайн нуруунаас эх аван 550 км урссаар Увс нуурт цутгадаг манай орны томоохон голуудын нэг юм.,"It is one of the largest rivers in our country, originating in the Bulnai Mountains in Khuvsgul aimag and flowing for 550 km into Uvs Lake.",https://www.dropbox.com/scl/fi/gh3wbhmougcqm0v4yotwt/.jpg?rlkey=8z91wmkgjt8g16yywhmyufpuo&raw=1,테스 강,テス川,特斯河,Река Тес
275,1,Байгалийн үзэсгэлэнт газар,Улаагчны хар нуур,Ulaagchny Khar Lake,Завхан,Zavkhan,Эрдэнэхайрхан,Erdenekhairkhan,48.356,96.064,"Эрдэнэхайрхан сумын төвөөс зүүн  хойд зүгт 80 км зайтай оршино. Далайн түвшнээс дээш 1980 метр, 24 км урт, 5-10 км өргөнтэй байна.","It is located 80 km northeast of the center of Erdenekhairkhan soum. It is 1980 meters above sea level, 24 km long, and 5-10 km wide.",https://www.dropbox.com/scl/fi/bgij251gfjrbulxy67h3z/.jpg?rlkey=qkjpzvqdp8iy0nck8hpwryz5e&raw=1,울라그치니 카르 호수,ウラークチヌイ・カール湖,乌拉赫尼卡尔湖,Озеро Улаагчны Хар
276,1,Байгалийн үзэсгэлэнт газар,Хаг нуур,Khag Lake,Завхан,Zavkhan,Яруу,Yaruu,48.06832,96.61838,Яруу сумын төвөөс баруун өмнө зүгт 10 км зайтай оршино.,It is located 10 km southwest of the center of Yaruu soum.,https://www.dropbox.com/scl/fi/hcz2a7u97l56getcnbfys/.jpg?rlkey=yh7gn6mo51zp7aelbefm6mnvh&raw=1,카그 호수,カグ湖,卡格湖,Озеро Хаг
277,1,Байгалийн үзэсгэлэнт газар,Их маргаз уул (2095м),Ikh Margaz Mountain (2095m),Завхан,Zavkhan,Сантмаргац,Santmajgats,48.64108,94.90661,Сантмаргац сумын төвөөс баруун зүгт 38 км зайтай оршино.,It is located 38 km west of the center of Santmargats soum.,https://www.dropbox.com/scl/fi/c5myzfvfipguoycdhr1a0/.jpg?rlkey=tgtsbibxg2inv2gm83mpkldsu&raw=1,이크 마르가즈 산,イフ・マルガズ山,伊赫马尔加兹山,Гора Икх Маргаз
278,1,Байгалийн үзэсгэлэнт газар,Бага маргаз уул (1750м),Baga Margaz Mountain (1750m),Завхан,Zavkhan,Сантмаргац,Santmajgats,48.57574,94.77167,Сантмаргац сумын төвөөс баруун зүгт 50 км зайтай оршино.,It is located 50 km west of the center of Santmargats soum.,https://www.dropbox.com/scl/fi/08k64ah47zv2yupqp9ud6/.jpg?rlkey=qxhad0qv6kmrqs1o0lpomh6sn&raw=1,바가 마르가즈 산,バガ・マルガズ山,巴加马尔加兹山,Гора Бага Маргаз
279,1,Байгалийн үзэсгэлэнт газар,Холбоо нуур,Kholboo Lake,Завхан,Zavkhan,Сантмаргац,Santmargats,48.58144,95.41892,Сантмаргац сумын төв Холбоо нуурын зүүн эрэгт оршино.,The center of Santmargats soum is located on the east bank of Lake Soyun.,https://www.dropbox.com/scl/fi/hv1brk4e443h8e5odbspv/.jpg?rlkey=mfg8d6tthf0xb2iydw1o26mai&raw=1,콜부 호수,コルブー湖,科尔布湖,Озеро Холбу
280,1,Байгалийн үзэсгэлэнт газар,Хөх нуур,Khukh Lake,Завхан,Zavkhan,Алдархаан,Aldarkhaan,47.60194,97.34937889,Аймгийн төвөөс зүүн урагш 46 км зайтай оршино.,It is located 46 km southeast of the provincial center.,https://www.dropbox.com/scl/fi/oh9wbfdxcuk7w771b560c/.jpg?rlkey=d7fx4iqptw549j0nxhehsqbun&raw=1,쿠크 호수,クク湖,库克湖,Озеро Хух
281,1,Байгалийн үзэсгэлэнт газар,Цэцэрлэгийн рашаан,Tsetserleg Mineral Water,Завхан,Zavkhan,Цагаанхайрхан,Tsagaankhairkhan,47.46124,97.33434,Цагаанхайрхан сумын төвөөс зүүн  зүгт 44 км зайтай оршино.,It is located 44 km east of the center of Tsagaankhairkhan soum.,,체체를렉 미네랄 워터,ツェツェルレグ ミネラルウォーター,采采勒格矿泉水,Минеральная вода «Цецерлег»
282,1,Байгалийн үзэсгэлэнт газар,Шорвог нуур,Shorvog Lake,Завхан,Zavkhan,Түдэвтэй,Tudevtei,49.10414,96.49586,Түдэвтэй сумын төвөөс хойд зүгт 16 км зайтай оршино.,It is located 16 km north of the center of Tudevtei soum.,https://www.dropbox.com/scl/fi/v6bw609unonaoha32kz4g/.jpg?rlkey=knqif3qbi8m97jf8ezyq5kozc&raw=1,쇼보그 호수,ショーヴォーグ湖,绍尔沃格湖,Озеро Шорвог
283,1,Байгалийн үзэсгэлэнт газар,Ялайт нуур,Yalait Lake,Завхан,Zavkhan,Нөмрөг,Numrug,48.85745,96.94641,Нөмрөг сумын төвөөс баруун өмнө зүгт 1.2 км зайтай оршино.,It is located 1.2 km southwest of the center of Nomrug soum.,https://www.dropbox.com/scl/fi/h11rdryi7wrr8yqi95731/.jpg?rlkey=h7mmqrvcmabgifqhvisza5xb3&raw=1,얄라이트 호수,ヤライト湖,亚莱特湖,Озеро Ялайт
284,2,Түүхийн дурсгалт газар,Айраг нуурын хиргэсүүр,Airag Nuuryn Khirgesuur,Завхан ,Zavkhan,Сонгино,Songino,48.986639,96.095,Айраг нуурын цогцолбор дурсгал нь манай улсын нутагт бүртгэгдсэн хамгийн том дугуй хүрээтэй хиргисүүр юм. Сонгино сумын төвөөс 16.4 км зайтай оршино.,The Airag Lake complex monument is the largest circular-framed khirgisur monument recorded in our country. It is located 16.4 km from the center of Songino soum.,https://www.dropbox.com/scl/fi/pm4ev6dztj5f7wspziop7/.jpg?rlkey=x4thjto5yqb7jxiprc1dafo85&raw=1,아이락 누린 키르게수르,アイラグ・ヌーリン・キルゲスール,艾拉格·努伦·基格苏尔,Айраг Нуурын Хиргесуур
285,2,Түүхийн дурсгалт газар,Айргийн хүүхний гозгор,Airgiin Khuukhnii Gozgor,Орхон,Orkhon,Жаргалант,Jargalant,49.013,104.536,Жаргалант сумын төвөөс зүүн тийш 7км зайд орших Айргийн гозгор гэдэг нүцгэн уулын өвөрт орших Хүннүгийн хожуу үеийн бүлэг дурсгал нь том жижиг нийлсэн 90 гаруй бүлэг дурсгал юм.,"Located 7 km east of the center of Jargalant soum, on the slopes of a bare mountain called Airgiin Gozgor, the Late Hunnic Period group of monuments consists of more than 90 large and small monuments.",https://www.dropbox.com/scl/fi/ckav32qdyhcs2oqlj1iy5/.jpg?rlkey=kih0pyvfzs256z6jm04n7h86s&raw=1,에어긴 쿠크니 고즈고르,エアギイン・クークニ・ゴズゴル,艾尔吉因·库赫尼·戈兹戈尔,Аиргийн Хуухний Гозгор
286,3,Түүхийн дурсгалт газар,Морины их шүтээн,The great idol of horses,Өвархангай ,Ovorkhangai,Тарагт,Taragt,46.16524,102.65879,Арвайхээр хотоос баруун өмнө зүгт 16.5 км зайтай оршино.,It is located 16.5  km eastwest of the center of Arvaikheer city.,https://www.dropbox.com/scl/fi/afcmm3irhrg9zrogjuwzx/.jpg?rlkey=lbpmgn33pphqqt57h2g4u3nd7&raw=1,말의 위대한 우상,馬の偉大な偶像,马的伟大偶像,Великий кумир лошадей
287,1,Байгалийн үзэсгэлэнт газар,Арц богдын нуруу,Arts Bogd Mountain,Өвөрхангай,Ovorkhangai,Богд,Bogd,44.55001,102.10914,"Арц богд уул нь Бага Богд уулын зүүн хоолойгоор зааглагдаж, баруун үзүүр нь Бага Богд уултай 20 гаруй километр газраар зөрсөн байдаг. Уулсын ар тал нь эгц, нилээд хадархаг говийн шинжтэй. Ноён оргил нь далайн төвшнөөс дээш 2477 метр өндөр Их баян уул.","The Arts Bogd Mountain is bordered by the eastern gorge of Baga Bogd Mountain, and its western tip is separated from Baga Bogd Mountain by more than 20 kilometers. The backside of the mountains is steep and rocky, with a typical Gobi style. The highest peak is Ikh Bayan Mountain, 2,477 meters above sea level.",https://www.dropbox.com/scl/fi/8n0embpk8yd8bjx4e92ld/.jpg?rlkey=uljr7guu3obclk7j6urgix9w3&raw=1,아트 보그드 마운틴,アーツ ボグド マウンテン,艺术博格德山,Гора Арц Богд
288,1,Байгалийн үзэсгэлэнт газар,Мянган ямаат уул (3263м),Myangan Yamaat Mountain (3263m),Өвөрхангай,Ovorkhangai,Баруунбаян-Улаан,Baruunbayan-Ulaan,44.92109,101.52892,Баруунбаян-Улаан сумын төвөөс зүүн өмнө зүгт 40 гаруй км зайтай оршино. ,It is located 40 kilometers southeast of the center of Baruunbayan-Ulaan soum.,https://www.dropbox.com/scl/fi/wpxwmrbino6d2u5yv0njz/.jpg?rlkey=tffyea3msswowpz4zsane8cvc&raw=1,천양산,サウザンド・ゴーツ・マウンテン,千羊山,Гора Тысячи Коз
289,1,Байгалийн үзэсгэлэнт газар,Богдын тэргүүн уул (3590м),Bogdyn Terguun Mountain (3590),Өвөрхангай,Ovorkhangai,Баруунбаян-Улаан,Baruunbayan-Ulaan,44.89674,101.57662,Бага богдын нурууны ноён оргил далайн түвшнээс дээш 3590 өндөрт өргөгдсөн уулюм. Баруунбаян-Улаан сумын төвөөс зүүн өмнө зүгт 40 гаруй км зайтай оршино. ,"The highest peak of the Baga Bogd mountain range is 3,590 meters above sea level. It is located more than 40 kilometers southeast of the center of Baruunbayan-Ulaan soum.",https://www.dropbox.com/scl/fi/gomxcrvrtyugwx95l0693/.jpeg?rlkey=lfuxgsny2iginpl7copptsw48&raw=1,보그딘 테르군 산,ボグディン・テルグーン山,博格丁·特尔根山,Гора Богдин Тергуун
290,1,Байгалийн үзэсгэлэнт газар,Зүүн богд уул (3419м),Zuun Bogd Mountain (3419m),Өвөрхангай,Ovorkhangai,Баруунбаян-Улаан,Barunubayan-Ulaan,44.85746,101.55007,"Баруунбаян-Улаан сумаас бага зэрэг зүүн урд зүгт, Баянхонгор аймгийн Богд сумаас зүүн урд зүгт, хоёр сумын хилийг дамнан оршдог хөвч уулс бөгөөд түүний ноён оргил нь Мянган Ямаат уул далайн түвшнээс дээш 3600 метр юм.","A mountain range located slightly southeast of Baruunbayan-Ulaan soum and southeast of Bogd soum of Bayankhongor aimag, straddling the border of the two soums, with its highest peak, Miangan Yamaat Mountain, at 3,600 meters above sea level.",https://www.dropbox.com/scl/fi/ta18sdhfhmo42eouejo72/.jpg?rlkey=fdqjv7w2vj0k9hduzdslmytvl&raw=1,주운 보그드 산,ズーン・ボグド山,祖恩博格德山,Гора Зуун Богд
291,2,Түүхийн дурсгалт газар,Буган чулуун хөшөө,Deer Stone,Өвөрхангай,Ovorkhangai,Бат-Өлзий,Bat-Olzii,46.77045,101.88678,"Бат-Өлзий сумын төвөөс баруун зүгт 19 км зайтай, Орхон голын өмнөхөн талд оршино.","It is located 19 km west of the center of Bat-Ulzii soum, just before the Orkhon River.",https://www.dropbox.com/scl/fi/psf5egifovugbjghlt0c7/.jpg?rlkey=kj6f4lvfyor223ur00z5s9a72&raw=1,사슴 돌,鹿石,鄂尔浑小瀑布,Олений камень
292,1,Байгалийн үзэсгэлэнт газар,Орхоны бага хүрхрээ,Orkhon Small Waterfall,Өвөрхангай,Ovorkhangai,Бат-Өлзий,Bat-Olzii,46.79513,101.94328,Орхон голын Улаан цутгалан хүрхрээнээс баруун хойд зүгт 1.8 км зайтай орших багавтар хүрхрээ.,A small waterfall located 1.8 km northwest of the Ulaan Chutkulan Waterfall on the Orkhon River.,https://www.dropbox.com/scl/fi/r47aiwvtneisuskqqj5wr/.JPG?rlkey=nq3oxxdzt6jduupi0jcvriapr&raw=1,오르혼 소폭포,オルホン小滝,鄂尔浑小瀑布,Малый водопад Орхон
293,1,Байгалийн үзэсгэлэнт газар,Орхоны хөндий,Orkhon Valley,Өвөрхангай,Ovorkhangai,Бат-Өлзий,Bat-Olzii,46.882,102.298,"Орхоны хөндий нь археологийн болон түүх соёлын олдвороор нэн баялаг бөгөөд YIII-IX зууны Уйгарын нийслэл Хар балгас, Монголын эзэнт гүрний нийслэл Хархорум хот, Төвхөн хийд зэрэг түүх соёлын дурсгалт газрууд оршиж байдаг.","The Orkhon Valley is very rich in archaeological and historical and cultural artifacts, and is home to historical and cultural monuments such as the ruins of the 13th-9th century Uyghur capital, Kharkhorum, the capital of the Mongol Empire, and the Tuvkhan Monastery.",https://www.dropbox.com/scl/fi/f00hn17cxkpqenbusgk9a/OrkhonValley.jpg?rlkey=235harstooqof0y1550lvgel8&raw=1,오르콘 밸리,オルホン渓谷,鄂尔浑河谷,Орхонская долина
294,1,Байгалийн үзэсгэлэнт газар,Таацын цагаан нуур,Taatsiin Tsagaan Lake,Өвөрхангай,Ovorkhangai,Баруунбаян-Улаан,Barunubayan-Ulaan,45.15632,101.47114,"Тус нуур нь ойр орчмын Бөөн цагаан, Адгийн цагаан, Орог нууруудын хамтаар ""Нууруудын хөндий"" гэдэг нэрээр Рамсарын ус, намгархаг газраар бүртгэгдсэн байдаг. Нүүдлийн шувууд хуран цугладаг Нууруудын хөндий нь ховордсон реликт цахлайн үржил явагддаг нутаг юм.","The lake, along with the nearby lakes Bön Tsagaan, Adgiin Tsagaan, and Orog, is registered as a Ramsar site and wetland under the name ""Valley of Lakes"". The Valley of Lakes, where migratory birds gather, is a breeding ground for the endangered relict gull.",https://www.dropbox.com/scl/fi/01lb9i66wyza3ik4sqijc/.webp?rlkey=06ve1n6jl57oo82ggv91umipk&raw=1,차아친 차강 호수,ツァーツィン・ツァガーン湖,查特辛查干湖,Озеро Таацин Цагаан
295,1,Байгалийн үзэсгэлэнт газар,Тамчийн хавцал Өвөрхангай,Tamch Canyon,Өвөрхангай,Ovorkhangai,Бат-Өлзий,Bat-Olzii,46.69451,101.48343,Бат-Өлзий сумын төмөөс баруун өмнө зүгт 67 км зайтай оршино. Эртний их хагарал галт уулын хүрмэн чулууг уулын голын ус зүссэнээс үүссэн маш сүрлэг гүн хавцал оршдог.,"Located 67 km southwest of the capital of Bat-Ulzii soum, it is a majestic deep canyon formed by the cutting of volcanic rocks by mountain rivers through an ancient rift.",https://www.dropbox.com/scl/fi/rk4g01pk9se19y16mqj5e/.jpg?rlkey=n2r2ajderkjtkle6isoajwijt&raw=1,탐치 캐년,タムチキャニオン,塔奇峡谷,Тамчский каньон
296,3,Шашны дурсгалт газар,Төвхөн хийд,Tuvkhen Monastery,Өвөрхангай,Ovorkhangai,Бат-Өлзий,Bat-Olzii,47.01312,102.2557,Бат-Өлзий сумын төвөөс зүүн хойд зүгт 40 гаруй  км зайтай оршино.Өндөр-Овоот буюу Шивээт-Улаан хэмээх аглаг ой модоор хүрээлэгдсэн асга хадтай өндөр уулын оройн байц хадны багавтар дэвсэг дээр оршдог. ,"It is located more than 40 kilometers northeast of the center of Bat-Ulzii soum. It is located on a small rocky ledge at the top of a high mountain with steep cliffs, surrounded by dense forests called Ondur-Ovoot or Shiveet-Ulaan.",https://www.dropbox.com/scl/fi/ht21g5hxs3dm4h5t7nufl/.jpg?rlkey=pvp9txle5b720runmt77whfgx&raw=1,투브켄 수도원,トゥフケン修道院,图夫肯修道院,Тувхенский монастырь
297,1,Байгалийн үзэсгэлэнт газар,Тэмээн чулуу,Camel Rock,Өвөрхангай,Ovorkhangai,Бат-Өлзий,Bat-Olzii,46.88041,102.34531,Бат-Өлзий сумын төвөөс зүүн хойд зүгт 10 км зайтай оршино.,It is located 10 km northeast of the center of Bat-Ulzii soum.,https://www.dropbox.com/scl/fi/tza7at34w1stbun79z9i6/.jpg?rlkey=wxtv8nr5bnwid75w5769v7b2t&raw=1,카멜 록,キャメルロック,骆驼岩,Верблюжья скала
298,1,Байгалийн үзэсгэлэнт газар,Улаан цутгалан хүрхрээ,Ulaan Tsutgalan Waterfall,Өвөрхангай,Ovorkhangai,Бат-Өлзий,Bat-Olzii,46.78721,101.96066,"Бат-Өлзий сумын төвөөс баруун зүгт 24 км зайтай оршино. Улаан гол Орхон голд цутгахад үүссэн 20 метр өндөр, 10 метр өргөнтэй хүрхрээ.","Located 24 km west of the center of Bat-Ulzii soum, it is a 20-meter-high and 10-meter-wide waterfall formed when the Ulaan River flows into the Orkhon River.",https://www.dropbox.com/scl/fi/bzle8horw889zv28tfkyw/.jpg?rlkey=wbw99b8sli8jqhw693xz3pdjx&raw=1,울란 쿳갈란 폭포,ウラン ツットガラン滝,乌兰楚嘎兰瀑布,Водопад Улаан Цутгалан
299,1,Байгалийн үзэсгэлэнт газар,Үүртийн тохой,Uurtiin Tokhoi,Өвөрхангай,Ovorkhangai,Хужирт,Khujirt,46.89038,102.41015,Хужирт сумын төвөөс баруун зүгт 29 км зайтай оршино.,It is located 29 km west of the center of Khujirt soum.,https://www.dropbox.com/scl/fi/1heaffcnqk32o0w9wlous/.jpg?rlkey=r2htavkn9zwro354tomhpyy3m&raw=1,우르틴 토호이,ウルティン・トコイ,乌尔廷·托科伊,Ууртин Тохой
300,1,Байгалийн үзэсгэлэнт газар,Хаяа нуур,Khaya Lake,Өвөрхангай,Ovorkhangai,Төгрөг,Tugrug,45.39761,102.82652,Төгрөг сумын төвөөс баруун өмнө зүгт 28 км дайтай оршино.,It is located 28 km southwest of the center of Togrug soum.,https://www.dropbox.com/scl/fi/t9b6x2wa0x45b9kwib6gy/.jpg?rlkey=jz3a25eyq5cyei6427y0f1bzo&raw=1,하야 호수,ハヤ湖,哈亚湖,Озеро Хайя
301,2,Түүхийн дурсгалт газар,Өргөө Анхны Нийслэл Хотын Буйр,Urga the First Capital City,Өвөрхангай,Ovorkhangai,Бүрд,Burd,47.15533,103.90961,Бүрд сумын төвөөс зүүн хойд зүгт 23 км зайтай Их Монгол уулын зүүн талд оршино. ,"It is located on the eastern side of Ikh Mongol Mountain, 23 km northeast of the center of Burd soum.",https://www.dropbox.com/scl/fi/j3tnynv7mn9ms1egcr9zn/.jpg?rlkey=l0arpgl76ev32mwtgxi1xs62s&raw=1,"우르가, 최초의 수도",最初の首都ウルガ,乌尔加，第一首都,Урга — первая столица
302,1,Байгалийн үзэсгэлэнт газар,Батхаан уул,Batkhaan Moutain,Өвөрхангай,Ovorkhangai,Бүрд,Burd,47.16473,104.15033,"Өвөрхангай, Төв аймгийн заагт орших далайн түвшнээс дээш 2117 метр өндөртэй уул.","Гора высотой 2117 метров над уровнем моря, расположенная на границе аймаков Увурхангай и Тув.",https://www.dropbox.com/scl/fi/2ng4vjpnkxde2uorcaao4/.jpg?rlkey=lkqg25pdv1ot4yxcz5j9xld2s&raw=1,바트칸 산,バトカン山,巴特汗山,Гора Батхан
303,2,Түүхийн дурсгалт газар,Монгол улсын төв цэг,Central point of Mongolia,Өвөрхангай,Ovorkhangai,Бүрд,Burd,46.8645,103.82988,Бүрд сумаас өмнө зүгт 16 км зайтай Өвөр хөшөөт гэх газарт Монгол улсын газарзүйн төв цэг оршино.Газарзүйч профессор Н.Шагдар 1979 онд тодорхойлсон бөгөөд чулуун овоогоор тэмдэглэснийг  хожим  суварга босгон  тохижуулжээ,"The geographical center of Mongolia is located at a place called Inner Monument, 16 km south of Burd sum. Geologist Professor N. Shagdar determined it in 1979 and marked it with a stone mound, which was later decorated with a stupa.",https://www.dropbox.com/scl/fi/acqvn9o426vi78zdm0gtv/.jpg?rlkey=5t5s4o576xboh3sa46b7635rb&raw=1,몽골의 중심점,モンゴルの中心地,蒙古中心点,Центральная точка Монголии
304,1,Байгалийн үзэсгэлэнт газар,Хүйсийн найман нуур,Khuisiin Naiman Lake,Өвөрхангай,Ovorkhangai,Уянга,Uyanga,46.53075,101.8223,Уянга сумын төвөөс баруун хойд зүгт 46 км зайтай оршино.,"It is located 46 km northwest of the center of Uyanga soum. There are eight lakes named Shireet, Mukhar, Khaliut, Bugat, Khaya, Shanaa Doroo, and Khuis, which are connected to each other by underground water veins. The lakes are separated from each other by a distance of 500 meters to 3.5 km. One of the eight lakes, Shanaa Lake, dries up in dry years and fills up in rainy years.",https://www.dropbox.com/scl/fi/y6xduvw57em293zfguhm0/.jpg?rlkey=4vrvx00ct7uhncpo9w6dgtgb0&raw=1,쿠이신 나이만 호수,クイシン・ナイマン湖,奎西因奈曼湖,Озеро Хуйсин Найман
305,1,Байгалийн үзэсгэлэнт газар,Хятрууны рашаан,Hyatruun Mineral Water,Өвөрхангай,Ovorkhangai,Уянга,Uyanga,46.55709,102.05391,Уянга сумын төвөөс баруун хойд зүгт 21 км зайтай оршино.,It is located 12 km northwest of the center of Uyanga soum.,https://www.dropbox.com/scl/fi/mcocjz4on0a2j840vpz2d/.jpg?rlkey=hhwbr5ft57v223igr5ad5rfak&raw=1,히아트룬 미네랄워터,ヒャトゥルーンミネラルウォーター,海特伦矿泉水,Минеральная вода Хятрун
306,1,Байгалийн үзэсгэлэнт газар,Шурангийн улаан цохио,Shurang's red cliff,Өвөрхангай,Ovorkhangai,Уянга,Uyanga,46.42179,101.99752,Уянга сумын төвөөс баруун зүгт 26 км зайтай оршино.,It is located 26 km west of the center of Uyanga soum.,https://www.dropbox.com/scl/fi/twovw9cwb7ln0ug0ieqrg/.jpg?rlkey=urgr70tinjy1kco3eyx2fw775&raw=1,슈랑의 붉은 절벽,レッドロックシュランガ,蜀郎的红崖,Красная скала Шуранга
307,1,Байгалийн үзэсгэлэнт газар,Цагаан голын хүрхрээ,Tsagaan Gol Waterfall,Өвөрхангай,Ovorkhangai,Бат-Өлзий,Bat-Olzii,46.896446,102.358281,Бат-Өлзий сумын төвөөс зүүн хойд зүгт 14.8 км зайтай оршино.,It is located 14.8 km northeast of the center of Bat-Ulzii soum.,,차가안 골 폭포,ツァガーンゴル滝,查干戈尔瀑布,Водопад Цагаан Гол
308,1,Байгалийн үзэсгэлэнт газар,Ширээт нуур,Shireet Lake,Өвөрхангай,Ovorkhangai,Уянга,Uyanga,46.52847,101.80968,Уянга сумын төвөөс баруун хойд зүгт 44 км зайтай оршино. Хүйсийн найман нуурын хамгийн том нуур бөгөөд далайн түвшнээс дээш 2470 мер өндөрт байна. ,"It is located 44 km northwest of the center of Uyanga soum. It is the largest of the eight lakes of Khuis and is 2,470 meters above sea level.",https://www.dropbox.com/scl/fi/1j0yi6on69lc0zrlggmvc/.jpg?rlkey=oeu52671zfyzjltgfoe05s6ze&raw=1,시리트 호수,シリート湖,希里特湖,Озеро Ширээт
309,2,Түүхийн дурсгалт газар,Бахархал морины шүтээн,Pride horse idol,Өвөрхангай,Ovorkhangai,Уянга,Uyanga,46.44715,102.27443,Уянга сумын баруун өмнө зүгт 1 км зайтай оршино.,It is located 1 km southwest of the center of Uyanga soum.,https://www.dropbox.com/scl/fi/4caopy5s72s83pbpy8r0j/.jpg?rlkey=427psrr7x15wxuzufne0wbqcj&raw=1,프라이드 호스 우상,プライドホースアイドル,骄傲的马偶像,Идол гордого коня
310,2,Түүхийн дурсгалт газар,Монголын түрүү моьдын дурсгал.,Mongolian Race Horse Champions Memorial,Өвөрхангай,Ovorkhangai,Бат-Өлзий,Bat-Ulzii,46.86775,102.22307,Бат-Өлзий сумын төвөөс баруун хойд зүгт 7 км зайтай оршино.,It is located 7 km northwest of the center of Bat-Ulzii soum.,https://www.dropbox.com/scl/fi/ut9o108hsuxcmcc78vhjx/.jpg?rlkey=imj7nkyxu8bmd33nxc20wfyt8&raw=1,몽골 경주마 챔피언 기념비,モンゴル競走馬チャンピオン記念,蒙古赛马冠军纪念赛,Мемориал чемпионов монгольских скаковых лошадей
311,1,Байгалийн үзэсгэлэнт газар,Эрхэтийн хавцал Өвөрхангай,Erkhet Canyon,Өвөрхангай,Ovorkhangai,Бат-Өлзий,Bat-Olzii,46.66681,101.50512,Бат-Өлзий сумын төмөөс баруун өмнө зүгт 65 км зайтай оршино.Эртний их хагарал галт уулын хүрмэн чулууг уулын голын ус зүссэнээс үүссэн маш сүрлэг гүн хавцал оршдог.,It is located 65 km southwest of the capital of Bat-Ulzii soum. It is a very majestic deep canyon formed by the cutting of volcanic rocks by mountain rivers during an ancient rift.,https://www.dropbox.com/scl/fi/3o01aaputsgli32qkzwrp/1.jpg?rlkey=vdrbstujipdphy8q1zblsno0w&raw=1,에르케트 협곡,エルケット渓谷,埃尔克赫特峡谷,Каньон Эрхет
312,1,Байгалийн үзэсгэлэнт газар,Онги гол,Ongi River,Өвөрхангай,Ovorkhangai,Зүүнбаян-Улаан,"Zuunbayan-Ulaan, Taragt, Bayangol",46.5006,102.5061,"Хангайн нурууны өврөөс эх аван ойт хээр, хээр, говийн бүсийг дамжин 435 км зам туулан өртөөлсөөр 175 км² талбай бүхий Монголын говийн экологийн тэнцвэрийг хадгалахад онцгой нөлөөтэй, нууруудын хөндийн хамгийн зүүн талын том нуур болох Улаан нуурыг бий болгодог.","Originating at the foot of the Khangai Mountains, it flows for 435 km through forest-steppe, steppe, and Gobi regions, forming the 175 km² Red Lake, the largest lake in the easternmost valley of the lakes, which has a special impact on maintaining the ecological balance of the Mongolian Gobi.",https://www.dropbox.com/scl/fi/wj2bz9tnefvflt2k5oteg/.jpg?rlkey=0dz5j3bu6z7c74s1lp6clot49&raw=1,온기 강,オンギ川,翁吉河,Река Онги
313,1,Байгалийн үзэсгэлэнт газар,Сангийн далай нуур Өвөрхангай,Sangiin Dalai Lake Ovorkhangai,Өвөрхангай,Ovorkhangai,Өлзийт,Ulziit,46.67427,103.3024,Өлзийт сумын төвөөс 19 км зайтай оршино.,It is located 19 km from the center of Ulziit soum.,https://www.dropbox.com/scl/fi/c596u1sxl8zwmwstwlo17/2.jpg?rlkey=up8bplpr70z1k4nws9ykf3kfd&raw=1,산이인 달라이 호수,サンギイン ダライ湖,桑吉因达赉湖,Озеро Сангиин Далай
314,3,Шашны дурсгалт газар,Шанхын хийд,Shankh Monastery,Өвөрхангай,Ovorkhangai,Хархорин,Kharkhorin,47.05133,102.95381,Хархорин сумын төвөөс зүүн урагш 22 км зайтай оршино.,It is located 22 km southeast of the center of Kharkhorin soum.,https://www.dropbox.com/scl/fi/psapjfkm5vgyju3kbev1v/.jpg?rlkey=28gar1rgjrt82izh0luyanshd&raw=1,샹크 수도원,シャンク僧院,香克寺,Монастырь Шанкх
315,3,Шашны дурсгалт газар,Эрдэнэ зуу хийд,Erdene Zuu Monastery,Өвөрхангай,Ovorkhangai,Хархорин,Kharkhorin,47.20165,102.84131,Хархорин сумын төвийн зүүн захад байрлана.,,https://www.dropbox.com/scl/fi/bnhjokqd8aativ0nryknx/.jpg?rlkey=l3n25y96tdspcnheutl30tx0p&raw=1,에르데네 주 수도원,エルデネ・ズー修道院,额尔德尼召寺,Монастырь Эрдэнэ-Зуу
316,1,Байгалийн үзэсгэлэнт газар,Хэлтгий цагаан нуур,Kheltgii Tsagaan Lake,Өвөрхангай,Ovorkhangai,Хархорин,Kharkhorin,47.30506,102.9572,Хархорин сумын төвөөс зүүн хойд зүгт 19 км зайтай оршино.,It is located 19 km northeast of the center of Kharkhorin soum.,https://www.dropbox.com/scl/fi/ebgb3ner5e5oca319v2y4/.jpeg?rlkey=tq9j4l0o958kc3q5w4xw34we4&raw=1,켈트기 차강 호수,ケルトギー・ツァガーン湖,赫尔特吉·察干湖,Озеро Кхелтги Цагаан
317,3,Шашны дурсгалт газар,Агуйтын хийдийн туурь,Ruins of Aguit Monastery,Өмнөговь,Omnogovi,Ханбогд,Khanbogd,42.58721,107.82796,"Ханбогд сумын төвөөс өмнө зүгт 118 км, улсын хилээс 16 км зайтай орших далайн түвшнээс дээш 1278 метр өргөгдсөн Агуйт уулын өмнө хормойд хуучны хийдийн туурь байна.","Located 118 km south of the center of Khanbogd soum and 16 km from the state border, on the slopes of Mount Aguit, which rises 1,278 meters above sea level, are the ruins of an ancient monastery.",https://www.dropbox.com/scl/fi/ilwtur8w0ws1j29hz9kd4/.jpg?rlkey=jjmydjsopk3ov3ubcxk3kr26q&raw=1,아구이트 수도원,アグイット修道院,阿吉特修道院,Агитский монастырь
318,1,Байгалийн үзэсгэлэнт газар,Баяжихын агуй,The Cave of Riches,Өмнөговь,Omnogovi,Ханбогд,Khanbogd,43.03289,107.0405,Ханбогд сумын төвөөс баруун өмнө зүгт 28 км зайтай оршино. ,It is located 28 km southwest of the center of Khanbogd soum.,https://www.dropbox.com/scl/fi/2375jhr7kkqrlojqnir5l/.jpg?rlkey=voravxhftemg6v26k1ioxoxgk&raw=1,보물의 동굴,富の洞窟,财富洞穴,Пещера богатств
319,1,Байгалийн үзэсгэлэнт газар,Баянзаг,Bayanzag ,Өмнөговь,Omnogovi,Булган,Bulgan,44.14024,103.72102,"Булган сумын төвөс зүүн хойд  зүгт 21 км зайтай оршино.Заг мод их ургадаг учраас Баянзаг гэж нэрлэгдсэн. Урдаас хойшоо чиглэлтэй сунаж тогтсон, өргөн нь 5 км, урт нь 8 км орчим.","It is located 21 km northeast of the center of Bulgan soum. It was named Bayanzag because of the abundance of sycamore trees. It stretches from south to north, is about 5 km wide, and 8 km long.",https://www.dropbox.com/scl/fi/1ylxx985p3603b9rgze9w/BayanzagCamp.jpg.jpg?rlkey=ij8ol0o3lejz564q3zb2m4736&raw=1,바얀자그,バヤンザグ,巴彦扎格,Баянзаг
320,3,Шашны дурсгалт газар,Бага модны хийдийн туурь,Ruins of Baga Modan Monastery,Өмнөговь,Omnogovi,Ханбогд,Khanbogd,42.75408,106.81793,Ханбогд сумын төвөөс баруун урд зүгт 85 км зайтай оршино.,It is located 85 km southwest of the center of Khanbogd soum.,https://www.dropbox.com/scl/fi/tsj16kbahsaeplxsp6np3/.jpg?rlkey=a1822qnh11a95q1fv9ltrsou1&raw=1,바가 모단 수도원 유적,バガ・モダン僧院の遺跡,巴嘎摩丹寺遗址,Руины монастыря Бага Модан
321,1,Байгалийн үзэсгэлэнт газар,Гурван зээрдийн агуй,Gurvan Zeerd Cave,Өмнөговь,Omnogovi,Ханбогд,Khanbogd,42.50542,107.44762,"Ханбогд сумын төвөөс зүүн өмнө зүгт 138 км, улсын хилээс 6 км зайтай далайн түвшнээс дээш 1100 метр өргөгдсөн Гурван зээрд уулын ар биед оршино. ","It is located 138 km southeast of the center of Khanbogd soum and 6 km from the state border, at an altitude of 1,100 meters above sea level, in the foothills of Gurvan Zeerd Mountain.",https://www.dropbox.com/scl/fi/1jsttie0gop37c12c87gs/.jpg?rlkey=efs7xi78wilmnhg5efeihebyg&raw=1,구르반 지르드 동굴,ガーバン・ゼアード洞窟,古尔万泽德洞穴,Пещера Гурван Зерд
322,1,Байгалийн үзэсгэлэнт газар,Гурван сайхан уул (2846м),Gurvan Saikhan Mountain (2846m),Өмнөговь,Omnogovi,Баяндалай,Bayandalai,43.63441,103.7794,Төрийн тахилгат уул (тодруулах),State sacred mountain ,https://www.dropbox.com/scl/fi/mtp949lmxis02rpktdjlh/.jpg?rlkey=xl6pmbgwi0foqx7yhl3s3zh3x&raw=1,구르반 사이칸 산,グルバン・サイハン山,古尔万赛汗山,Гора Гурван Сайхан
323,1,Байгалийн үзэсгэлэнт газар,Гэгээтийн ам,Gegeetiin Am,Өмнөговь,Omnogovi,Баяндалай,Bayandalai,43.84959,103.17353,Баяндалай сумын төвөөс баруун хойд зүгт 65 км зайтай оршино.,It is located 65 km northwest of the center of Bayandalai soum.,https://www.dropbox.com/scl/fi/ll4uiofcwb67qwe18vcle/.jpg?rlkey=152bbvzph2cvutbfzvn1w9y6x&raw=1,게게틴 암,ゲゲティン・アム,吉吉廷·阿姆,Гегеетийн Ам
324,1,Байгалийн үзэсгэлэнт газар,Дунд сайхан уул,Dund Saikhan Mountain,Өмнөговь,Omnogovi,Баяндалай,Bayandalai,43.639,103.771,Далайн түвшнээс дээш 2826 метр Баяндалай сумын төвөөс зүүн хойд зүгт 35км зайтай оршино. ,"It is located 35 km northeast of the center of Bayandalai soum, 2826 meters above sea level.",https://www.dropbox.com/scl/fi/x7qjlkgqhd6mmthdscgtk/.jpg?rlkey=qu5m6ifa1sk3pv1u89ls8dkqu&raw=1,던드사이칸산,ドゥンド サイハン山,敦德赛坎山,Гора Дунд Сайхан
325,3,Шашны дурсгалт газар,Дэмчогийн хийд,Demchog Monastery,Өмнөговь,Omnogovi,Ханбогд,Khanbogd,43.12814,107.12784,Ханбогд сумын төвөөс баруун өмнө зүгт 13 км зайтай оршино. ,It is located 13 km southwest of the center of Khanbogd soum.,https://www.dropbox.com/scl/fi/upuq5fc4ya717lz1u6ncj/1.jpg?rlkey=5b2xbk2xwwj7oq6idf9zn7zdk&raw=1,뎀초그 수도원,デムチョグ修道院,德姆秋寺,Демчогский монастырь
326,1,Байгалийн үзэсгэлэнт газар,Ёлын ам,Yolyn Am,Өмнөговь,Omnogovi,Ханхонгор,Khankhongor,43.48871,104.0669,Аймгийн төв Даланзадгад хотоос баруун өмнө зүгт 45 км зайтай оршино.,The provincial capital is located 45 km southwest of Dalanzadgad.,https://www.dropbox.com/scl/fi/rmsglr16tfdxcvcpbmbx2/.jpeg?rlkey=vzuc7fl59hoe90jicc0ifgkml&raw=1,욜린 암,ヨリン・アム,尤林·阿姆,Йолин Ам
327,1,Байгалийн үзэсгэлэнт газар,Зулганайн баян бүрд,Zulganai Oasis,Өмнөговь,Omnogovi,Гурвантэс,Gurvantes,43.58463,100.04577,Гурвантэс сумын төвөөс баруун хойд зүгт 100 шахам км зайтай оршино.,It is located almost 100 km northwest of the center of Gurvantes soum.,https://www.dropbox.com/scl/fi/agl0la3l66ggvxsmztgqp/.JPG?rlkey=zufm71langxg83jqi3qjzvppj&raw=1,줄가나이 오아시스,ズルガナイ オアシス,祖尔加奈绿洲,Зулганайский оазис
328,1,Байгалийн үзэсгэлэнт газар,Ловон чомбын агуй,Lovon Chomb Cave,Өмнөговь,Omnogovi,Ханбогд,Khanbogd,42.58842,107.82547,Ханбогд өмнө зүгт 118 км зайтай орших Агуйт ууланд олон агуй байдгийн хамгийн том нь юм. Хийдийн хойд хамар даваад ороход зүүн тийш харсан том хадан цохионы ёроолд  1170 м өндөрт оршдог. Тус агуй нь зүүн тийш харсан амтай ба амсарын хэмжээ 1.3 х 1м. ,"It is the largest of the many caves in Aguit Mountain, 118 km south of Khanbogd. It is located at an altitude of 1170 m at the bottom of a large cliff facing east when entering through the northern nose of the monastery. The cave has an east-facing mouth and the size of the mouth is 1.3 x 1 m.",https://www.dropbox.com/scl/fi/ak74fllai7ycwtyebu24l/.jpg?rlkey=v1h4zuc0l9amikzax7navmmej&raw=1,로본 촘 동굴,ロボンチョム洞窟,Lovon Chomb 洞穴,Пещера Ловон Чомбо
329,1,Байгалийн үзэсгэлэнт газар,Молцог элс,Moltsog Sand,Өмнөговь,Omnogovi,Булган,Bulgan,44.17498,103.99786,Булган сумын төвөөс зүүн хойд зүгт 45 км зайтай оршино.,It is located 45 km northeast of the center of Bulgan soum.,https://www.dropbox.com/scl/fi/3b3i33hwbod0fq1unapmb/.jpg?rlkey=ei9ehgdyb2id22ke0256jlb9m&raw=1,몰트소그 모래,モルツォグサンド,毛措沙,Мольцог Песок
330,1,Байгалийн үзэсгэлэнт газар,Нэмэгтийн хавцал,Nemegt Canyon,Өмнөговь,Omnogovi,Гурвантэс,Gurvantes,43.5,101.0634,Гурвантэс сумын төвөөс  хойд зүгт 60 км зайтай оршино.  Нэмэгт уул нь далайн түвшнээс дээш 2769 м өргөгдсөн. ,It is located 60 km north of the center of Gurvantes soum. Nemegt Mountain rises 2769 m above sea level.,https://www.dropbox.com/scl/fi/56cz4by4islw8rnnn12o6/.jpg?rlkey=duwp2lzxllh35k8irmezs9pho&raw=1,네메그트 캐년,ネメグト渓谷,内梅特峡谷,Каньон Немегт
331,3,Шашны дурсгалт газар,Сангийн далай хийд,Sangiin Dalai Monastery,Өмнөговь,Omnogovi,Номгон,Nomgon,42.84082,105.13946,1707 онд үндэс суурь нь тавигдсан энэхүү хийд Номгон сумын төвд оршино.,"This monastery, founded in 1707, is located in the center of Nomgon soum.",https://www.dropbox.com/scl/fi/2qjj84gvq9ekct00ogt6l/.jpg?rlkey=w8efss06nv4mt3utgk02criqg&raw=1,산이인 달라이 수도원,サンギイン ダライ僧院,桑吉达赖寺,Монастырь Сангиин Далай
332,1,Байгалийн үзэсгэлэнт газар,Хонгорын гол,Khongor River,Өмнөговь,Omnogovi,Сэврэй,Sevrei,43.77026,102.2699,Хонгорын элсний хойд талд Ар гангын булгаас эх аван урсана.,It originates from the Ar Gang spring on the north side of the Khongor sands.,https://www.dropbox.com/scl/fi/9t1e210dnervcprbjxtx1/1.jpeg?rlkey=zdui5bawuf9uu21179jbxrifg&raw=1,콩고르 강,ホンゴル川,洪戈尔河,Река Хонгор
333,1,Байгалийн үзэсгэлэнт газар,Ар гангын булаг,Ar Gang's spring,Өмнөговь,Omnogovi,Сэврэй,Sevrei,43.766,102.323,Сэврэй сумын төвөөс зүүн хойд зүгт 24 км зайтай оршино.,It is located 24 km northeast of the center of Sevrey soum.,https://www.dropbox.com/scl/fi/xs24iredtx3mne5du28k6/.jpeg?rlkey=1tsm37sd06m2s3ricxjql9nkw&raw=1,아르 강가 스프링,アル・ガンガ・スプリング,阿恒河泉,Родник Ар ганга
334,1,Байгалийн үзэсгэлэнт газар,Сэрүүн булаг,Cool spring,Өмнөговь,Omnogovi,Сэврэй,Sevrei,43.756,102.31,Сэврэй сумын төвөөс зүүн хойд зүгт 23 км зайтай оршино.,It is located 23 km northeast of the center of Sevrey soum.,https://www.dropbox.com/scl/fi/x4c1d3zjd17swzj9jate1/..jpg?rlkey=czs9vazntziszfn01e7v4vpsj&raw=1,시원한 봄,涼しい春,凉爽的泉水,Источник Прохладный
335,1,Байгалийн үзэсгэлэнт газар,Төгрөгийн ширээ,Tugrugiin Shiree,Өмнөговь,Omnogovi,Булган,Bulgan,44.30003,103.19997,Булган сумын төвөөс баруун хойд зүгт 43 км зайтай оршино. мөргөцөг бөгөөд өндөр нь 30-аад метр байдаг. Мөргөцөгийн хананд эртний үлэг гүрвэлийн яс цухуйж байдаг. Үлэг гүрвэлийн зулзаганы араг яс бүхий чулуужсан өндөгний олдворууд эндээс нилээд олджээ.,It is located 43 km northwest of the center of Bulgan soum. It is a mound and is about 30 meters high. Ancient dinosaur bones protrude from the walls of the mound. A large number of fossilized eggs with skeletons of dinosaur cubs have been found here.,https://www.dropbox.com/scl/fi/gcau7tax6dgo4btj7453g/.jpg?rlkey=p20axjj4g8avmzgqef91kd8og&raw=1,투그루긴 샤리,トゥグルギン・シリー,图格鲁吉因郡,Тугругин Шире
336,1,Байгалийн үзэсгэлэнт газар,Хавцгайтын хадны дурсгал,Khavtsgayt Rock Monument,Өмнөговь,Omnogovi,Булган,Bulgan,43.90411,103.5273,Булган сумын төвөөс өмнө зүгт 22 км зайтай оршино,It is located 22 km south of the center of Bulgan soum.,https://www.dropbox.com/scl/fi/qury0vjkui1bwx40q263h/.jpg?rlkey=w9c3jl31b11muepacot92jpmc&raw=1,카브츠가이트 암석 기념비,ハフツガイト岩石記念碑,哈夫茨盖特岩石纪念碑,Скальный монумент Хавцгайт
337,1,Байгалийн үзэсгэлэнт газар,Хонгорын элс,Sand of Hongor,Өмнөговь,Omnogovi,Сэврэй,Sevrei,43.725,102.37,"Сэврэй сумын төвөөс хойд зүгт 22.5 км зайтай орших Хонгорын элс Өмнөговь аймгийн Гурвантэс, Сэврэй, Баяндалай сумдын нутгийг дамнан 180 км үргэлжилэх бөгөөд 3-15 км өргөнтэй, 10-30 метр өндөртэй байна.","Located 22.5 km north of the center of Sevrey soum, the Khongor sand dunes extend for 180 km across the territories of Gurvantes, Sevrey, and Bayandalai soums of Umnugovi aimag, and are 3-15 km wide and 10-30 meters high.",https://www.dropbox.com/scl/fi/jtbvj8cgeiesvc7ldc6pf/.jpg?rlkey=46uq6vk2yf8fkmwdtafn8h5p3&raw=1,홍고르의 모래,ホンゴールの砂,香港沙,Песок Хонгора
338,1,Байгалийн үзэсгэлэнт газар,Хэрмэн цав,Khermen Tsav,Өмнөговь,Omnogovi,Гурвантэс,Gurvantes,43.49702,99.81429,"гурвантэс сумын төвөөс баруун хойд зүгт 125 км зайтай орших 10 гаруй км үргэлжилдэг ганга юм. Адаг хэсэгтээ 10 километр өргөн, зарим газартаа 100-200 метр гүн байдаг. Холоос харахад их хотын балгас мэт харагддаг.","It is a ravine that stretches for more than 10 kilometers, located 125 kilometers northwest of the center of the Suruntes soum. It is 10 kilometers wide at its widest point and 100-200 meters deep in some places. From a distance, it looks like the ruins of a large city.",https://www.dropbox.com/scl/fi/ysqs2iin11z0jzt1xaas7/.jpg?rlkey=uxisfqukwgpgeup1vkokhmrfr&raw=1,케르멘 차브,ヘルメン・ツァブ,克尔门察夫,Хермен Цав
339,1,Байгалийн үзэсгэлэнт газар,Эхийн умай хад,The Rock Called the Womb,Өмнөговь,Omnogovi,Ханбогд,Khanbogd,43.03061,107.04205,Ханбогд ууланд орших байгалийн өвөрмөц тогтоц.,A unique natural formation located in Khanbogd Mountain.,https://www.dropbox.com/scl/fi/xzxiu658f4lc8kwvpauy6/.jpg?rlkey=wj888wywcbl0hqqafbtymf0fm&raw=1,자궁이라 불리는 바위,子宮と呼ばれる岩,被称为子宫的磐石,"Скала, называемая утробой"
340,3,Шашны дурсгалт газар,Эрээтийн хийдийн туурь,Ruins of Eret Monastery,Өмнөговь,Omnogovi,Ханбогд,Khanbogd,43.14627,107.12411,Ханбогд ууланд орших эртний сүмийн үлдэгдэл.,Руины древнего храма на горе Ханбогд,https://www.dropbox.com/scl/fi/ut4nitcbwe8019bkc0jvp/1.jpg?rlkey=tym1a78gdvr7yuu5cvr2d680p&raw=1,에레트 수도원 유적,エレト修道院の遺跡,埃雷特修道院遗址,Руины монастыря Эрет
341,3,Шашны дурсгалт газар,Цагаан толгойн хийдийн туурь,Ruins of Tsagaan Tolgoi Monastery,Өмнөговь,Omnogovi,Ханбогд,Khanbogd,43.16665,107.15253,Ханбогд ууланд орших эртний сүмийн үлдэгдэл.,Руины древнего храма на горе Ханбогд,https://www.dropbox.com/scl/fi/y3k3ti91jhdzqlcpqrqro/1.jpg?rlkey=5tl8iko4utyw13m0bfdtdjbqr&raw=1,차강 톨고이 수도원 유적,ツァガーン トルゴイ修道院の遺跡,察干陶勒盖修道院遗址,Руины монастыря Цаган Толгой
342,1,Байгалийн үзэсгэлэнт газар,Бага булаг,Baga Bulag,Өмнөговь,Omnogovi,Ханбогд,Khanbogd,43.19258,107.12411,Ханбогд ууланд орших байгалийн өвөрмөц тогтоц.,A unique natural formation located in Khanbogd Mountain.,https://www.dropbox.com/scl/fi/jq31hxvzapvntxem5v1d9/.jpg?rlkey=cjk8hkn5jtg8s84s2ghu6j4vw&raw=1,작은 스프링,小さな春,小弹簧,Бага Булак
343,1,Байгалийн үзэсгэлэнт газар,Орвог гашууны бор толгой,Orvog Gashuuny Bor Tolgoi,Өмнөговь,Omnogovi,Номгон,Nomgon,41.581,105.007,Монгол улсын өмнөд цэг,The southernmost point of Mongolia,https://www.dropbox.com/scl/fi/79mi2ev8nv4pf52l462ym/.jpg?rlkey=ntqr4n5dbdx2th5eudua8r9g2&raw=1,오르보그 가슈니 보르 톨고이,オルヴォグ・ガシュニー・ボル・トルゴイ,奥尔沃格·加舒尼·博尔·托尔戈伊,Орвог Гашууни Бор Толгой
344,2,Түүхийн дурсгалт газар,Шар цав үлэг гүрвэлийн мөрт газар,Shar Tsav Dinosaur footprints,Өмнөговь,Omnogovi,Манлай,Manlai,43.57189,107.78863,Манлай сумын төвөөс зүүн өмнө зүгт 100 орчим км зайтай оршино. ,It is located about 100 km southeast of the center of Manlai soum.,https://www.dropbox.com/scl/fi/rtgzk4zz79kqtpw8cwlbr/.jpg?rlkey=1kbflte26v1nlj65tavd9ryxi&raw=1,샤르차브 공룡 발자국,シャー・ツァヴの恐竜の足跡,沙尔·察夫恐龙足迹,Следы динозавра Шар Цав
345,2,Түүхийн дурсгалт газар,Алтан-Овоо,Altan-Ovoo,Сүхбаатар ,Sukhbaatar,Дарьганга,Dariganga,45.31187,113.83578,Дарь-Овоо гэж нэрлэх нь ч бий. Дарьгангын галт уулсын нэг бөгөөд далайн төвшнөөс дээш 1354 метр өндөр. Дарьганга сумын төвийн дэргэд орших энэ уул нь Сүхбаатар аймгийн урд хэсгийн 6 суманд амьдардаг Дарьгангачуудын шүтэн биширдэг уул юм. XYII зууны үеэс нутгийнхан тахиж ирсэн бөгөөд 1913 оноос Богд хааны зарлигаар тахиж ирсэн.,"It is also called Dar-Ovoo. It is one of the volcanoes of Darganga and is 1354 meters above sea level. Located near the center of Darganga soum, this mountain is a mountain worshiped by the Darganga people living in 6 soums in the southern part of Sukhbaatar aimag. Locals have worshiped it since the XYII century, and since 1913, it has been worshipped by the decree of Bogd Khan.",https://www.dropbox.com/scl/fi/pxys1gtupx6ln0u8j8apn/.jpg?rlkey=2s1ly4w5vbkqxltyhnprwjptb&raw=1,알탄오부,アルタン・オヴォー,阿勒坦敖包,Алтан-Овоо
346,2,Түүхийн дурсгалт газар,Бичигт шахаа,Bichigt Shakhaa,Сүхбаатар ,Sukhbaatar,Дарьганга,Dariganga,45.57238,114.23953,"Дарьганга сумын төвөөс зүүн хойд зүгт 50 орчим км зайтай 40-өөд метр өндөр, 1 километр урт хадан хясаа байна. ","About 50 kilometers northeast of the center of Dariganga soum, there is a cliff about 40 meters high and 1 kilometer long.",https://www.dropbox.com/scl/fi/p25y63kt5lk9hldz5krvt/.jpg?rlkey=2eni3shc10ei4i12gn9xk777q&raw=1,비칙트 샤하,ビチグト・シャカ,比奇特·沙哈,Бичигт Шахаа
347,1,Байгалийн үзэсгэлэнт газар,Ганга нуур,Ganga Lake,Сүхбаатар ,Sukhbaatar,Дарьганга,Dariganga,45.268,113.984,Дарьганга сумын төвөөс зүүн урагш 12км зайтай далайн түвшнээс дээш 1294 метр өндөрт оршино. Цэнгэг уст Ганга нуурыг 21 булаг тэтгэн тэжээдэг байна.,"It is located 12 km southeast of the center of Dariganga soum at an altitude of 1,294 meters above sea level. The freshwater Ganga Lake is fed by 21 springs.",https://www.dropbox.com/scl/fi/68iw2k3uacqfhapzg6u6k/.jpg?rlkey=6h2r81c9nutj4nvh3spevjcax&raw=1,강가 호수,ガンガ湖,恒河湖,Озеро Ганга
348,1,Байгалийн үзэсгэлэнт газар,Дуут нуур (Сүхбааатар),Duut Lake (Sukhbaatar),Сүхбаатар ,Sukhbaatar,Дарьганга,Dariganga,45.30493,113.81081,Дарьганга сумын төвөөс 2 км зайтай оршино.,It is located 2 km from the center of Dariganga soum.,https://www.dropbox.com/scl/fi/f1dul704joa6qshjfn9nf/.jpeg?rlkey=o7r62ot6j0n0ng6pq5xfgzyam&raw=1,두트 호수,ダウト湖,杜特湖,Озеро Дуут
349,1,Байгалийн үзэсгэлэнт газар,Зотол хан уул (1375м),Zotol Khan Mountain (1375m),Сүхбаатар ,Sukhbaatar,Эрдэнэцагаан,Erdenetsagaan,45.82146,114.75256,Эрдэнэцагаан сумын төвөөс баруун урд зүгт 49 км зайтай оршино. ,It is located 49 km southwest of the center of Erdenetsagaan soum.,https://www.dropbox.com/scl/fi/kx3wffi04lng3740c0c9l/.jpg?rlkey=2hiw5nh5il0038f3rdd8c46xk&raw=1,조톨 칸 산,ゾトル・カーン山,佐托尔汗山,Гора Зотол Хан
350,2,Түүхийн дурсгалт газар,Ламтын хүн чулуун хөшөө,Stone statue of a monk,Сүхбаатар ,Sukhbaatar,Дарьганга,Dariganga,45.3306,114.44535,Дарьганга сумын төвөөс зүүн хойд зүгт 45 км зайтай Ламт уулын баруун хормойд 3 хүн чулуу байдаг.Эдгээрийг шаргал өнгийн элсэн чулуугаар уран гоёмсог сийлж хийсэн ба бүгд түшлэгтэй исэр сандалд сууж байгаа дүртэй.,"There are three human stones on the western slope of Lamt Mountain, 45 km northeast of the center of Dariganga soum. They are beautifully carved from yellow sandstone, and all depict people sitting on armchairs.",https://www.dropbox.com/scl/fi/73pl3ftzmdu3faww4way8/.jpeg?rlkey=z133rz8pu7ahk4dmtf0w2ly8f&raw=1,승려 석상,僧侶の石像,僧侣的石像,Каменная статуя монаха
351,1,Байгалийн үзэсгэлэнт газар,Талын агуй,Talyn Cave,Сүхбаатар ,Sukhbaatar,Дарьганга,Dariganga,45.48459,114.4858,"Шилийн богд уулаас баруун хойш 14 километрт оршино. Тэгшхэн талын уудам хөндийд тогтсон гурван тусдаа тасалгаатай агуй юм. Монгол орны агуйнуудаас хамгийн том төдийгүй хамгийн үзэсгэлэнтэй нь юм. Агуйн амаар босоо хүн багтахгүй учир бөхийж орно. Дөнгөж ормогц бараг эгц доошилдог. Агуйн нийт урт нь 240 метр, нийт багтаамж нь 10 мянган шоо метрээс илүү ажээ.","Shiliin Bogd is located 14 kilometers northwest of the mountain. It is a cave with three separate chambers located in a wide valley on a flat side. It is not only the largest but also the most beautiful of the caves in Mongolia. Since the mouth of the cave cannot fit a standing person, one has to bend down to enter. Once inside, it descends almost straight down. The total length of the cave is 240 meters, and the total capacity is more than 10 thousand cubic meters.",https://www.dropbox.com/scl/fi/mjpz6nzko24p0gv6m33px/.jpg?rlkey=nyt8hcm1ewklepu99dm3gz5bd&raw=1,탈린 동굴,タリン洞窟,塔林洞穴,Пещера Талин
352,2,Түүхийн дурсгалт газар,Торой бандийн хөшөө,Toroi Bandi Statue,Сүхбаатар ,Sukhbaatar,Дарьганга,Dariganga,45.28888,114.07431,Торой бандийн хөшөө Гангын цагаан овоон дээр Дарьганга сумын төвөөс зүүн зүгт 18 км зайтай байна. ,"The statue of Toroi Bandi is located on the Gangyin Tsagaan Ovoon, 18 km east of the center of Dariganga soum.",https://www.dropbox.com/scl/fi/022xjxb1nesahdxi8b7vl/.jpg?rlkey=gxauw6ocaxnx3nbyzgy3s79xc&raw=1,토로이 반디 동상,トロイ バンディ像,托罗伊·班迪雕像,Статуя Торои Банди
353,2,Түүхийн дурсгалт газар,Хөргийн хөндийн хүн чулуу,Khurgiin Khundii Khun Chuluu,Сүхбаатар ,Sukhbaatar,Дарьганга,Dariganga,45.55271,114.23294,Бичигтийн шахааны баруун доогуур урдаасаа хойш чиглэсэн их хөндийг “Хөргийн хөндий” гэдэг. Энд долоон хүн чулуу бий.,"The large valley running from south to north, below the Bichigt Shahaan, is called ""Khergiin Valley."" There are seven human stones here.",https://www.dropbox.com/scl/fi/agqjrc4lu4n6gputnpuuf/.jpg?rlkey=5e6uq2uahpyui12xojfnnaci4&raw=1,Khurgiin Khundii Khun Chuluu,クルギン・クンディ・クン・チュルー,库尔金·昆迪·昆楚鲁,Хургиин Хундии Хун Чулуу
354,1,Байгалийн үзэсгэлэнт газар,Шилийн богд уул (1778м),Shiliin Bogd Mountain (1778m),Сүхбаатар ,Sukhbaatar,Дарьганга,Dariganga,45.47241,114.58912,Дарьганга сумын төвөөс зүүн хойд зүгт 65 км зайтай оршино,It is located 65 km northeast of the center of Dariganga soum.,https://www.dropbox.com/scl/fi/wjrdv6n62kxqbed32zwrh/.jpg?rlkey=3l5z6phnt1sn1fimmrupairx9&raw=1,스리인복드산,シリイン・ボグド山,石林博格达山,Гора Шилиин Богд
355,1,Байгалийн үзэсгэлэнт газар,Оргихын булаг,Orgikh Spring,Сүхбаатар ,Sukhbaatar,Дарьганга,Dariganga,45.26659,113.99742,Ганга нуураас зүүн зүгт 200 орчим метр зайтай оршино. ,It is located about 200 meters east of Lake Ganga.,https://www.dropbox.com/scl/fi/pdy7wzsjdvmxdw69kgc69/.jpg?rlkey=snapm92a6e0fej9mh9xgab7yb&raw=1,오르기흐 스프링,オルギクの泉,奥尔吉赫之春,Источник Оргик
356,1,Байгалийн үзэсгэлэнт газар,Алгана нуур,Algana Nuur,Сэлэнгэ ,Selenge,Алтанбулаг,Altanbulag,50.28384,106.13694,Аймгийн төв Сүхбаатар хотоос баруун хойд зүгт  3.7 км зайтай оршино.,The provincial center is located 3.7 km northwest of Sukhbaatar city.,https://www.dropbox.com/scl/fi/a5o89ddfzwlae5y1olht9/.jpg?rlkey=ula9v2sybzmim4xphkayh6mvk&raw=1,알가나 호수,アルガナ湖,阿尔加纳湖,Озеро Алгана
357,2,Түүхийн дурсгалт газар,Алтанбулаг хувьсгалын өлгий,Altanbulag ,Сэлэнгэ ,Selenge,Алтанбулаг,Altanbulag,50.31665,106.49417,"Монгол, Орос, Хятад гурван улсын гэрээг 1918 онд баталж байсан. Ардын журамт цэргийн Түр засгийн газрын байшин, Хувьсгалын музей, Сүхбаатар жанжны журамт цэргийн штаб, банкны анхны байшин, Консулын байр, Шүүхийн анхны байр, Дөрвөлжин сүм зэрэг түүхийн олон дурсгалт байшин байгууламжууд байдаг.","The treaty between Mongolia, Russia, and China was ratified in 1918. There are many historical monuments, including the People's Revolutionary Army Provisional Government Building, the Revolutionary Museum, General Sukhbaatar's Revolutionary Army Headquarters, the first bank building, the Consulate Building, the first Court Building, and the Square Mosque.",https://www.dropbox.com/scl/fi/7ws4utb6miaexasw1pss6/.jpg?rlkey=s4b947rlkv21v1p3z566suylq&raw=1,알탄불라그,アルタンブラグ,阿勒坦布拉格,Алтанбулаг
358,3,Шашны дурсгалт газар,Амарбаясгалант хийдийн суварга,Amarbayasgalant Monastery stupa,Сэлэнгэ ,Selenge,Баруунбүрэн,Baruunburen,49.48293,105.08096,Амарбаясгалант хийдийн баруун хойно 350 метр зайтай оршино.,It is located 350 meters northwest of Amarbayasgalant Monastery.,https://www.dropbox.com/scl/fi/5uk7jedx19dw2m83dgfz0/.jpg?rlkey=wq7f2ihighro7mn9jrpttfkqi&raw=1,아마르바야스갈란트 수도원의 사리탑,アマルバヤスガラント修道院の仏塔,阿玛尔巴亚斯加兰特寺佛塔,Ступа монастыря Амарбаясгалант.
359,3,Шашны дурсгалт газар,Алтан будда,Golden Buddha,Сэлэнгэ ,Selenge,Баруунбүрэн,Baruunburen,49.48561,105.08488,Амарбаясгалант хийдийн баруун хойно 500 метр зайтай оршино.,It is located 500 meters northwest of Amarbayasgalant Monastery.,https://www.dropbox.com/scl/fi/0x5sersr33s7wa4lrhmh3/.jpg?rlkey=lppi7sw17usbdygkyf3amkgho&raw=1,황금불상,金色の仏像,金佛,Золотой Будда
360,3,Шашны дурсгалт газар,Амарбаясгалант хийд,Amarbayasgalant Monastery,Сэлэнгэ ,Selenge,Баруунбүрэн,Baruunburen,49.48013,105.08523,Бүрэнхаан уулын өвөрт Ивэн голын зүүн биед Баруунбүрэн сумын төвөөс зүүн хойд зүгт 49 км зайтай оршино. Монголын анхдугаар Богд Г.Занабазарm зориулсан хийдийг бариулахаар 1725 онд Манжийн эзэн хаан Энх-Амгалан зарлиг гаргаж улсын сангаас 10 түмэн лан мөнгө гаргажээ. 1726 онд Монголын олон уран дархчуул барилгын ажлыг эхлүүлж тоосго модоор барьж 1737 онд дуусгажээ.,"It is located 49 km northeast of the center of Baruunburen soum, on the left bank of the Iven River, in the foothills of the Burenkhan Mountain. In 1725, the Manchu emperor Enkh-Amgalan issued a decree to build a monastery dedicated to the first Bogd of Mongolia, G. Zanabazar, and allocated 10 thousand lacs of money from the state treasury. In 1726, many Mongolian craftsmen began construction work, building it with bricks and wood, and it was completed in 1737.",https://www.dropbox.com/scl/fi/r1nzu1k57853ols3bej6c/Amarbayasgalant.jpg.jpg?rlkey=eai1allyp5ose84ec5vl1th1v&raw=1,아마르바야스갈란트 수도원,アマルバヤスガラント修道院,阿玛尔巴亚斯加兰特修道院,Монастырь Амарбаясгалант
361,1,Байгалийн үзэсгэлэнт газар,Ишгэнт нуур,Ishgent Lake,Сэлэнгэ ,Selenge,Хушаат,Khushaat,49.62078,105.7612,Хушаат сумын төвөөс баруун өмнө зүгт 7 км зайтай Хутаг өндөр уулын зүүн өмнө  бэлд байна. ,"It is located on the southeastern slope of the Khutagh mountain, 7 km southwest of the center of Khushaat soum.",https://www.dropbox.com/scl/fi/6mroe2k9z68sui6o1dhfz/.jpg?rlkey=688wiot3hr6qc9yyyhbu3j5kr&raw=1,이슈겐트 호수,イシュゲント湖,伊什根特湖,Озеро Ишгент
362,1,Байгалийн үзэсгэлэнт газар,Орхон Сэлэнгийн бэлчир,Orkhon-Selenge Delta,Сэлэнгэ ,Selenge,Сүхбаатар,Sukhbaatar,50.25285,106.13636,Сэлэнгэ аймгийн төв Сүхбаатар хотын баруун талд байна.,The center of Selenge aimag is located to the west of Sukhbaatar city.,https://www.dropbox.com/scl/fi/3ln773ggoafaky4je6tet/.jpg?rlkey=gtuzobvlyfyxm0qobndsohl8c&raw=1,오르콘-셀렝 삼각주,オルホン・セレングデルタ,鄂尔浑-色楞三角洲,Дельта Орхон-Селенгe
363,1,Байгалийн үзэсгэлэнт газар,Сайханы хөтөл,Saikhany Khutul,Сэлэнгэ ,Selenge,Алтанбулаг,Altanbulag,50.30676,106.15252,Аймгийн төв Сүхбаатар хотоос 6 км зайтай оршино. ,It is located 6 km north of the provincial capital Sukhbaatar city.,https://www.dropbox.com/scl/fi/fffnz3mipclbiewu73gyi/.jpg?rlkey=p1ptgkyzzmz8cdry6zyc34tx0&raw=1,사이카니 쿠툴,サイハニー・クトゥル,赛罕尼呼图尔,Сайханы Хутул
364,1,Байгалийн үзэсгэлэнт газар,Төхмийн гүн нуур,Tukhmiin Gun Lake,Сэлэнгэ ,Selenge,Алтанбулаг,Altanbulag,50.262,106.61751,Алтанбулаг сумын төвөөс 10 км зайтай оршино. Далайн түвшнээс дээш 639 метр өндөрт байна.,It is located 10 km from the center of Altanbulag soum. It is 639 meters above sea level.,https://www.dropbox.com/scl/fi/36pox9vqmxxukkv2z9ps7/.jpg?rlkey=voezihp4p08fdf2jbnj54766w&raw=1,투크미인 군 호수,トゥクミン ガン湖,图赫敏贡湖,Озеро Тухмиин-Гун
365,1,Байгалийн үзэсгэлэнт газар,Тужийн нарс,Tujiin Nars,Сэлэнгэ ,Selenge,Алтанбулаг,Altanbulag,50.11,106.545,Алтанбулаг сумын төвөөс 25 км зайтай оршино.  65548.56 га талбайтай Төрийн тусгай хамгаалалт бүхий байгалийн цогцолборт газар. Далайн түвшнээс дээш 620 гаруй метрийн өндөрт орших хамгийн нам дор газрын нэг юм.,"It is located 25 km from the center of Altanbulag soum. It is a state-protected natural park with an area of ​​65,548.56 hectares. It is one of the lowest places in the country, at an altitude of more than 620 meters above sea level.",https://www.dropbox.com/scl/fi/laecpvb5m7y89m1zdoidj/.jpg?rlkey=usdvt7yx1i5gmp3te2i4y6n2h&raw=1,투지인 나스,トゥジン・ナールス,图金纳尔斯,Туджиин Нарс
366,1,Байгалийн үзэсгэлэнт газар,Ханын хөндий,Khanyn Khundii,Сэлэнгэ ,Selenge,Алтанбулаг,Altanbulag,50.29586,106.20477,Аймгийн төв Сүхбаатар хотоос хойд зүгт 6 км зайтай оршино.,The provincial center is located 6 km north of Sukhbaatar city.,https://www.dropbox.com/scl/fi/tddi4raa8kz4asm7c3qzy/.jpg?rlkey=dvfljrxvfupvs90hxuvlr27wm&raw=1,카닌 쿤디,カニン・クンディ,卡宁昆迪,Ханын Хундии
367,2,Түүхийн дурсгалт газар,Хүслийн ээж мод,Mother of desires tree,Сэлэнгэ ,Selenge,Шаамар,Shaamar,50.15353,106.20057,Шаамар сумын төвөөс хойд зүгт 9 км зайтай оршино.,It is located 9 km north of the center of Shaamar soum.,https://www.dropbox.com/scl/fi/7pxkkj7qf53f4dpw1s5ld/.jpg?rlkey=jjljyffjx6sbzcnqfe3gtow3v&raw=1,욕망의 어머니 나무,欲望の母の木,欲望之母树,Дерево Матери Желаний
368,1,Байгалийн үзэсгэлэнт газар,Цагаан нуур (Сэлэнгэ),Tsagaan Lake (Selenge),Сэлэнгэ ,Selenge,Цагааннуур,Tagaannuur,49.96229,105.35729,Цагааннуур сумын төвөөс баруун өмнө зүгт 15 км зайтай оршино.,It is located 15 km southwest of the center of Tsagaannuur soum.,https://www.dropbox.com/scl/fi/1r91pam2bqqocse1v2yri/.jpg?rlkey=sz91tgr7x8hoh3mi1plnt7ke1&raw=1,차강 호수,ツァガーン湖,查干湖,Озеро Цаган
369,1,Байгалийн үзэсгэлэнт газар,Товхон хан уул (1603м),Tovkhonkhan Mountain (1603m),Сэлэнгэ ,Selenge,Цагааннуур,Tagaannuur,49.94754,105.03382,Цагааннуур сумын төвөөс баруун өмнө зүгт 36 км зайтай оршино.,It is located 36 km southwest of the center of Tsagaannuur soum.,https://www.dropbox.com/scl/fi/iad5xjqzpelipegpsqbma/.png?rlkey=zq2m5u8kxxlvxgv7tby79d460&raw=1,토브혼칸 산,トヴコンハン山,托夫洪汗山,Гора Товхон Хан
370,3,Шашны дурсгалт газар,Номун хааны хүрээний туурь,Ruins of Nomun Khan Monastery,Сэлэнгэ ,Selenge,Цагааннуур,Tagaannuur,49.91285,105.12606,Цагааннуур сумын төвөөс баруун өмнө зүгт 30 км зайтай оршино.,It is located 30 km southwest of the center of Tsagaannuur soum.,https://www.dropbox.com/scl/fi/ay6wa2j4fo7djfxr0hlet/.jpg?rlkey=cji93dqyt6g8lxvbiq2n4gwgj&raw=1,노문 칸 수도원 유적,ノムン・ハーン修道院の遺跡,诺蒙汗寺遗址,Руины монастыря Номун Хан
371,1,Байгалийн үзэсгэлэнт газар,Соронзон хад,Magnetic Rock,Сэлэнгэ ,Selenge,Хүдэр,Khuder,49.68754,107.24317,Хүдэр сумын төвөөс баруун өмнө зүгт 107 км зайтай оршино.,It is located 107 km southwest of the center of Khuder soum.,https://www.dropbox.com/scl/fi/vi7u7gc7tlemz2orjkv4y/.jpg?rlkey=o16l376dw3ftqco9vqyk9fx3y&raw=1,자성 암석,磁性岩石,磁性岩石,Магнитная порода
372,1,Байгалийн үзэсгэлэнт газар,Ерөөгийн халуун рашаан,Yeroo Hot Springs,Сэлэнгэ ,Selenge,Ерөө,Eruu,49.01856,107.54415,Улаанбаатар хотоос зүүн хойд зүгт 300 км зайтай оршино. ,It is located 300 km northwest of the Ulaanbaatar city.,https://www.dropbox.com/scl/fi/9c7muwuhwv2pkx4rnb76s/1.jpg?rlkey=x9hb1lw21yhioo6wf0q367ikn&raw=1,여루 온천,イェルー温泉,耶鲁温泉,Горячие источники Йероо
373,1,Байгалийн үзэсгэлэнт газар,Шарын цагаан нуур,Sharyn Tsagaan Lake,Сэлэнгэ ,Selenge,Жавхлант,Javkhlant,49.65105,106.04493,Жавхлант сумын төвөөс баруун өмнө зүгт 22 км зайтай оршино.,It is located 22 km southwest of the center of Javkhlant soum.,https://www.dropbox.com/scl/fi/krxyio7hri57yu0bbgu5e/1.jpg?rlkey=pzcqz51sj6x6tdhxbaeuu3e21&raw=1,샤린 차강 호수,シャリン・ツァガーン湖,莎琳·察干湖,Озеро Шарин Цагаан
374,1,Байгалийн үзэсгэлэнт газар,Ноён уул (1759м),Noyon Mountain (1759m),Сэлэнгэ ,Selenge,Мандал,Mandal,48.66931,106.58813,Төрийн тахилгат уул,State sacred mountain,https://www.dropbox.com/scl/fi/hl67aksw6hi5ri3zlqww0/.jpg?rlkey=jrj8r2vn8rffgp82yxg5ev28t&raw=1,노용산,ノヨン山,诺永山,Гора Нойон
375,1,Байгалийн үзэсгэлэнт газар,Ходоодны рашаан ,Stomach spa,Сэлэнгэ,Selenge,Мандал,Mandal,48.82672,106.56078,Мандал сумын төвөөс зүүн өмнө зүгт 9 км зайтай оршино.,It is located 9 km southeast of the center of Mandal soum.,,복부 스파,胃のスパ,胃部水疗,Желудочный спа
376,1,Байгалийн үзэсгэлэнт газар,Жирэмийн цагаан нуур Төв,Jiremiin Tsagaa Lake,Төв,Tuv,Аргалант,Argalant,47.93282,106.087671,Аргалант сумын төвөөс баруун зүгт 15 км зайтай оршино.,It is located 15 km west of the center of Argalant soum.,https://www.dropbox.com/scl/fi/3aiwa265sauopw1ff63te/.jpg?rlkey=an05pm7yj5vxdao7yrmi4apva&raw=1,지르민 차가 호수,ジルミン・ツァガー湖,吉尔明·察加湖,Озеро Джирмин цагаан
377,3,Шашны дурсгалт газар,Аглаг бүтээлийн хийд,Aglag Buteel Monastery,Төв,Tuv,Борнуур,Bornuur,48.45009,106.12307,"УБ хотоос баруун хойш 99 км,  Борнуур сумын Нарт багийн “Далын ам” хэмээх газарт оршдог. Тус ам байгаа уулыг Гарьд хэмээнэ.Үндэслэн байгуулагч нь ард олноо “бурханч лам” хэмээн алдаршсан Г.Пүрэвбат бөгөөд энэхүү сүмийг “Өлзийг бадруулагч хийд орон” болно хэмээсэн байдаг.","It is located 99 km northwest of UB city, in the Nart Bag of Bornuur soum, in a place called “Dalyn am”. The mountain where the mouth is located is called Gard. The founder was G. Purevbat, who was popularly known as “Burkhanch Lama”, and this temple was said to be “a monastery that will bring forth the harvest”.",https://www.dropbox.com/scl/fi/di4riwayihszdfjfdohlv/Aglag.jpg?rlkey=1nyje82qyf3suhsy7ax00uezi&raw=1,아글라그 부틸 수도원,アグラッグ ブティール修道院,阿格拉布提尔修道院,Монастырь Аглаг Бутил
378,1,Байгалийн үзэсгэлэнт газар,Алтан-Өлгий хайрхан (2656м),Altan-Ulgii Khairkhan Mountain,Төв,Tuv,Эрдэнэ,Erdene,48.30995,107.66524,Далайн түвшнээс дээш 2655 метр өндөр өргөгдсөн Алтан-Өлгий уул нь Хэнтийн нурууны өндөр оргилын нэг юм. Улаанбаатар хотоос зүүн хойд зүгт 75 км зайтай оршино.,"Altan-Ulgii Mountain, rising 2,655 meters above sea level, is one of the highest peaks in the Khentii Mountains. It is located 75 km northeast of Ulaanbaatar.",https://www.dropbox.com/scl/fi/idhgth9dz6wxhmlgx5lk7/.jpg?rlkey=mo03inhci661nnblpl1a4mrda&raw=1,알탄-울기 카이르칸 산,アルタン・ウルギー・ハイルカン山,阿尔坦-乌尔盖凯尔汗山,Гора Алтан-Улгий Хайрхан
379,1,Байгалийн үзэсгэлэнт газар,Асралт хайрхан (2799м),Asralt Khairkhan Mountain,Төв,Tuv,Эрдэнэ,Erdene,48.46565,107.41264,Далайн түвшнээс дээш 2799 метр өндөр өргөгдсөн Асралт хайрхан уул нь Хэнтийн нурууны ноён оргил юм. Улаанбаатар хотоос хойд зүгт 80 орчим км зайтай оршино.,"Asralt Khairkhan Mountain, rising 2,799 meters above sea level, is the highest peak in the Khentii Mountains. It is located about 80 kilometers north of Ulaanbaatar.",https://www.dropbox.com/scl/fi/fhnxrj2xlkl1nzrwklh9m/.jpg?rlkey=qne5kks98mhp8dn44d9t1qrg6&raw=1,아스랄트 카이르칸 산,アスラルト・ハイルカン山,阿斯拉尔特凯尔汗山,Гора Асралт Хайрхан
380,1,Байгалийн үзэсгэлэнт газар,Хэрхлүүрийн сарьдаг (2667м),Kherkhluuriin Saridag Mountain,Төв,Tuv,Эрдэнэ,Erdene,48.54341,108.06269,"Хэрхлүүрийн сарьдаг нь ой хөвч, өндөр цавчим ханан хад, уулсын дунд байрлах гурван холбоо нуур бүхий үзэсгэлэнт газар ю","Herkhluuriyin Saridag is a beautiful place with dense forests, high cliffs, and three interconnected lakes nestled among the mountains.",https://www.dropbox.com/scl/fi/ckbih71zxu9is8l95bx93/.jpg?rlkey=x9e1p632nwdmdiih67rjvh1ys&raw=1,케르클루린 사리다그 산,ケルフルリン サリダグ山,克尔赫卢里因萨里达格山,Гора Херхлуурин Саридаг
381,1,Байгалийн үзэсгэлэнт газар,Болорын агуй,Crystal Cave,Төв,Tuv,Эрдэнэ,Erdene,48.14336,107.77616,Ашиглаж байсан болорын уурхай.,A used crystal mine.,https://www.dropbox.com/scl/fi/21z5eaf4eoh439rp8itng/.jpg?rlkey=0dqo2sq8dqwu4jucnfeiyqkmz&raw=1,크리스탈 동굴,クリスタルケーブ,水晶洞,Хрустальная пещера
382,6,Рашаан сувилал,Гутайн рашаан, Gutain Spa Resort,Төв,Tuv,Эрдэнэ,Erdene,48.19397,107.98507,Эрдэнэ сумын төвөөс зүүн хойд зүгт 68 км зайтай оршино.,It is located 68 km northeast of the center of Erdene soum.,https://www.dropbox.com/scl/fi/ajofjwfcvrbxog7a0uv0o/.jpg?rlkey=ipesujdsucct3n6c5skwohohe&raw=1,구테인 스프링스,グーティン スプリングス,古坦泉,Гутай-Спрингс
383,1,Байгалийн үзэсгэлэнт газар,Бөөрөлжүүт нуур,Buuruljuut Lake,Төв,Tuv,Архуст,Arhust,47.36685,108.06938,Архуст сумын төвөөс зүүн өмнө зүгт 25 км зайтай оршино.,It is located 25 km southeast of the center of Arkhust soum.,https://www.dropbox.com/scl/fi/q23x33aaa3ba9vs3onmld/.jpg?rlkey=d4ur4p2fm7rjtb7teuzh8s3fn&raw=1,부룰류트 호수,ブウルルジュト湖,布鲁尤特湖,Озеро Буурулжют
384,2,Түүхийн дурсгалт газар,Гүнжийн сүм,Princess's Temple,Төв,Tuv,Эрдэнэ,Erdene,48.183609,107.555606,Тэрэлжээс хойд зүгт 40 орчим км зайтай оршино.,It is located about 40 km north of Terelj.,https://www.dropbox.com/scl/fi/7f78pwb5basftcpxjvdde/Gunjiinsum.jpg?rlkey=aefzpv92nqzl0ym05adw9mv6s&raw=1,공주의 사원,王女の寺院,公主神殿,Храм Принцессы
385,1,Байгалийн үзэсгэлэнт газар,Дугана хад,Dugana Khad Rock ,Төв,Tuv,Борнуур,Bornuur,48.48093,106.0682,Борнуур сумын төвөөс баруун зүгт 14 км зайтай оршино.,It is located 14 km west of the center of Bornuur soum.,https://www.dropbox.com/scl/fi/1vk0dkiqpxztkp05ywjxf/.jpg?rlkey=ue3mtesd1820umfz2c7zcrz1d&raw=1,두가나 록,ドゥガナロック,杜加纳岩,Дугана Рок
386,1,Байгалийн үзэсгэлэнт газар,Мандал толгой (1225м),Mandal Mountain (1225m),Төв,Tuv,Батсүмбэр,Batsumber,48.39306,106.77928,Батсүмбэр сумын төвөөс зүүн хойд зүгт 3.5 км зайтай оршино.,It is located 3.5 km northeast of the center of batsumber soum.,https://www.dropbox.com/scl/fi/3s0smto2wx1usxb80f7g1/.jpg?rlkey=anr6w5w81afdvt23vwa50tqpw&raw=1,만달산,マンダル山,曼达尔山,Гора Мандал
387,1,Байгалийн үзэсгэлэнт газар,Өлзийт нуур,Ulziit Lake,Төв,Tuv,Баянцагаан,Bayantsagaan,46.96962,106.8806,Баянцагаан сумын төвөөс баруун хойд зүгт 34 км зайтай оршино.,It is located 34 km northwest of the center of Bayantsagaan soum.,https://www.dropbox.com/scl/fi/fk8rpmwnn0x4af7gnu57a/.jpg?rlkey=wykjevovbzq0xzpkciuglqyoo&raw=1,울지트 호수,ウルジート湖,乌尔济特湖,Озеро Ульзиит
388,1,Байгалийн үзэсгэлэнт газар,Сөгнөгөр Хүрхрээ голын бэлчир,Sognoghur Khurkhree River Delta,Төв,Tuv,Батсүмбэр,Batsumber,48.4689,107.1209,Батсүмбэр сумын төвөөс зүүн хойд зүгт 32 км зайтай оршино.,It is located 32 km northeast of the center of Batsumber soum.,https://www.dropbox.com/scl/fi/2qkkp7avplghtn8tf538o/.jpg?rlkey=b2gj2j1l6o3eqiz7udibriray&raw=1,소그노구르 쿠르크리 강 삼각주,ソグノグル・クルクリ川デルタ,索格诺古尔·库尔赫里河三角洲,Дельта реки Согногур-Хуркхри
389,1,Байгалийн үзэсгэлэнт газар,Сөгнөгөр авирах хад,Sognogor Climbing Rock,Төв,Tuv,Батсүмбэр,Batsumber,48.33603,106.88695,Батсүмбэр сумын төвөөс зүүн зүгт 12 км зайтай Баян голын хойд эрэг дээр оршино.,"It is located on the north bank of the Bayan Gol River, 12 km east of the center of Batsumber soum.",https://www.dropbox.com/scl/fi/bsnpkmhgii72v95jewcet/.jpg?rlkey=lam5zm7lne4zxffnw760lphrg&raw=1,소그노고르 암벽 등반,ソグノゴールのクライミングロック,索格诺戈尔攀岩,Скалолазание Согногор
390,1,Байгалийн үзэсгэлэнт газар,Төхөмийн нуур,Tukhum Lake,Төв,Tuv,Бүрэн,Buren,46.908,104.989,Төхөмийн нуурын зүүн эрэгт Бүрэн сумын төв оршино.,The center of Buren soum is located on the eastern shore of Lake Tokhomi.,https://www.dropbox.com/scl/fi/gsl0odma8z2qioq7s843g/.jpg?rlkey=92a21ia95jl5h27ix07j65s5u&raw=1,투쿰 호수,トゥクム湖,图胡姆湖,Озеро Тухум
391,1,Байгалийн үзэсгэлэнт газар,Хагийн хар нуур,Khagiin Khar Lake,Төв,Tuv,Эрдэнэ,Erdene,48.41246,107.91334,Улаанбаатар хотын Налайх дүүргээс зүүн хойд зүгт 118 км зайтай оршино.,"It is located 118 km northeast of Nalaikh District, Ulaanbaatar City.",https://www.dropbox.com/scl/fi/ypa82x9fz0ydxu1y4nyh1/.jpg?rlkey=3z620pp39cq7wj0xko7mu3ujg&raw=1,카긴 카르 호수,カギン・カール湖,卡吉因卡尔湖,Озеро Хагиин Хар
392,1,Байгалийн үзэсгэлэнт газар,Хустайн нуруу,Khustain Nuruu,Төв,Tuv,Алтанбулаг,Altanbulag,47.658,105.893,Алтанбулаг сумын төвөөс баруун зүгт 46 км зайтай оршино.,It is located 46 km west of the center of Altanbulag soum.,https://www.dropbox.com/scl/fi/xetl9y693495yh2a2q7r6/Khustai.jpg?rlkey=892lqz0z1irodl4spq15lz4eq&raw=1,쿠스테인 누루,クステイン・ヌルー,库斯坦·努鲁,Хустейн Нуруу
393,1,Байгалийн үзэсгэлэнт газар,Хустайн урд даваа,Khustai South Pass,Төв,Tuv,Алтанбулаг,Altanbulag,47.677,105.875,Алтанбулаг сумын төвөөс баруун зүгт 60 км зайтай оршино.,It is located 60 km west of the center of Altanbulag soum.,,쿠스타이 남쪽 고개,クスタイ南峠,库斯泰南隘口,Южный перевал Хустай
394,2,Түүхийн дурсгалт газар,Цогтын хадны бичиг,The Tsogt Rock Writing,Төв,Tuv,Дэлгэрхаан,Delgerkhaan,46.42382,104.69318,Дэлгэрхаан сумын төвөөс зүүн өмнө зүгт 26 км зайтай оршино.,It is located 26 km southeast of the center of Delgerkhaan soum.,https://www.dropbox.com/scl/fi/vl409p8zqccytwk9zqpqx/.jpg?rlkey=tn7k60zpysj2bsjdb2flgyyl9&raw=1,초그트 암각문,ツォグトの岩碑文,措格特岩石铭文,Наскальная живопись Цогта
395,2,Түүхийн дурсгалт газар,Ээж хад,Mother rock,Төв,Tuv,Сэргэлэн,Sergelen,47.31241,106.97718,Сэргэлэ сумын төвөөс өмнө зүгт 42 км зайтай оршино.,It is located 42 km south of the center of Sergele soum.,https://www.dropbox.com/scl/fi/zjr9nz2e45n6tnebjf9x4/.jpg?rlkey=xfhlyfvoizp346j7sy9blbxsp&raw=1,어머니 바위,母なる岩,母岩,Мать-скала
396,1,Байгалийн үзэсгэлэнт газар,Заан тэрэлжийн бэлчир,Delta of the Zaan-Terelzh River,Төв ,Tuv,Эрдэнэ,Erdene,48.18067,107.26353,Төв аймгийн Эрдэнэ сумын нутагт Заан гол Тэрэлжийн голд цутгах хэсэг юм.,"The Zaan River flows into the Terelj River in Erdene soum, Tuv aimag.",https://www.dropbox.com/scl/fi/aq26nt3ax516usfa1m9us/.jpg?rlkey=q4se4qd8jjzwodihjnq4a5v43&raw=1,자안-테렐즈 강 삼각주,ザーン・テレルジ川デルタ,赞安-特勒日河三角洲,Дельта реки Заан-Терелжи
397,1,Байгалийн үзэсгэлэнт газар,Естийн халуун рашаан,Estiin Hot Mineral Water,Төв,Tuv,Эрдэнэ,Erdene,48.60221,107.84176,Улаанбаатар хотоос зүүн хойд зүгт 125 км зайтай оршино. ,It is located 125 km northeast of Ulaanbaatar.,https://www.dropbox.com/scl/fi/mddefw0h85jpx32pp1ass/.jpg?rlkey=vgzxxiwkmnrzy5hakryn8e9dk&raw=1,에스티인 온천수,エスティン温泉水,埃斯蒂因温泉水,Горячая минеральная вода Estiin
398,1,Байгалийн үзэсгэлэнт газар,Зоргол хайрхан уул (1668м),Zorgol Khairkhan Mountain (1668m),Төв ,Tuv,Баян-Өнжүүл,Bayan-Onjuul,46.92353,105.87782,"Улаанбаатараас 145 километр, Дундговь аймгийн Эрдэнэдалай сумын төвөөс 138 километр зайтай. Зүүн талаас нь харахад дээрээ угалзтай  юм шиг, урд талаас нь харахад суварга юм шиг харагддаг. Цул боржин чулуун хайрхан бөгөөд далайн төвшнөөс дээш 1668 метр өндөр. Хайрханы бараа харагдах газраас нэрийг нь хэлдэггүй. Эмэгтэй хүн оройд нь гардаггүй. Хайрханы баруун суган доор рашаан булаг урсдаг. Хайрханы урд талд яг ширээ шиг хэлбэртэй хад байгаа. Хажууд нь нэг ургаа мод байдаг бөгөөд сүүдрэвчийн үүрэг гүйцэтгэж өгдөг.","It is 145 kilometers from Ulaanbaatar and 138 kilometers from the center of Erdenedalai soum, Dundgovi aimag. When viewed from the east, it looks like a spire, and when viewed from the south, it looks like a stupa. It is a monolithic granite khairkhan and is 1668 meters above sea level. The name of Khairkhan is not known from where it is visible. Women do not climb to its top. A spring flows under the right arm of Khairkhan. In front of Khairkhan is a rock shaped like a table. There is a single tree next to it, which acts as a shade tree.",https://www.dropbox.com/scl/fi/4wa4l0wmqcjjqzywl68v3/.jpg?rlkey=i4f9lhtxa64ktfs9gomfvpwxz&raw=1,조르골 카이르칸 산,ゾルゴル・ハイルハン山,佐戈尔凯尔汗山,Гора Зоргол Хайрхан
399,1,Байгалийн үзэсгэлэнт газар,Тоомт агуй,Toomt Cave,Төв ,Tuv,Баян-Өнжүүл,Bayan-Onjuul,46.91307,105.85989,Баян-Өнжүүл сумын төвөөс баруун хойд зүгт 8 км зайтай оршино.,It is located 8 km northwest of the center of Bayan-Onjul soum.,https://www.dropbox.com/scl/fi/jcp16oxb28clbufolutdk/.jpg?rlkey=169733ulkq9auzkamrgklbpht&raw=1,툼트 동굴,トゥームト洞窟,图姆特洞穴,Пещера Тоомт
400,1,Байгалийн үзэсгэлэнт газар,Цайдам нуур Төв,Lake Tsaidam Tuv,Төв,Tuv,Заамар,Zaamar,48.23447,104.97719,"Заамар, Цээл сумдын нутгийн заагт Заамар сумын төвөөс зүүн зүгт 18 км зайтай оршино.","It is located 18 km east of the center of Zaamar soum, on the border of Zaamar and Tseel soums. ",https://www.dropbox.com/scl/fi/d83t6ppeov9fa1duhmcr0/.jpg?rlkey=zcrqolquif8v24ox95z44vti1&raw=1,차이담 호수,ツァイダム湖,柴达木湖,Озеро Цайдам
401,2,Түүхийн дурсгалт газар,Цагаан дэнж,Tagaan Denj,Төв,Tuv,Лүн,Lun,47.9643,104.6515,Заамар сумын төвөөс баруун өмнө зүгт 30 км зайтай оршино.,It is located 30 km southwest of the center of Zaamar soum.,https://www.dropbox.com/scl/fi/1zt4p3ef4v2xrjj0pcce0/.jpg?rlkey=pa5xqszhxdvsw05mg2jxvipsg&raw=1,차강 덴지,ツァガーン・デンジ,察干丹吉,Цагаан Дендж
402,2,Түүхийн дурсгалт газар,Хэрмэн дэнж,Khermen Denj,Төв,Tuv,Заамар,Zaamar,47.97738,104.66879,Заамар сумын төвөөс баруун өмнө зүгт 30 км зайтай оршино.,It is located 28 km southwest of the center of Zaamar soum.,https://www.dropbox.com/scl/fi/qcb5equlpes3hs5ygmhht/.jpg?rlkey=xb35sxwk5w8tksrbjvdk3od18&raw=1,케르멘 덴지,ケルメン・デンジ,赫尔门·登杰,Хермен Дендж
403,1,Байгалийн үзэсгэлэнт газар,Агар тагийн агуй,Agar Tag Cave,Увс,Uvs,Өндөрхангай,Undurkhangai,49.20080111,94.91531,Өлгий сумын төвөөс зүүн өмнө зүгт 12 км зайтай оршино.,It is located 12 km southeast of the center of Ulgii soum.,,한천 태그 동굴,寒天タグの洞窟,琼脂标签洞,Пещера Агар-Таг
404,1,Байгалийн үзэсгэлэнт газар,Айраг нуур, Lake Airag,Увс,Uvs,Завхан,Zavkhan,48.86504,93.43389,"Их нууруудын хотгорт орших цэнгэг уст, далайн түвшингээс 1030 м өндөрт байдаг нуур. Хяргас нуураас 5 км зайд нэг сав газарт багтдаг.","A freshwater lake located in the Great Lakes Basin, 1030 m above sea level. It is located 5 km from Lake Khyargas in the same basin.",https://www.dropbox.com/scl/fi/bzuulk0pdiug9s6y8gdsh/.jpg?rlkey=3qlz8kuezthx1ze9o3y5c50um&raw=1,아이락 호수,アイラグ湖,艾拉格湖,Озеро Айраг
405,1,Байгалийн үзэсгэлэнт газар,Алтан элс,Golden Sand,Увс,Uvs,Баруунтуруун,Baruunturuun,49.87059,94.98859,"Увс нуурын хотгорын зүүн хэсэгт орших Бөөрөг дэл элсний зүүн хэсэгт Баруунтуруун сумын нутагт Алтан элс оршдог. Элсний нийт талбай нь 177.5 мянган га. Элсэн доороос эх аван урсдаг цэнгэг устай гол горхи, булаг шанд, баян бүрдүүд болон элсний нүүлт зэрэг гадны нөлөөнд автахгүйгээр орших элсэн манхан юм.","In the eastern part of the Uvs Nuur depression, in the eastern part of the Būrūg del els, in the territory of Baruunturuun soum, lies Altan els. The total area of ​​the sand is 177.5 thousand hectares. It is a sand dune that is not subject to external influences such as freshwater streams, springs, oasis, and sand drifts that originate from the sand.",https://www.dropbox.com/scl/fi/qiwihkh1dfghiq5vpb8s7/.jpg?rlkey=v38zlk5cpmd1ab4bxjupcmrvy&raw=1,황금빛 모래,黄金の砂,金沙,Золотой песок
406,1,Байгалийн үзэсгэлэнт газар,Ачит нуур,Lake Achit ,Увс,Uvs,Бөхмөрөн,Bukhmorun,49.50957,90.55178,Бөхмөрөн сумын төвөөс зүүн өмнө зүгт 25 зайтай оршино.,It is located 25 kilometers southeast of the center of Bukhmorun soum.,https://www.dropbox.com/scl/fi/o8tissngxcx9jrspuad9z/.jpg?rlkey=d95imcmcjc4empx15cnizjtrj&raw=1,아킷 호수,アシット湖,阿吉特湖,Озеро Ачит
407,1,Байгалийн үзэсгэлэнт газар,Баян нуур (Увс),Bayan Lake (Uvs),Увс,Uvs,Зүүнговь,Zuungovi,49.98684,93.98453,Зүүнговь сумын төвөөс зүүн хойд зүгт 10 км зайтай оршино.,It is located 10 km northeast of the center of Zuungobi soum.,https://www.dropbox.com/scl/fi/mm7eyfbx5fom4wzdhqi37/.jpg?rlkey=m0rd0frqoh1hjc1azposofv8w&raw=,바얀 호수,バヤン湖,巴彦湖,Озеро Баян
408,1,Байгалийн үзэсгэлэнт газар,Гоожуурын хүрхрээ,Goojuur Waterfall,Увс,Uvs,Ховд,Khovd,49.44064,91.25133,Хархираа Түргэний уулсын баруун урд орших Олон нуурын уулсад оршино. Шивэрийн голын зүүн цутгал Гоожуурын голд 17 метр өндрөөс унадаг. Нутгийнхан Хүрэн Ханангийн хүрхрээ гэж нэрлэдэг.,"Kharkhiraa is located in the Olon Nuur Mountains, southwest of the Turgen Mountains. The left tributary of the Shiveri River falls from a height of 17 meters into the Goojuur River. Locals call it the Khuren Khanan Waterfall.",https://www.dropbox.com/scl/fi/xp30jbja2yulamff9bsys/.jpg?rlkey=shidd6dlfq6wtz4kvy8mwq6qe&raw=1,구주르 폭포,グジュール滝,古朱尔瀑布,Водопад Годжуур
409,1,Байгалийн үзэсгэлэнт газар,Дуут нуур (Увс),Duut Lake (Uvs),Увс,Uvs,Бөхмөрөн,Bukhmorun,50.10712,90.16857,Бөхмөрөн сумын төвөөс хойд зүгт 58 км  зайтай улсын хил дээр оршино.,"It is located 58 km north of the center of Bukhmorun soum, on the state border.",https://www.dropbox.com/scl/fi/nzz6k582n5giopxunyrh1/.jpg?rlkey=mlupmnxxeoxf6r63u9izug9wy&raw=1,두트 호수,ダウト湖,杜特湖,Озеро Дуут
410,1,Байгалийн үзэсгэлэнт газар,Өлгий нуур,Lake Ulgii ,Увс,Uvs,Өлгий,Olgii,48.90957,92.0906,Өлгий сумын төвөөс өмнө зүгт 13.5 км зайтай оршино.,It is located 13.5 km south of the center of Ulgii soum.,https://www.dropbox.com/scl/fi/z5ox242kqrauph8fmbket/.jpg?rlkey=ulbx58jc8h8aievo95ue6z28r&raw=1,울기 호수,ウルギー湖,乌尔盖湖,Озеро Улгий
411,1,Байгалийн үзэсгэлэнт газар,Түргэний уул (3978м),Turgen Mountain (3978m),Увс,Uvs,Тариалан,Tarialan,49.69167,91.39901,"Үүрэг нуур нь Алтайн нурууны салбар Цагаан шувуут уул, Түргэний уулсын хооронд, Их нууруудын хотгорын баруун хойд хэсэгт оршдог.","Lake Urekh is located in the northwest of the Great Lakes Basin, between the Tsagaan Puyut Mountains and the Turgen Mountains, a branch of the Altai Mountains.",https://www.dropbox.com/scl/fi/2vh6br47t11ojq0uo1rbo/.jpg?rlkey=i234krark0ljbbt3rwl1w9fpr&raw=1,투르겐 산,トゥルゲン山,图尔根山,Тургеньская гора
412,1,Байгалийн үзэсгэлэнт газар,Хархираа уул (4037м),Mountain Kharkhiraa (4037m),Увс,Uvs,Тариалан ,Tarialan,49.57064,91.38554,"Увс аймгийн Ховд, Тариалан сумын хилийн загт далайн түвшнээс 4037 метр өндөрт орших мөнх цаст уул.","A snow-capped mountain located at an altitude of 4,037 meters above sea level on the border of Khovd and Tarialan soums in Uvs aimag.",https://www.dropbox.com/scl/fi/yeo40ioj5u4hdqdxba69w/.jpg?rlkey=tsx5s18o48y5yt9wrpph54lfm&raw=1,카르히라 산,カルヒラ山,卡希拉山,Гора Хархираа
413,1,Байгалийн үзэсгэлэнт газар,Увс нуур,Lake Uvs ,Увс,Uvs,Давст,Davst,50.39978,92.69028,Их нууруудын хотгорын хойд захад байх Монгол улсын хамгийн том нуур юм. Гүн нь 30м. Нуурын хойд үзүүр ОХУ-ын Бүгд Найрамдах Тува Улсын нутаг дэвсгэрт байна.,"It is the largest lake in Mongolia, located at the northern end of the Great Lakes Basin. Its depth is 30 m. The northern tip of the lake is in the territory of the Russian Republic of Tuva.",https://www.dropbox.com/scl/fi/fv7c8ity27ouzotdkzkii/.jpg?rlkey=w1f75ikfegsj8ss4llefltkq5&raw=1,우브스 호수,ウブス湖,乌布苏湖,Озеро Увс
414,1,Байгалийн үзэсгэлэнт газар,Үүрэг нуур,Lake Uureg ,Увс,Uvs,Сагил,Sagil,50.15267,91.00574,Далйн түвшнээс дээш 1425 метрийн өндөрт байх үзэсгэлэнт нуур,A beautiful lake at an altitude of 1425 meters above sea level,https://www.dropbox.com/scl/fi/513r24edynas2y5swgmch/.jpg?rlkey=1uqnt0lkd29u03r2atwz48o09&raw=1,우레그 호수,ウーレグ湖,乌雷格湖,Озеро Уурег
415,1,Байгалийн үзэсгэлэнт газар,Ханхөхийн байгалийн цогцолборт газар,Khankhokhi National Park,Увс,Uvs,Өндөрхангай,Undurkhangai,49.3917,94.71147,"Хан Хөхийн нуруу нь Хангайн нурууны баруун хойд залгаа болж, Увс аймгийн Зүүнхангай, Өндөрхангай, Цагаанхайрхан сумдын нутагт оршдог. Ноён оргил нь Алтан Дуулга бөгөөд далай түвшнээс дээш 2928","The Khan Khokhi Range is a northwestern extension of the Khangai Range and is located in the Zuunkhangai, Undurkhangai, and Tsagaankhairkhan soums of Uvs aimag. The highest peak is Altan Duulga, which is 2928 meters above sea level.",https://www.dropbox.com/scl/fi/wks0qzosffw5xi3a93p49/.jpg?rlkey=79vgdqmycea7t82betc4iqnx9&raw=1,칸코키 국립공원,ハンコキ国立公園,坎霍基国家公园,Национальный парк Ханхохи
416,1,Байгалийн үзэсгэлэнт газар,Алтан дуулга уул (2928м),Altan Duulga Mountain,Увс,Uvs,Өндөрхангай,Undurkhangai,49.37804,94.68816,Далайн түвшнээс дээш 2928 метр өндөрт өргөгдсөн Хан хөхийн нурууны ноён оргил уул. ,"The peak of the Khangchuk Range, rising 2,928 meters above sea level.",https://www.dropbox.com/scl/fi/y6a6tsbin1uguwmdokn5o/.jpg?rlkey=mhn6w1hpce45ofrt8leelimss&raw=1,알탄 두울가 산,アルタン・ドゥルガ山,阿尔坦杜尔加山,Гора Алтан Дуулга
417,1,Байгалийн үзэсгэлэнт газар,Хяргас нуур, Lake Khyargas,Увс,Uvs,Завхан,Zavkhan,49.15551,93.34995,"Их нууруудын хотгор дахь эрдэст нуур. Тус нуурыг 2000 онд байгалийн цогцолборт газарт бүртгэж авсан бөгөөд нийт 3,328 км² нутгийг хамрана.","A mineral lake in the Great Lakes Basin. The lake was registered as a national park in 2000 and covers a total area of ​​3,328 km².","https://www.dropbox.com/scl/fi/mf6g23z9gcp3kzgq8p26p/.jpg?rlkey=xgy3ttgql1gxqjjzismgjsk4z&raw=1,https://www.dropbox.com/scl/fi/div2m70p82rq8pdymhy2d/1.jpg?rlkey=8u29ji3upbv6dgnkpjfv4scj4&raw=1",캬르가스 호수,カヤルガス湖,凯亚加斯湖,Озеро Хяргас
418,1,Байгалийн үзэсгэлэнт газар,Шаазгай нуур,Lake Shaazgai ,Увс,Uvs,Ховд,Khovd,49.23332,91.28162,Ховд сумын төвөөс зүүн өмнө зүгт 28 км зайтай оршино.,It is located 28 km southeast of the center of Khovd soum.,https://www.dropbox.com/scl/fi/2304rduwxzckyg8njcpq6/.jpg?rlkey=ojd2xdwgupuse98ki7nepo9g4&raw=1,샤즈가이 호수,シャーズガイ湖,沙兹盖湖,Озеро Шаазгай
419,1,Байгалийн үзэсгэлэнт газар,Дөрөө нуур Увс,Lake Duruu Uvs,Увс,Uvs,Баруунтуруун,Baruunturuun,50.01809,94.94304,Алтан элсний чанх ард Монгол улсын торгон хил дээр оршино.,"It is located right behind the Golden Sands, on the border of Mongolia and Russia.",https://www.dropbox.com/scl/fi/hwfqccorya0nv63jav1hk/.jpeg?rlkey=ohzdi2z3g1e8bz8hriuxweyig&raw=1,도로오 호수,ドロ湖,多鲁湖,Озеро Дуру
420,1,Байгалийн үзэсгэлэнт газар,Увсын Хар Ус Нуур, Lake Black Water Uvs ,Увс,Uvs,Өмнөговь,Umnugovi,49.09818,91.92606,Өмнөговь сумын төвөөс зүүн зүгт 8 км зайтай оршино.,It is located 8 km east of the center of Umnugovi soum.,https://www.dropbox.com/scl/fi/mu34sly4f0vqhoy0t3kah/.jpg?rlkey=i2lf9p6dm5d8687foajmwhmz6&raw=1,우브신 카르-우스 호수,ウブシン湖（カルウス）,乌布辛湖哈尔乌斯,Озеро Увсин Хар-Ус 
421,3,Шашны дурсгалт газар,Гандантэгчинлэн хийд,Gandantegchinlen Monastery,Улаанбаатар,Ulaanbaatar,Баянгол,Bayangol,47.92219,106.89496,Монголын бурхан шашинтны төв,Mongolian Buddhist Center,https://www.dropbox.com/scl/fi/0tr2rxuobvqvwntn2ikv5/.jpg?rlkey=xik1s37u89ae7o46sfu4d2cyp&raw=1,간단테그친렌 수도원,ガンダンテグチンレン僧院,甘丹寺,Монастырь Гандантегчинлен
422,1,Байгалийн үзэсгэлэнт газар,Цэцээ гүн оргил (2256м),"""Tsetsee Gun"" Peak (2256m)",Улаанбаатар,Ulaanbaatar,Баянзүрх,Bayanzurkh,47.80315,106.98596,Богдхан уулын оргил далайн түвшнээс дээш 2256 метр өргөгдсөн байна.,"The peak of Bogdhan Mountain is 2,256 meters above sea level.",https://www.dropbox.com/scl/fi/iraqtsl4zq1z3ye1hf5vp/.jpg?rlkey=5m4oufzadl92yazac0a6b8jp2&raw=1,"""체체포"" 봉우리",「ツェツェーガン」の山頂,“采柩枪”峰,Пик Цеце гун
423,1,Байгалийн үзэсгэлэнт газар,Түшээ гүн оргил (2268м),"""Tushee Gun"" Peak (2268m)",Улаанбаатар,Ulaanbaatar,Баянзүрх,Bayanzurkh,47.80825,107.00264,Богдхан уулын оргил далайн түвшнээс дээш 2268 метр өргөгдсөн байна.,"The peak of Bogdhan Mountain is 2,268 meters above sea level.",https://www.dropbox.com/scl/fi/rwb8338akf2m3x2b0o1t1/.jpg?rlkey=wuo8hwhyzetcyyx7iddkjan6t&raw=1,투시 건 봉우리,「トゥシーガン」ピーク,“图希枪”峰,Пик Туше Гун
424,1,Байгалийн үзэсгэлэнт газар,Дугуй цагаан,Dugui Tsagaan,Улаанбаатар,Ulaanbaatar,Баянзүрх,Khan-Uul,47.83219,106.90049,Явган аялагчдын очих дуртай газар.,A favorite destination for hikers.,https://www.dropbox.com/scl/fi/pvy4odvhqw3wrwdqnfcyr/.jpg?rlkey=2a12glp0hkhiit3iopzj463gi&raw=1,두구이 차강,ドゥギ・ツァガーン,ドゥギ・ツァガーン,Дугуй Цаган
425,1,Байгалийн үзэсгэлэнт газар,Зүүн ширээт уул (2122м),Zuun Shireet Mountain (2122m),Улаанбаатар,Ulaanbaatar,Баянзүрх,Khan-Uul,47.82478,106.92174,Явган аялагчдын очих дуртай газар.,A favorite destination for hikers.,https://www.dropbox.com/scl/fi/pvy4odvhqw3wrwdqnfcyr/.jpg?rlkey=2a12glp0hkhiit3iopzj463gi&raw=1,주운 시레트 산,ズーン・シリート山,祖恩·希里特山,Гора Зуун Ширит
426,1,Байгалийн үзэсгэлэнт газар,Тэнгэр хад,Sky rock,Улаанбаатар,Ulaanbaatar,Баянзүрх,Khan-Uul,47.82901,106.92899,Явган аялагчдын очих дуртай газар.,A favorite destination for hikers.,https://www.dropbox.com/scl/fi/qvy2hvue7sw4jl93riqjs/.jpg?rlkey=tz1u8bnduci6e2icoi3vx6ygb&raw=1,하늘 돌,スカイストーン,天空之石,Небесный камень
427,3,Шашны дурсгалт газар,Шар ламын агуй,Yellow Lama Cave,Улаанбаатар,Ulaanbaatar,Баянзүрх,Bayanzurkh,47.87347,106.98085,Богдхан уулын Залаатын аманд байна. ,It is located at the mouth of the Zalaat mountain.,https://www.dropbox.com/scl/fi/1vxptgde1b2p3wnhgmiuf/.jpg?rlkey=a5dtn6g3f5a0s6mno5sus2j2d&raw=1,황라마 동굴,黄羅刹洞,黄喇嘛洞,Пещера Жёлтой Ламы
428,2,Түүхийн дурсгалт газар,Зөвлөлтийн дайчдын хөшөө,Monument to Soviet soldiers,Улаанбаатар,Ulaanbaatar,Хан-Уул,Khan-Uul,47.8841,106.91539,Туул голын өмнөд эрэгт Зайсангийн аманд оршино.,It is located on the southern bank of the Tuul River at the mouth of the Zaisan.,https://www.dropbox.com/scl/fi/cdrnh1vbdu92c1edgpvls/.jpg?rlkey=4yhf5cv5jja34f4pigslft1mj&raw=1,소련군 병사들을 기리는 기념비,ソ連兵の記念碑,苏联士兵纪念碑,Памятник советским солдатам
429,2,Түүхийн дурсгалт газар,Тоньюкукийн хөшөө,Tonyukuk  Statue,Улаанбаатар,Ulaanbaatar,Налайх,Nalaykh,47.69464,107.47589,"Эртний Түрэгийн хаант улсын гурван хааны зөвлөх байсан мэргэн сайд Тоньюкукт зориулан босгосон нэгэн дурсгал юм. Гэрэлт хөшөө нь 62 мөр бичээстэй бөгөөд тухайн үеийн Түрэгийн нийгмийн байдлыг Тоньюкукийн намтартай холбогдуулан бичсэн агуулгатай юм. Энэхүү цогцолборт хүн чулуу, гэрэлт хөшөө, тахилын чулуун байгууламж, амьтны дүрст хөшөө чулуу зэрэг олон дурсгалууд багтана. ","It is a monument dedicated to the wise minister Tonyukuk, who was an advisor to three kings of the ancient Turkic empire. The illuminated monument has 62 lines of inscriptions and describes the social situation of the Turkic people at that time in connection with Tonyukuk's biography. The complex includes many monuments such as human stones, illuminated statues, sacrificial stone structures, and animal statues.",https://www.dropbox.com/scl/fi/jg2u5ma6d6z1hml5v0lvw/.jpg?rlkey=uy4r8ojwesoha5y8i18847vlr&raw=1,토니국 동상,トニュクク像,托尼库克雕像,Статуя Тонюкука
430,1,Байгалийн үзэсгэлэнт газар,100 ламын агуй,100 Monk's Cave,Улаанбаатар,Ulaanbaatar,Налайх,Nalaykh,47.8398,107.3988,Тэрэлжийн гүүрнээс зүүн хойд зүгт 6 км зайтай оршино.,It is located 6 km northeast of the Terelj bridge.,https://www.dropbox.com/scl/fi/3mak1e2msk96c5yepcwu6/100.jpg?rlkey=jnu7m4azvc3o7aoqg1g8b5b6s&raw=1,100 수도사의 동굴,100 モンクの洞窟,100 和尚洞,100 Пещера Монаха
431,1,Байгалийн үзэсгэлэнт газар,Авирах хад,Climbing Rock,Улаанбаатар,Ulaanbaatar,Налайх,Nalaykh,47.86469,107.41943,Тэрэлжийн гүүрнээс зүүн хойд зүг 10 км зайтай оршино.,It is located 10 km northeast of the Terelj bridge.,https://www.dropbox.com/scl/fi/sdwnuknqkkjg5z8qxrk2q/.jpg?rlkey=fgbaj0puh3h40yt6bibyh867n&raw=1,암벽등반,クライミングロック,攀岩,Восхождение на скалу
432,3,Шашны дурсгалт газар,Арьяабал бурханы хийд,Aryabal Buddhist Temple,Улаанбаатар,Ulaanbaatar,Налайх,Nalaykh,47.93427,107.42567,Налайх дүүргээс зүүн хойд зүгт 35 км зайтай оршино,It is located 35 km northeast of the center of Nalaikh district.,https://www.dropbox.com/scl/fi/311lsydgmqe3kdov49qab/.jpg?rlkey=f7j0rt4i2g9jcgu29umjdb81r&raw=1,아리야발 불교 사원,アリヤバル仏教寺院,阿雅巴尔佛寺,Буддийский храм Арьябал
433,2,Түүхийн дурсгалт газар,Дино парк,Dino Park,Улаанбаатар,Ulaanbaatar,Налайх,Nalaykh,47.90272,107.43882,Мэлхий хаднаас зүүн өмнө зүгт 1.3 км зайтай оршино.,It is located 1.3 km southeast of the Melkhii Rock.,https://www.dropbox.com/scl/fi/8gt08t3q2noojf4ltp55l/.jpg?rlkey=ayb55ubgvfkddcdeo349xjxxw&raw=1,디노파크,ディノパーク,恐龙公园,Дино Парк
434,2,Түүхийн дурсгалт газар,Их тэнгэрийн амны хадны зураг,Rock paintings of Ikh Tenger ,Улаанбаатар,Ulaanbaatar,Хан-Уул,Khan-Uul,47.88071,106.9413,"Их тэнгэрийн амны хаданд дотроо олон толботой дөрвөлжин хашлаганууд, ганцаар юм уу 2, 3, 5-аараа хөтлөлцөж зогссон хүний тойм зураг, халин нисч буй бүргэд, замаар явж буй адуу зэргийг улаан зосоор зурсан байдаг. Дөрвөлжин хашлаганы дээд талд хошуугаа хажуу тийш харуулан халин нисч яваа бүргэд шувуу, хашлаганы зүүн талд хөтлөлцөж зогссон хүмүүсийн тойм зураг, хашлаганы доод талд хоёр зэрэгцээ замаар адуу хөтөлж яваа хүнийг тоймлон дүрсэлсэн ","On the rock of the mouth of the great sky, there are many square arches with many spots inside, and the outline of a person standing alone or in groups of 2, 3, or 5 holding hands, an eagle flying in flight, and a horse walking on a road, all drawn in red copper. At the top of the square arch, there is an eagle flying with its beak turned to the side, and on the left side of the arch is an outline of people standing holding hands, and at the bottom of the arch, there is an outline of a person leading a horse on two parallel roads.",https://www.dropbox.com/scl/fi/wvnzayinj80fdujafe05d/.jpg?rlkey=1hpavbfkh360x279aexwde0ev&raw=1,이크텐게르의 암벽화,イフ・テンゲルの岩絵,伊赫·滕格尔的岩画,Наскальные рисунки Икх Тенгера
435,3,Шашны дурсгалт газар,Манзушир хийд,Manzushir Monastery,Улаанбаатар,Ulaanbaatar,Хан-Уул,Khan-Uul,47.76049,106.99409,Төв аймгийн төв Зуунмод хотоос зүүн хойд зүгт 6.5 км зайтай оршино.,"It is located 6.5 km northeast of Zuunmod, the center of Tuv aimag.",https://www.dropbox.com/scl/fi/0qti1ropwmzj1mitc66ta/.jpg?rlkey=9ynvad3l5hmyuueeewxule1thraw=1,만주시르 수도원,マンズシル修道院,曼祖希尔修道院,Манзуширский монастырь
436,1,Байгалийн үзэсгэлэнт газар,Туул гол,Tuul River,Улаанбаатар,Ulaanbaatar,Хан-Уул,"Naliakh, Bayanzukh, Khan-Uul ",47.87356,106.73131,"Хэнтийн нуруун дахь Хагийн хар нуур, Номингийн голоос тус бүр эх авч, нийслэл Улаанбаатар хотын урд хэсгээр урсаж өнгөрөн Орхон голд цутгана.","They originate from the Khagiin Khar Lake and the Nomingiin River in the Khentii Mountains, flow south of the capital city of Ulaanbaatar, and empty into the Orkhon River.",https://www.dropbox.com/scl/fi/p6iplgu5x77hsmzwna4e0/.jpg?rlkey=nzpbh0elad4z7ozh8wf2zfhb8&raw=1,투울 강,トゥール川,图拉河,Река Туул
437,2,Түүхийн дурсгалт газар,Өүлэн эхийн хөшөө,"Statue Of Hoelun, Mother Of Chinggis Khaan",Улаанбаатар,Ulaanbaatar,Налайх,Nalaykh,47.80264,107.54305,Налайх дүүргээс зүүн хойд зүгт 20 км зайтай оршино.,It is located 20 km northeast of Nalaikh district.,https://www.dropbox.com/scl/fi/h776o894f176zjn80h3gb/.jpg?rlkey=fjr8dekbove5mqlwawymioov9&raw=1,칭기스칸의 어머니 호엘룬의 동상,チンギスハーンの母ホエルン像,成吉思汗母亲诃额伦雕像,"Статуя Оэлун, матери Чингисхана"
438,1,Байгалийн үзэсгэлэнт газар,Тэмээ хад,Camel Rock,Улаанбаатар,Ulaanbaatar,Налайх,Nalaykh,47.93082,107.42264,Тэрэлжийн гүүрнээс зүүн хойд зүгт 18 км зайтай оршино.,It is located 18 km northeast of the Terelj bridge.,https://www.dropbox.com/scl/fi/p5oslf6e16qhn5cbhn7lh/.jpg?rlkey=m1neouifdbu10txjregbjnf5e&draw=1,낙타바위,ラクダ岩,骆驼岩,Верблюжья скала
439,2,Түүхийн дурсгалт газар,Цонжин болдог,Tsonjin Boldog,Улаанбаатар,Ulaanbaatar,Налайх,Nalaykh,47.80804,107.52993,Улаанбаатар хотоос зүүн зүгт 53 км зайтай оршино. ,It is located 53 km east of Ulaanbaatar.,https://www.dropbox.com/scl/fi/2xmiclmfrie9oqkjxcvnj/Tsonjinboldog.jpg?rlkey=i6xn4dkxnp4gqg3y3ow8zru2m&raw=1,촌진 볼독,ツォンジン・ボルドッグ,颂金博尔多格,Цонджин Болдог
440,1,Байгалийн үзэсгэлэнт газар,Мэлхий хад,Turtle Rock,Улаанбаатар ,Ulaanbaatar,Налайх,Nalaykh,47.9077,107.42273,Налайх дүүргээс зүүн хойд зүгт 24 км зайтай оршино.,It is located 24 km northeast of Nalaikh district.,https://www.dropbox.com/scl/fi/yzgb644m5o8a915vq6p7c/.jpg?rlkey=uic41m66i6yvvnhmws4pu4cwv&raw=1,거북바위,亀岩,龟岩,Черепашья скала
441,3,Шашны дурсгалт газар,Дамбадаржаа хийд,Dambadarjaa Monastery,Улаанбаатар ,Ulaanbaatar,Сүхбаатар,Sukhbaatar,47.98234,106.93691,Энэ хийд нь 1765 онд Хоёрдугаар Богд Жавзандамба хутагтын дурсгалд зориулан үүсгэн байгуулагдсан юм.,This monastery was founded in 1765 in memory of the Second Bogd Javzandamba Khutaght.,https://www.dropbox.com/scl/fi/reiimficy2vyxxp6dph6g/.jpg?rlkey=1oefhm2k572uy6i25ipr1dron&raw=1,담바다르자 수도원,ダンバダルジャ僧院,丹巴达贾寺,Монастырь Дамбадарджа
442,1,Байгалийн үзэсгэлэнт газар,Баатар хайрхан уул (1606м) Ховд,Baatarkharkhan Mountain (1606m),Ховд,Khovd,Жаргалант,Jargalant,47.94733,91.61875,Жаргалант сумын төвөөс өмнө зүгт 5 км зайтай оршино.,It is located 5 km south of the center of Jargalant soum.,https://www.dropbox.com/scl/fi/05vuos8e6jfwizr59ul7h/.jpeg?rlkey=0qa1jeb0k7421exitrsf5msfu&raw=1,바타르 카이르칸 산,バータル・ハイルハン山,巴塔尔·海尔汗山,Гора Баатархайрхан
443,1,Байгалийн үзэсгэлэнт газар,Алтан хөхий уул,Altan Khukhii Mountain,Ховд,Khovd,Мянгад,Myangad,48.78052,91.55165,Нутгийн ардууд Алтан Хөхий уулыг 1761 оноос хойш өнөөг хүртэл жил бүр тахиж ирсэн хамгийн эртний тахилгат уулын нэг юм. 2005 оны 3 дугаар сарын 30-нд Ерөнхийлөгчийн 44 дүгээр зарлигийг гаргуулан Алтан Хөхий уулыг төрийн тахилгатай уул болгожээ.,"Altan Khokhi Mountain is one of the oldest sacred mountains, having been worshipped annually by local people since 1761. On March 30, 2005, Presidential Decree No. 44 was issued, making Altan Khokhi Mountain a state sacred mountain.",https://www.dropbox.com/scl/fi/84qrw33y6lguag5htybg5/.jpg?rlkey=3gqqukwpryg401tfd3raf7nl3&raw=1,알탄 쿠키 산,アルタン クキ山,阿尔坦库希山,Гора Алтан Хухий
444,1,Байгалийн үзэсгэлэнт газар,Халзан бүрэгтэй уул,Khalzan Buregtei Mountain,Ховд,Khovd,Мянгад,Myangad,48.3868,91.95995,Мянгад сумын төвөөс зүүн хойд зүгт 18 км зайтай орших далайн түвшнээс дээш 2088.9 метр өргөгдсөн уул.  ,"A mountain 2088.9 meters above sea level, located 18 km northeast of the center of Myangad soum.",https://www.dropbox.com/scl/fi/bvnbqq7s0afqjrau5v0zs/.jpg?rlkey=qzi7kxg13jdbpv8usa2xrvbo5&raw=1,칼잔 부레그테이 산,ハルザン・ブレグテイ山,哈尔赞布雷格泰山,Гора Халзан Бурегтей
445,1,Байгалийн үзэсгэлэнт газар,Байтаг Богд уул,Baitag Bogd Mountain,Ховд,Khovd,Булган,Bulgan,45.28582,90.95946,Байтаг Богд нь Монгол улсын Ховд аймгийн Булган сумын нутагт оршдог уул. Оргил нь 3400 метр өндөр. Булган сумын төвөөс зүүн өмнө зүгт 120 км зайтай оршино.,"Baitag Bogd is a mountain located in Bulgan soum, Khovd province, Mongolia. Its peak is 3,400 meters high. It is located 120 km southeast of the center of Bulgan soum.",https://www.dropbox.com/scl/fi/x5bc39qqh09pm6zf0k4xd/.jpg?rlkey=uhokrs3tn1106fj9lhj8eu587&raw=1,바이탁 복드 산,バイタグ ボグド山,拜塔格博格德山,Гора Байтаг Богд
446,1,Байгалийн үзэсгэлэнт газар,Бодончийн хавцал,Bodonch Canyon,Ховд,Khovd,Цэцэг,Tsetseg,45.98625,93.28533,"Ховд аймгийн төвөөс 300-400 км алслагдан, улсын хил дагуу байрлах Булган, Үенч, Алтай сумыг зориход 110 км үргэлжлэх Бодончийн хавцлыг дайран өнгөрдөг.","The road to Bulgan, Uench, and Altai soums, located 300-400 km from the center of Khovd aimag, passes through the 110 km long Bodonchi Gorge.",https://www.dropbox.com/scl/fi/j8iyt3uc79s4hthoebr3b/.jpg?rlkey=x1frr5e2fe95p5h3ut737uwgr&raw=1,보돈치 캐년,ボドンチ渓谷,博东奇峡谷,Бодончский каньон
447,1,Байгалийн үзэсгэлэнт газар,Далай нуур,Dalai Lake,Ховд,Khovd,Дөргөн,Durgun,48.20762,92.66519,"Хар нууртай залгаа орших энэ нуур далайн түвшнээс дээш 1132 метр өндөрт, 305 км.кв талбайтай, урт 24 км, өргөн нь 17 км байна. ","This lake, adjacent to Black Lake, is 1,132 meters above sea level, has an area of ​​305 square kilometers, is 24 kilometers long, and 17 kilometers wide.",https://www.dropbox.com/scl/fi/mqiptz47mk7f4nn8cgz2h/Dalailake.jpg?rlkey=p45qdoaqkpedrymrc4yhhvnol&raw=1,달라이 호수,ダライ湖,达赉湖,Озеро Далай
448,1,Байгалийн үзэсгэлэнт газар,Дөргөн нуур,Durgun Lake,Ховд,Khovd,Чандмань,Chandmani,47.676,93.442,"Хамгийн гүнзгий хэсэгтээ 27 метр, хамгийн өргөн хэсэгтээ 16.8 км, хамгийн урт нь 24 км юм. Чандмань сумын төвөөс зүүн зүгт 45 км зайтай оршино.","It is 27 meters deep at its deepest point, 16.8 km at its widest point, and 24 km long. It is located 45 km east of the center of Chandman soum.",https://www.dropbox.com/scl/fi/av6p24p5j3im30vru5zba/.jpg?rlkey=xq8ddokdn2tp3a8g6vqgdpuy0&raw=1,두르군 호수,ドゥルグン湖,杜尔古纳湖,Озеро Дургун
449,2,Түүхийн дурсгалт газар,Дөргөний усан цахилгаан станц,Durgun Hydropower Plant,Ховд,Khovd,Дөргөн,Durgun,48.32617,92.8073,Дөргөн сумын төвөөс зүүн өмнө зүгт 15 км зайтай оршино.,It is located 15 km southeast of the center of Durgun soum.,https://www.dropbox.com/scl/fi/f889nqc1wawskpd33da59/.jpg?rlkey=2ja14v6t8mtklq6xtmqp8x3b8&raw=1,Durgun 수력 발전소,ドゥルグン水力発電所,杜尔贡水电站,Дургунская ГЭС
450,1,Байгалийн үзэсгэлэнт газар,Их тойруулга нуур,Ikh Toiruulga Nuur,Ховд,Khovd,Мөст,Must,46.72927,93.21449,Мөст сумын төвөөс зүүн зүгт 44 км зайтай оршино.,It is located 44 km east of the center of Must soum.,https://www.dropbox.com/scl/fi/adht2obvsgxl7xnz50gu4/.jpg?rlkey=d3b8q247agi601hw8c93vsh1i&raw=1,이크 토이룰가 누르,イク・トイルウルガ・ヌール,伊赫·托伊鲁尔加·努尔,Их Тойруулга Нуур
451,1,Байгалийн үзэсгэлэнт газар,Мөнххайрхан уул (4362м),Munkhkhairkhan Mountain (4362m),Ховд,Khovd,Мөнхайрхан,Munkhairkhan,46.891,91.473,"Баян-Өлгий аймгийн Булган сум, Ховд аймгийн Мөнххайрхан сумын хил залгаа нутгийг дамнан 40-80 км-ийн өргөнтэйгээр баруун хойноос зүүн урагш 200 гаруй км үргэлжилдэг.Алтайн нурууны 2 дахь өндөр оргил бөгөөд  далайн түвшнээс дээш 4362 метр өндөртэй ","It stretches for more than 200 km from northwest to southeast, with a width of 40-80 km, across the border of Bulgan soum of Bayan-Olgii aimag and Munkhkhairkhan soum of Khovd aimag. It is the second highest peak in the Altai Mountains and is 4362 meters above sea level.",https://www.dropbox.com/scl/fi/2h5xfd1e0cgvefdn5y9zj/.jpg?rlkey=u4xb3lxcw67okqna1983kpuro&raw=1,문크카이르칸 산,ムンクハイルカン山,蒙克凯尔汗山,Гора Мунххайрхан
452,1,Байгалийн үзэсгэлэнт газар,Мэлхий хад Ховд,Frog  Rock,Ховд,Khovd,Мөнхайрхан,Munkhairkhan,47.03173,91.77066,Мөнххайрхан сумын төвөөс баруун зүгт 10 км зайтай оршино.,It is located 10 km west of the center of Munkhkhairkhan soum.,https://www.dropbox.com/scl/fi/n1x7rjo0yz4yjdyx12hwv/2.jpg?rlkey=26lx5shgyzd0uidktur28vby1&raw=1,개구리바위,カエル岩,青蛙岩,Лягушачья скала
453,2,Түүхийн дурсгалт газар,Шуурхайн хүн чулуу,Shuurkhai Man Stone,Ховд,Khovd,Мөнхайрхан,Munkhairkhan,46.92783,91.76579,Мөнххайрхан сумын төвөөс баруун өмнө зүгт 30 км зайтай оршино.,It is located 30 km southwest of the center of Munkhkhairkhan soum.,https://www.dropbox.com/scl/fi/6srps4y98c12a58fb5f0b/.jpg?rlkey=q41gdzwr2e8h83jkyfd9gel4q&raw=1,슈르카인 석상,「シュールカイン」の石像,“舒尔海因”石像,Каменная статуя Шуурхайн
454,1,Байгалийн үзэсгэлэнт газар,Хөх нуурын хүрхрээ,Blue Lake Waterfall,Ховд,Khovd,Мөнххайрхан,Munkhkhairkhan,46.84909,91.76639,Мөнххайрхан сумын төвөөс баруун өмнө зүгт 40 км зайтай оршино.,It is located 40 km southwest of the center of Munkhkhairkhan soum.,https://www.dropbox.com/scl/fi/fpm8y0g7qz4rzdh9dcail/..jpg?rlkey=qgmb4wmyrgrd9iatecar0h4xt&raw=1,블루 레이크 폭포,ブルーレイク滝,蓝湖瀑布,Водопад Голубого озера
455,1,Байгалийн үзэсгэлэнт газар,Рашаант хүрхрээ,Rashaant Waterfall,Ховд,Khovd,Манхан,Mankhan,47.72521,92.49847,Манхан сумын төвөөс зүүн хойд зүгт 40 шахам км зайтай оршино.,It is located approximately 40 km northeast of the center of Mankhan soum.,https://www.dropbox.com/scl/fi/2mum8d5eomz78vsa8201u/.jpeg?rlkey=ujptc10bc19ywtw895cs5g9kp&raw=1,라샤안트 폭포,ラシャーントの滝,拉桑特瀑布,Водопад Рашаант
456,1,Байгалийн үзэсгэлэнт газар,Улаан богочийн рашаан,Ulaan Bogoch Mineral Water,Ховд,Khovd,Жаргалант,Jargalant,48.02963,91.65341,Аймгийн төв Ховд хотоос хойд зүгт 2.5 км зайтай оршино.,The provincial capital is located 2.5 km north of Khovd city.,https://www.dropbox.com/scl/fi/dllcc9elt0tmbkyoux0z9/.jpg?rlkey=frpnmjipyah89a98hn6tntauj&raw=1,울란보고치 생수,ウラン ボゴチ ミネラルウォーター,乌兰博格奇矿泉水,Минеральная вода Улан Богоч
457,1,Байгалийн үзэсгэлэнт газар,Хар нуур (Ховд),Khar Lake (Khovd),Ховд,Khovd,"Чандмань, Дөргөн","Chandmani, Durgun",48.10357,93.21928,Чандмань сумын төвөөс зүүн зүгт 68 км зайтай оршино. Өмнөд хэсэгт орших Дөргөн нууртай хоолойгоор холбогдоно.,It is located 68 km east of the center of Chandman soum. It is connected to Lake Dorgen in the south by a canal.,https://www.dropbox.com/scl/fi/228trtln487zgm6uamgsv/.jpg?rlkey=sfa4d1lyhik0rjzt1dfrahxpy&raw=1,카르 호수,カール湖,卡尔湖,Озеро Хар
458,1,Байгалийн үзэсгэлэнт газар,Хар-Ус нуур,Khar-Us Lake,Ховд,Khovd,"Буянт,",Buyant,47.9815,92.12107,"Монголын том нууруудын нэг Хар-Ус нуур нь 1153 км.кв талбайтай, 72км урт, 26км өргөн, эргийн урт 306.8 км, дундаа аралтай, урд захаараа хулс, шагшуургатай нуур юм.","One of Mongolia's largest lakes, Khar-Us Lake, has an area of ​​1,153 square kilometers, is 72 kilometers long, 26 kilometers wide, and has a coastline of 306.8 kilometers. It has an island in the middle and is covered with bamboo and sedge along its southern edge.",https://www.dropbox.com/scl/fi/2kt7b6xllwsqsssamtk20/.jpg?rlkey=kyutti9mkxj4lfvicefa2albw&raw=1,카르우스 호수,カルウス湖,卡尔乌斯湖,Озеро Хар-Ус
459,1,Байгалийн үзэсгэлэнт газар,Ховд гол,Khovd River,Ховд,khovd,Эрдэнэбүрэн,"Erdeneburen, Myangad",48.22414,91.97521,"Монгол Алтайн нурууны тэргүүн оргил Таван Богдын зүүн өмнөд мөсөн голоос эх авч урсах Цагаан гол , ховд голыг Ховдын эх гэж үздэг. Энэ хоёр гол нь Хотон нуур, Хурган нууруудыг дайран олон гол горхи нийлүүлсээр Их нууруудын хотгорын Хар-Ус нуурт цутгана.[1]","The Tsagaan River and the Khovd River, which originate from the southeastern glacier of Tavan Bogd, the highest peak in the Mongolian Altai Mountains, are considered the source of the Khovd River. These two rivers, which flow through the Khoton Lake and Khurgan Lake, merge into many streams and drain into the Khar-Us Lake in the Great Lakes Basin.[1]",https://www.dropbox.com/scl/fi/6xx551fq2ggl0osd3tx4e/.jpg?rlkey=thdnwzk9ytmf88922w53qihf5&raw=1,호브드 강,ホブド川,科布多河,Река Ховд
460,1,Байгалийн үзэсгэлэнт газар,Хойд цэнхэрийн агуй,Northern Blue Cave,Ховд,Khovd,Манхан,Mankhan,47.34736,91.95668,Манхан сумын төвөөс баруун өмнө зүгт 25 км зайтай оршино.,It is located 25 km southwest of the center of Mankhan soum.,https://www.dropbox.com/scl/fi/725n7dg85uah05emei154/.jpg?rlkey=cnithtzmq4kxkxor67vmom7wl&raw=1,북쪽 블루 케이브,北方の青の洞窟,北部蓝洞,Северная Голубая Пещера
461,1,Байгалийн үзэсгэлэнт газар,Хөдөө нуур(Ховд),Khuduu Lake(Khovd),Ховд,Khovd,Зэрэг,Zereg,47.10598,92.79624,Зэрэг сумаас баруун зүгт 2.7 км зайтай оршино.,It is located 2.7 km west of Zereg soum.,https://www.dropbox.com/scl/fi/g6atm9mzciupo7m7ef4la/.jpg?rlkey=8onnmucs6cisz5tex0vpb1lcb&raw=1,쿠두 호수,クドゥ湖,库杜湖,Озеро Худуу
462,1,Байгалийн үзэсгэлэнт газар,Хясаа нуур,Oyster Lake,Ховд,Khovd,Үенч,Uench,46.10207,92.04649,Үенч сумын төвөөс хойд зүгд 4.5 км зайтай оршдог хиймэл нуур юм.,It is an artificial lake located 4.5 km north of the center of Uench soum.,https://www.dropbox.com/scl/fi/wzoert8hgojm6i26bjh6q/.jpg?rlkey=t3isnmelm9fih8ripl10629u0&raw=1,오이스터 레이크,オイスターレイク,牡蛎湖,Озеро Ойстер
463,1,Байгалийн үзэсгэлэнт газар,Цэцэг нуур,Tsetseg Lake,Ховд,Khovd,Цэцэг,Tsetseg,46.66636,93.25152,Цэцэг сумын төвөөс хойд зүгт 15 км зайтай оршино.,It is located 15 km north of the center of Tsetseg soum.,https://www.dropbox.com/scl/fi/4dvez6y93c0lf3okx8fgo/.jpg?rlkey=m6usgvv0gmwnyx5j15krapea9&raw=1,체체그 호수,ツェツェグ湖,采采格湖,Озеро Цецег
464,1,Байгалийн үзэсгэлэнт газар,Жаргалан хайрхан уул (3797м),Jargalant Khairkhan Mountain (3797m),Ховд,Khovd,Манхан,Mankhan,47.6872,92.56369,Манхан сумын төвөөс зүүн хойд зүгт далайн түвшнээс дээш 3796 метр өргөөгдсөн хайрхан юм.,"It is a mountain located northeast of the center of Mankhan soum, 3,796 meters above sea level.",https://www.dropbox.com/scl/fi/zwm80ynli2ukwlie9xil2/.jpg?rlkey=mnk6i2z0onb2j7k7rrzid26tc&raw=1,자르갈란트 카이르칸 산,ジャルガラント・ハイルハン山,贾尔加兰特·海尔汗山,Гора Джаргалант Хайрхан
465,1,Байгалийн үзэсгэлэнт газар,Бумбат хайрхан уул (3464м),Bumbat Khairkhan Mountain (3464m),Ховд,Khovd,Чандмань,Chandmani,47.28795,93.03099,"Зэрэг, Дарви, Чандмань сумдын зааг нутагт орших далын түвшнээс 3464 метр өргөгдсөн уул юм.","It is a mountain located on the border of Zereg, Darvi, and Chandman soums, rising 3,464 meters above sea level.",https://www.dropbox.com/scl/fi/1nnfm21anwm0bgvyddrjx/.jpg?rlkey=hxdv6a2z3dnmy5w4hl74u0tl7&raw=1,붐바트 카이르칸 산,ブンバット・ハイルハン山,邦巴特海尔汗山,Гора Бумбат Хайрхан
466,1,Байгалийн үзэсгэлэнт газар,Баатар хайрхан уул (3984м),Baatar Kharkhan Mountain (3984m),Ховд,Khovd,Зэрэг,Zereg,46.96934,92.72495,"Зэрэг, Мөст сумдын зааг нутагт орших далын түвшнээс 3984 метр өргөгдсөн уул юм.","It is a mountain located on the border of Zereg, must soums, rising 3,984 meters above sea level.",https://www.dropbox.com/scl/fi/hfe0n6pbu1sjvaj5p9989/.jpg?rlkey=w1ziqbughms7w8piso16lac6w&raw=1,바타르 카이르칸 산,バータル・ハイルハン山,巴塔尔·海尔汗山,Гора Баатар Хайрхан
467,2,Түүхийн дурсгалт газар,Дуутын овоо,Duutyn Ovoo,Ховд,Khovd,Дуут,Duut,47.53386,91.54503,Дуут нуурын баруун хойд талд 250 орчим метр зайтай оршино. ,It is located about 250 meters northwest of Duut Lake.,https://www.dropbox.com/scl/fi/nxo6730nn9bj98hupe1tu/.jpg?rlkey=6kxsy5edqt0vxjzgeav76vcli&raw=1,두틴 오보,ドゥティン・オヴォー,杜廷·奥沃,Дуутин Овоо
468,1,Байгалийн үзэсгэлэнт газар,Ачмаг нуур,Achmag Lake,Хөвсгөл,Khuvsgul,Түнэл,Tunel,49.6602,100.4869,"Аймгийн төв Мөрөн хотоос зүүн зүгт 23 км, Түнэл сумын төвөөс баруун өмнө зүгт  28 км  зайтай оршино.",The aimag's center is located 23 km east of the city of Muron and 28 km southwest of the center of Tunel soum.,https://www.dropbox.com/scl/fi/kdyfnl8sz3adj7dfn4mpg/.jpg?rlkey=tw3f3qpwfau4sahg4o1fc0vjg&raw=1,아크마그 호수,アシュマグ湖,阿赫马格湖,Озеро Ачмаг
469,1,Байгалийн үзэсгэлэнт газар,Бүрэнхаан уул Хөвсгөл,Burenkhaan Mountain Khuvsgul,Хөвсгөл,Khuvsgul,Ханх,Khankh,51.71853,100.60112,"Ханх сумын чанх хойд хэсэгт ОХУ, Монгол Улсын хилийн дагуу 70 орчим км үргэлжлэх зүүн Саяны нурууны салбар уулсын нэг бол Бүрэнхаан уул юм.  Гантиг чулуулгаас тогтсон Бүрэнхаан уул Хөвсгөл аймгийн хамгийн өндөр ууланд тооцогддог бөгөөд оргил нь 3491 метр өндөртэй Мөнх сарьдаг юм.","Burenkhaan Mountain is one of the branches of the Eastern Sayan Range, which stretches for about 70 kilometers along the border of Russia and Mongolia, just north of Khankh Sum. Burenkhaan Mountain, made of marble, is the highest mountain in Khuvsgul Province, with its peak at 3,491 meters, Munkh Sarydag.",https://www.dropbox.com/scl/fi/7hf280e8qk99su0mzlgwg/.jpg?rlkey=ga5wh54lazxwwjuwsobosv3ft&raw=1,부렌칸 산,ブレンカーン山,布伦坎山,Гора Буренхаан
470,2,Түүхийн дурсгалт газар,Гэлэнхүүгийн суварга,Gelenkhuu Stupa,Хөвсгөл,Khuvsgul,Жаргалант,Jargalant,48.68467,99.37348,Жаргалант сумын төвөөс баруун өмнө зүгт 13 км зайтай оршино.,It is located 13 km southwest of the center of Jargalant soum.,https://www.dropbox.com/scl/fi/wkt00pzhs3es8s2z8j112/Gelenkhuu.jpg?rlkey=q8essjgkwhv7ctwowqyo0334n&raw=1,겔렌쿠 스투파,ゲレンクー仏塔,格伦库佛塔,Ступа Геленхуу
471,1,Байгалийн үзэсгэлэнт газар,Даян дээрхийн агуй,Dayan Deerkhi Cave,Хөвсгөл,Khuvsgul,Цагаан-Үүр,Tagaan-uur,50.55097,101.98179,Цагаан-Үүр сумын төвөөс зүүн зүгт 53  км зайтай оршино.,It is located 53 km east of the center of Tsagaan-Uur soum.,https://www.dropbox.com/scl/fi/wxn5nvcxl11ql0ummnsp7/Dayandeerkh.jpg?rlkey=o0afk3zh61vbczco7d8i757xe&raw=1,다얀 디르키 동굴,ダヤン ディルキ洞窟,达延迪尔克希洞,Пещера Даян Дирхи
472,1,Байгалийн үзэсгэлэнт газар,Доод цагаан нуур,Dood Tsagaan Nuur,Хөвсгөл,Khuvsgul,Цагааннуур,Tsagaannuur,51.35143,99.384,Дархадын хотгорын хойд хэсэгт байх  Доод цагаан нуурын баруун эрэг дээр Цагааннуур сумын төв оршино. ,"The center of Tsagaannuur soum is located on the west bank of Dood Tsagaan Lake, in the northern part of the Darkhad Depression.",https://www.dropbox.com/scl/fi/awupytrkwediu9exb69nq/Doodtsagaanlake.jpg?rlkey=3yobx4paqny3xq8u2u8agpp0d&raw=1,두드 차강 누르,ドゥード・ツァガーン・ヌール,杜德查干努尔,Дуд Цагаан Нуур
473,1,Байгалийн үзэсгэлэнт газар,Зүүн нуур,Zuun Lake,Хөвсгөл,Khuvsgul,Шинэ-Идэр,Shine-Ider,49.0634,99.47813,Шинэ-Идэр сумын төвөөс хойд зүгт 14  км зайтай оршино.,It is located 14 km north of the center of Shine-Ider soum.,https://www.dropbox.com/scl/fi/v0rjiw6yvxplugmflul5r/.jpg?rlkey=847x2ln9c4fa8fwd2c6080g0g&raw=1,준 호수,瑞雲湖,祖恩湖,Озеро Зуун
474,1,Байгалийн үзэсгэлэнт газар,Идэр гол,Ider River,Хөвсгөл,Khuvsgul,Жаргалант,Jargalant,48.62738,99.10043,"Жаргалант хойд талаар 1.5 км ийн зайтай урсан гарах Идэрийн гол нь  Завхан аймгийн Идэр, Тэлмэн, Тосонцэнгэл, Их уул сум, Хөвсгөл аймгийн Жаргалант, Галт, Төмөрбулаг, Рашаант сум, Архангай аймгийн Цэцэрлэг сум гэх мэт арваад сумын нутгаар дайран урсаж Хөвсгөл аймгийн Төмөрбулаг, Тосонцэнгэл, Рашаант сумдын зааг Олон голын бэлчир хэмээх газар Дэлгэр мөрөнтэй нийлж Сэлэнгэ мөрнийг үүсгэдэг.","The Ider River, which flows 1.5 km north of Jargalant, flows through the territories of ten soums, including Ider, Telmen, Tosontsengel, and Ikh Uul sums of Zavkhan aimag, Jargalant, Galt, Tumurbulag, and Rashaant sums of Khuvsgul aimag, and Tsetserleg soum of Arkhangai aimag. It meets the Delger River at the Olon Gol delta, on the border of Tumurbulag, Tosontsengel, and Rashaant sums of Khuvsgul aimag, to form the Selenge River.",https://www.dropbox.com/scl/fi/lrh14znj5xvk4ut5ed0h2/.jpg?rlkey=vcsaakdbunfzzx2nqu2mv024d&raw=1,아이더 강,アイダー川,艾德河,Река Идер
475,1,Байгалийн үзэсгэлэнт газар,Модон хүй арал,Modon Khui Island,Хөвсгөл,Khuvsgul,Хөвсгөл нуур,Khuvsgul Lake,50.9774,100.50621,"Тэнгэр баганадсан модоор бүрхэгдсэн арлын урт нь 4 км, өргөн нь 3 км юм. Энэ аралд хандгай, гөрөөс, чандага зэрэг төрөл бүрийн ан амьтад байдаг, олон зүйлийн ургамал жимс ургадаг ажээ.","The island, covered in towering trees, is 4 km long and 3 km wide. It is home to a variety of wildlife, including elk, deer, and otters, and many types of plants and fruits grow on the island.",https://www.dropbox.com/scl/fi/2mh0byp9fpyn6zp3k7rw2/.jpg?rlkey=f576fcm93tm6k40quf0rjlu7o&raw=1,모돈쿠이 섬,モドン・クイ島,莫东库伊岛,Остров Модон Кхуй
476,1,Байгалийн үзэсгэлэнт газар,Мөсний баяр болдог газар,Ice festival venue,Хөвсгөл,Khuvsgul,Хөвсгөл нуур,Khuvsgul Lake,50.46708,100.19323,Хадан хүй арлын зүүн талд оршино. ,It is located on the east side of Khadan Khui Island.,https://www.dropbox.com/scl/fi/8n3k19eungp3cljboapxd/.jpg?rlkey=5nc1r6gk273ka9yclwmcnwe6s&raw=1,아이스 페스티벌 장소,氷祭り会場,冰雪节场地,Место проведения ледового фестиваля
477,1,Байгалийн үзэсгэлэнт газар,Хадан хүй арал,Khadan Khui Island,Хөвсгөл,Khuvsgul,Хөвсгөл нуур,Khuvsgul Lake,50.46818,100.18773,Хөвсгөл нуурын өмнөд хэсэгт байна.,It is located in the southern part of Lake Khuvsgul.,https://www.dropbox.com/scl/fi/9x74bonh17cba1vo4wtjy/.jpg?rlkey=xemy5idx8e73qsj6yzkix5akv&raw=1,카단 쿠이 섬,カダン・クイ島,卡丹库伊岛,Остров Хадан Кхуй 
478,1,Байгалийн үзэсгэлэнт газар,Өрхөт нуур,Urkhut Lake,Хөвсгөл,Khuvsgul,Арбулаг,Arbulag,49.90329,99.39359,Арбулаг сумын төвөөс баруун зүгт 3.5 км зайтай оршино.,It is located 3.5 km west of the center of Arbulag soum.,https://www.dropbox.com/scl/fi/8p1tvhskfvtufwq96msbr/.jpg?rlkey=g3d0hkymmxkadq2lwgabtco29&raw=1,우르쿠트 호수,ウルクット湖,乌尔胡特湖,Озеро Урхут
479,1,Байгалийн үзэсгэлэнт газар,Тарган нуур,Targan Lake,Хөвсгөл,Khuvsgul,Рэнчинлхүмбэ,Renchinlkhumbe,51.46534,99.4866,"Цагааннуур сумын төвөөс зүүн хойд зүгт 18 км зайтай,  Далайн түвшнээс дээш 1538 метр өндөрт оршино. ","It is located 17 km northeast of the center of Tsagaannuur soum, at an altitude of 1,538 meters above sea level.",https://www.dropbox.com/scl/fi/pw74sutp9moiih8y8rwez/.jpg?rlkey=fivnxyeuten9vmbkdgz02lv0b&raw=1,타르간 호수,ターガン湖,塔甘湖,Тарганское озеро
480,1,Байгалийн үзэсгэлэнт газар,Хар усны рашаан ,Khar Usny Mineral Water,Хөвсгөл,Khuvsgul,Ренчинлхүмбэ,Renchinlhumbe,50.93518,100.24701,Хөвсгөл нуурын баруун эрэгт оршино.,It is located on the west bank of Lake Khuvsgul.,https://www.dropbox.com/scl/fi/z8lidp124q3uobqe17ixd/.jpg?rlkey=adr1oz9tpxyobdcb26gbch69p&raw=1,카르 우스니 미네랄워터,カル・ウスニー・ミネラルウォーター,哈尔乌斯尼矿泉水,Минеральная вода Khar Usny
481,1,Байгалийн үзэсгэлэнт газар,Жаргант гол,Jargant River,Хөвсгөл,Khuvsgul,Рэнчинлхүмбэ,Renchinlkhumbe,51.08096,99.70503,Рэнчинлхүмбэ сумын төвөөс зүүн урд зүгт 3.5 км зайтай оршино.,It is located 3.5 km southeast of the center of Renchinlhumbe soum.,https://www.dropbox.com/scl/fi/5zil00zavgea8rcbdwjx3/.jpg?rlkey=qwlb4gii7q6e9vfnbpegl1tau&raw=1,자르간트 강,ジャルガント川,贾根特河,c
482,1,Байгалийн үзэсгэлэнт газар,Цойцон нуур,Tsoitson Lake,Хөвсгөл,Khuvsgul,Ренчинлхүмбэ,Renchinlhumbe,51.31438,99.5765,Рэнчинлхүмбэ сумын төвөөс баруун хойд зүгт 25 км зайтай оршино.,It is located 25 km northwest of the center of Renchinlhumbe soum.,https://www.dropbox.com/scl/fi/cf4fyetwqg1v4nzlbki1z/.jpg?rlkey=48wlr2d0qqnmxu4aaoylsbe3g&raw=1,초이촌 호수,ツォイチョン湖,措伊琼湖,Озеро Цойцон
483,2,Түүхийн дурсгалт газар,Уушгийн өврийн буган хөшөө,Uushgiin Uvur Deer Stone,Хөвсгөл,Khuvsgul,Бүрэнтогтох,Burentogtokh,49.65565,99.92866,Аймгийн төв Мөрөн хотоос 18 км зайтай орших Уушиг уулын өвөрт булш хиргисүүр хөшөө чулуу маш олонтой бөгөөд нэгэн дор 14 буган хөшөө буй.,"Located 18 km from the provincial capital, Muron, on the slopes of Uushig Mountain, there are many tombstones and stone statues, including 14 deer statues.",https://www.dropbox.com/scl/fi/blk8pncw1tn69ed4m1y5w/.jpeg?rlkey=8ihz8rss8yzzlborc0f4kz1uw&raw=1,우쉬긴 우부르 사슴 돌,ウシュギイン・ウブル鹿の石,乌什金·乌武尔·鹿石,Олений камень Уушгийн Увур
484,1,Байгалийн үзэсгэлэнт газар,Мөнхсарьдиг уул (3491м),Munkhsardig Mountain (3491m),Хөвсгөл,Khuvsgul,Ханх,Khankh,51.71892,100.59685,Далайн түвшнээс дээш 3491 метр өргөгдсөн уул.,A mountain that rises 3491 meters above sea level.,https://www.dropbox.com/scl/fi/3q00lg8x8a41cmg7h7wfw/.jpg?rlkey=k5e0w53icv7c9ql39rn50ulp5&raw=1,뭉크사르디그 산,ムンクサルディグ山,蒙克萨迪格山,Гора Мункхсардиг
485,1,Байгалийн үзэсгэлэнт газар,Элст эрэг,Sand Beach,Хөвсгөл,Khuvsgul,Ханх,Khankh,51.61475,100.57373,Ханх сумын төвөөс баруун хойд зүгт 15 км зайтай оршино.,It is located 15 km northwest of the center of Khankh soum.,https://www.dropbox.com/scl/fi/4ea5kn5bjpvqwb3zredti/.jpg?rlkey=a9rgywj7jdprb0dkqpf2a53hv&raw=1,모래사장,砂浜,沙滩,Песчаный пляж
486,1,Байгалийн үзэсгэлэнт газар,Хөвсгөл нуур,Khubsugul Lake,Хөвсгөл,Khuvsgul,Ханх,Khankh,50.99178,100.42641,"Хөвсгөл нуур нь Монгол улсын хойд хэсэгт Хөвсгөл аймагт далайн түвшнээс 1645 метр өндөрт оршдог цэнгэг устай нуур. Энэ нуур нь Монголын хамгийн их эзлэхүүнтэй, хамгийн гүн нуур юм. Хөвсгөл нуурын хамгийн гүн хэсэгтээ 262.4 метр, урт нь 136 км, хамгийн өргөн хэсэг нь 36,5 км ажээ.","Khuvsgul Lake is a freshwater lake located in Khuvsgul Province in northern Mongolia at an altitude of 1,645 meters above sea level. It is the largest and deepest lake in Mongolia. Khuvsgul Lake is 262.4 meters deep at its deepest point, 136 km long, and 36.5 km wide at its widest point.","https://www.dropbox.com/scl/fi/10ui5z3hr7ozvny1w9x7o/.jpg?rlkey=6u3m4sso6jbuy5hktksxzfgus&raw=1,https://www.dropbox.com/scl/fi/s0bc0g0kiwx5qy2p6zn8s/1.jpg?rlkey=oz8lndljd83wxplscb07jvayv&raw=1",쿳수굴 호수,フブスグル湖,库苏古尔湖,Озеро Хубсугул
487,1,Байгалийн үзэсгэлэнт газар,Хурцын агуй,Khurts Cave,Хөвсгөл,Khuvsgul,Алаг-Эрдэнэ,Alag-Erdene,50.15557,99.81779,Алаг-Эрдэнэ сумын төвөөс баруун хойд зүгт 20 км зайтай оршино.,It is located 20 km northwest of the center of Alag-Erdene soum.,,쿠르트 동굴,クルツ洞窟,库尔特洞穴,Пещера Хурц
488,1,Байгалийн үзэсгэлэнт газар,Хүслийн хад,The Rock of Desire,Хөвсгөл,Khuvsgul,Алаг-Эрдэнэ,Alag-Erdene,50.545673,100.211352,Хатгал тосгоноос хойд зүгт 14 км зайтай оршино.,It is located 14 km north of Khatgal village.,https://www.dropbox.com/scl/fi/u2qkksvthjdk1qgqk5s2d/.jpg?rlkey=snow2yztdwd8asf7cbouswwmh&raw=1,욕망의 바위,欲望の岩,欲望之岩,Скала Желания
489,1,Байгалийн үзэсгэлэнт газар,Эрхэл нуур,Erkhel Lake,Хөвсгөл,Khuvsgul,Алаг-Эрдэнэ,Alag-Erdene,49.94265,99.91613,Алаг-Эрдэнэ сумын төвөөс баруун өмнө зүгт 23 км зайтай оршино.,It is located 23 km southwest of the center of Alag-Erdene soum.,https://www.dropbox.com/scl/fi/mq7u8ycf916dgxd5gnx6z/.jpg?rlkey=eby8fyob5ux7kg4ma8ntkp0ja&raw=1,에르켈 호수,エルケル湖,埃尔克湖,Озеро Эрхель
490,1,Байгалийн үзэсгэлэнт газар,Сангийн далай нуур (Хөвсгөл),Sangiin Dalai Lake (Khuvsgul),Хөвсгөл,Khuvsgul,Бүрэнтогтох,Burentogtokh,49.24725,99.04066,"Бүрэнтогтох, цагаан-Уул, Шинэ-Идэр сумдын хилийн заагт Далайн түвшнээс дээр 1891 метр өндөрт оршино.","It is located at an altitude of 1891 meters above sea level on the border of Burentogtoh, Tsagaan-Uul, and Shine-Ider soums.",https://www.dropbox.com/scl/fi/td36gfyx4slhnpdps7qdd/..JPG?rlkey=xgin0p69fivvgtu6nec0sqk8i&raw=1,상긴 호수,サンギン湖,桑金湖,Озеро Сангийн Далай
491,1,Байгалийн үзэсгэлэнт газар,Тунамал нуур,Tunamal Lake,Хөвсгөл,Khuvsgul,Цагаан-Уул,Tsagaan-Uul,49.41267,98.523,Далайн түвшнээс дээш 1988 метр өндөрт орших нуур.,The lake is located at an altitude of 1988 meters above sea level.,https://www.dropbox.com/scl/fi/7xo6meix9eefde7c6h4jo/.jpg?rlkey=gfcx3zn037p204s196uxre07p&raw=1,特纳马尔湖,トゥナマル湖,特纳马尔湖,Озеро Тунамал
492,1,Байгалийн үзэсгэлэнт газар,Бошлой хад,Boshloi Rock,Хөвсгөл,Khuvsgul,Баянзүрх,Bayanzurkh,50.14724,98.88119,Баянзүрх сумын төвөөс баруун өмнө зүгт 8 км зайтай оршино.,It is located 8 km southwest of the center of Bayanzurkh soum.,https://www.dropbox.com/scl/fi/cyc9ik8xzouhxkccrbkrp/.jpg?rlkey=6bottol3ttjsw90u4b6phvzz9&raw=1,보슐로이 록,ボシュロイロック,博什洛伊岩,Бошлой Скала
493,1,Байгалийн үзэсгэлэнт газар,Уширын хүрхрээ,Ushir Waterfall,Хөвсгөл,Khuvsgul,Баянзүрх,Bayanzurkh,50.16787,98.96062,Баянзүрх сумын төвөөс баруун өмнө зүгт 1.5 км зайтай оршино.,It is located 1.5 km southwest of the center of Bayanzurkh soum.,https://www.dropbox.com/scl/fi/wd3ybrovwto1zswd9lul0/.jpg?rlkey=3rottjo7p2ck7cvbnsxidue5m&raw=1,우시르 폭포,ウシル滝,乌希尔瀑布,Водопад Уширин
494,1,Байгалийн үзэсгэлэнт газар,Шигтгээ хад,Shigtgee Rock,Хөвсгөл,Khuvsgul,Улаан-Уул,Ulaan-Uul,50.7812,99.52451,Улаан-Уул сумын төвөөс зүүн хойд зүгт 35 км зайтай оршино.,It is located 35 km northeast of the center of Ulaan-Uul soum.,https://www.dropbox.com/scl/fi/2pzea9llfclpypw43tqnf/.jpg?rlkey=a6mzk6fs8qlj4bjwz0w9st6ih&raw=1,시그트기 록,シグトギーロック,希格特吉岩,Шигтги Скала
495,1,Байгалийн үзэсгэлэнт газар,Ар босготын хавцал,Canyon Ar Bosgot,Хөвсгөл,Khuvsgul,Улаан-Уул,Ulaan-Uul,50.79262,99.51672,Улаан-Уул сумын төвөөс зүүн хойд зүгт 33.5 км зайтай оршино.,It is located 33.5 km northeast of the center of Ulaan-Uul soum.,https://www.dropbox.com/scl/fi/d5jen7cipcqqww9npf7b9/.jpg?rlkey=q4y6qfwp27q9w3ytnbp9ru33s&raw=1,캐니언 아르 보스곳,キャニオン・アル・ボスゴット,峡谷阿博斯戈特,Каньон Ар Босгот
496,1,Байгалийн үзэсгэлэнт газар,Улаан тайга байгалийн цогцолбор газар,Ulaantaiga Bio Reserve,Хөвсгөл,Khuvsgul,Баянзүрх,Bayanzurkh,50.33779,98.36527,Уулын тайгын бүслүүр тархсан өндөр уулс юм. ,The mountain taiga belt is spread over high mountains.,https://www.dropbox.com/scl/fi/4pjpejbry4de88atgvo65/.jpg?rlkey=8qwwl5m74oq761r1s2rzw4w8k&raw=1,레드 타이가 국립공원,レッドタイガ国立公園,红泰加国家公园,Национальный парк Красная тайга
497,1,Байгалийн үзэсгэлэнт газар,Шишгэд гол,Shishged River,Хөвсгөл,Khuvsgul,Рэнчинлхүмбэ,Renchinlkhumbe,51.47938,98.86744,"Хөвсгөл аймгийн Рэнчинлхүмбэ, Цагааннуур, Улаан-Уул сумдын нутгаар урсан ОХУ-ын нутаг уруу урсан орно. ","It flows through the Renchinlhumbe, Tsagaannuur, and Ulaan-Uul soums of Khuvsgul aimag and enters the territory of Russia.",https://www.dropbox.com/scl/fi/dn796nyf66kgp8rt055ke/.jpg?rlkey=lju8bmngowobrv5unwd4cepfp&raw=1,시시게드 강,シシュゲド川,希什格德河,Река Шишгэд
498,1,Байгалийн үзэсгэлэнт газар,Шишгэд Тэнгис голын бэлчир,Shishged Tengis River Delta,Хөвсгөл,Khuvsgul,Рэнчинлхүмбэ,Renchinlkhumbe,51.46801,99.02357,Рэнчинлхүмбэ сумын нутагт Цагааннуур сумын төвөөс баруун хойд зүгт 32 км зайтай оршино.,It is located 32 km northwest of the center of Tsagaannuur soum in Renchinlhumbe soum.,https://www.dropbox.com/scl/fi/z3l3q26xxbti86p5g4nne/.jpg?rlkey=mp54allfqo10gv8x29fo4hufh&raw=1,시시게드 텡기스 강 삼각주,シシュゲド・テンギス川デルタ,希什格德腾吉斯河三角洲,Дельта реки Шишгед Тенгис
499,1,Байгалийн үзэсгэлэнт газар,Дэлгэр мөрөн,Delger River,Хөвсгөл,Khuvsgul,Бүрэнтогтох,"Burentogtokh, Tunel, Tumurbulag, Tosontsengel",49.63129,99.783,Дэлгэр мөрөн Идэрийн голтой нийлэн Сэлэнгэ мөрний эхийг үүсгэнэ.,The Delger River merges with the Ider River to form the headwaters of the Selenge River.,https://www.dropbox.com/scl/fi/ojyfvno8esphlcgy2wcgm/.jpg?rlkey=ds1zvmbb3694cdtvy8r5azxfq&raw=1,델거 강,デルガー川,德尔格河,Река Делгер
500,1,Байгалийн үзэсгэлэнт газар,Хорьдол Сарьдаг дархан цаазат газар,Khoridol Saridag Strictly Protected Area,Хөвсгөл,Khuvsgul,Рэнчинлхүмбэ,Renchinlkhumbe,50.69031,99.72207,Ян сарьдаг бүхий өвөрмөц тогтоцтой өндөр уулын бүслүүрийг төлөөлсөн уулс юм,The mountains represent a high mountain belt with a unique formation of Yang Saridag.,https://www.dropbox.com/scl/fi/3tf4mnbx4ftbvxkcjypkh/2.jpg?rlkey=c37f45w0aq412hn51fi6ya8cx&raw=1,호돌 사리다그 야생동물 보호구역,ホードル サリダグ野生生物保護区,霍多尔萨里达格野生动物保护区,Заповедник Хордол Саридаг
501,2,Түүхийн дурсгалт газар,Алунгоо эхийн хөшөө,Statue of Mother Alungoo,Хөвсгөл,Khuvsgul,Чандмань-Өндөр,Chandmani-Undur,50.4165,100.976,Чандмань-Өндөр сумын төвөөс зүүн өмнө зүгт 12 км зайтай оршино.,It is located 12 km southeast of the center of Chandmani-Undur soum.,https://www.dropbox.com/scl/fi/ery3m8nvd471m2tecoz0o/.jpg?rlkey=juq022sfpf229ytt8k8t66wia&raw=1,알룽구 어머니 동상,マザー・アルングーの像,阿隆古母亲雕像,Статуя Матери Алунгу
502,2,Түүхийн дурсгалт газар,Удган мод,Shaman tree,Хөвсгөл,Khuvsgul,Цагаан-Үүр,Tsagaan-Uur,50.5391,101.46266,Цагаан-Үүр сумын төвөөс баруун зүгт 3.5 км зайтай оршино.,It is located 12 km west of the center of Tsagaan-Uur soum.,https://www.dropbox.com/scl/fi/o2n1dtj6q0our2nyp6037/.jpg?rlkey=b3q6uaxdd50qtra8pk8u0d9ai&raw=1,샤먼 트리,シャーマンツリー,萨满树,Дерево шамана
503,1,Байгалийн үзэсгэлэнт газар,Их уул,Ikh Uul Mountain,Хөвсгөл,Khuvsgul,Их уул,Ikh-Uul,49.44844,101.64292,"Байгалийн өвөрмөц тогтоц, түүхэн ач холбогдол бүхий уул юм.",It is a mountain with a unique natural formation and historical significance.,https://www.dropbox.com/scl/fi/v6ax9olh4f4ntnaeafnp5/.jpg?rlkey=g1ncpxlltuersnuu63qriquvv&raw=1,이크 울 산,イク・ウル山,伊赫乌拉山,Гора Их Уул
504,1,Байгалийн үзэсгэлэнт газар,Монгол шарын даваа,Mongolian Yellow Pass,Хөвсгөл,Khuvsgul,Цагааннуур,Tsagaannuur,52.147,98.942,Монгол улсын хойд цэг,The northernmost point of Mongolia,https://www.dropbox.com/scl/fi/u0402lcbmg07kdwskrhgo/.jpg?rlkey=qdfgphcuyy8wyizmc5ri95n12&raw=1,몽골의 욜티예 고개,モンゴルのジョルティエ峠,蒙古乔尔蒂耶山口,Монгол жёлтый перевал
505,1,Байгалийн үзэсгэлэнт газар,Эг гол,Eg River,Хөвсгөл ,Khuvsgul,Алаг-Эрдэнэ,Alag-Erdene,50.24092,100.09429,"Монгол орны хамгийн гүн цэнгэг Хөвсгөл нуураас эх аван Хөвсгөл, Булган аймгуудын нутгаар урсан Сэлэнгэ мөрөнд зүүн гараас нь цутгадаг гол юм.","It is a river that originates from Lake Khuvsgul, the deepest freshwater lake in Mongolia, and flows through Khuvsgul and Bulgan provinces, where it flows into the Selenge River on the left bank.",https://www.dropbox.com/scl/fi/jnl8ol54cm59yh6rbsmyp/.jpg?rlkey=n6nd9vxvdjvvu6n0j0f17x30h&raw=1,에게해 강,エーゲ海川,爱琴海,Река Эг
506,1,Байгалийн үзэсгэлэнт газар,Дэлгэрхаан уул (3087м),Delgerkhaan Mountain (3087m),Хөвсгөл ,Khuvsgul,Улаан-Уул,Ulaan-Uul,50.76337,99.58168,Улаан-Уул сумын төвөөс зүүн хойд зүгт 38  км зайтай оршино.,It is located 38 km northeast of the center of Ulaan-Uul soum.,https://www.dropbox.com/scl/fi/6mlc0awbp41ktbx25yglh/.jpg?rlkey=9mndsrpd6x2x7ng1gemzpah15&raw=1,델게르칸 산,デルガーカーン山,德尔格汗山,Гора Дельгерхаан
507,2,Түүхийн дурсгалт газар,Дархадын 13 овоо,Darkhadyn 13 Ovoo,Хөвсгөл,khuvsgul,Улаан-Уул,Ulaan-Uul,50.57741,99.143,УлаанУул сумын төвөөс баруун өмнө зүгт 14 ъм зайтай оршино.,It is located 14 km southwest of the center of UlaanUul soum.,https://www.dropbox.com/scl/fi/j7naons558xm82aost80q/13.jpg?rlkey=lu0j42y5d5uz7ntolqy2n3q42&raw=1,다크하딘 13 오보,ダークハディン13 オヴォー,13 다크하드 힐스,Даркхадин 13 Овоо
508,1,Байгалийн үзэсгэлэнт газар,Жугнай нуур,Lake Jugnai,Хөвсгөл,Khuvsgul,Цэцэрлэг,Tsetserleg,49.34201,97.52259,Цэцэрлэг сумын төвөөс баруун өмнө зүгт 27 км зайтай оршино. ,It is located 27 km southwest of the center of Tsetserleg soum.,https://www.dropbox.com/scl/fi/hoyct7mqokc3jtgmsnx6u/.jpg?rlkey=sqzqjpe3d3rl0a1emvpefg4j3&raw=1,주그나이 호수,ジュグナイ湖,朱格奈湖,Озеро Джугнай
509,1,Байгалийн үзэсгэлэнт газар,Аварга тосон нуур,Avarga Toson Lake,Хэнтий ,Khentii,Дэлгэрхаан,Delgerkhaan,47.189,109.153,"Нуурын баруун хойд захад дээрээ цайвар саарал, доороо хар хөх бараан өнгөтэй маш нарийн тос шиг найнги шавар байх бөгөөд нуурын урд захад нарийн хар бэх мэт тас хар тослог шавар 50 сантиметр гүнээс гарч байдаг ажээ. Тосон нуурын баруун хойд өнцөгт байдаг хонхороос энэ нуурын ус ундрах бөгөөд тэрхүү хонхор нь цайвар өнгөтэй нарийн шавартай. Хонхор нь 15 метр урт, 7 метр өргөн, хөл алдаж шигдэхээр гүн ажээ.","On the northwest edge of the lake, there is a very fine oily mud that is light gray on top and dark blue underneath, and on the south edge of the lake, a very fine black oily mud that is as dark as ink emerges from a depth of 50 centimeters. The water of this lake flows from a depression in the northwest corner of Toson Lake, and that depression is made of light-colored fine mud. The depression is 15 meters long, 7 meters wide, and is deep enough to sink into.",https://www.dropbox.com/scl/fi/qhkqef574uwtbex492wko/.jpg?rlkey=0gb61h2b38n6ynynuwquwckj6&raw=1,아바르가 토손 호수,アヴァルガ トソン レイク,阿瓦尔加托森湖,Озеро Аварга Тосон
510,2,Түүхийн дурсгалт газар,Андлалын хөшөө,Friendship Monument,Хэнтий ,Khentii,Батноров,Batnorov,48.03371,111.39026,Батноров сумын төвөөс баруун хойш 15 км зайтай Дэлгэрхаан уулын өмнө аманд байна. ,"It is located at the foot of Delgerkhaan Mountain, 15 km northwest of the center of Batnorov soum.",https://www.dropbox.com/scl/fi/53qr5cqf38bg2yjqwec6s/.jpg?rlkey=h65cn9caq184n4fohun92cbop&raw=1,우정 기념비,友情の記念碑,友谊纪念碑,Памятник дружбе
511,2,Түүхийн дурсгалт газар,Анчин баавайн гэр музей,Hunter Baavai'S Home Museum,Хэнтий ,Khentii,Дадал,Dadal,49.03279,111.55265,60 гаруй амьтны чихмэл байдаг,There are over 60 stuffed animals,https://www.dropbox.com/scl/fi/is9nj3lgq0h4xrpwdqh3i/.jpg?rlkey=hxqp2fd30rtr7scs53dg75ab4&raw=1,헌터 바바이의 집 박물관,ハンター バーバイの家博物館,亨特巴瓦伊故居博物馆,Дом-музей Хантера Баавая
512,2,Түүхийн дурсгалт газар,Ауруг ордын туурь,Aurug Ord Ruin,Хэнтий ,Khentii,Дэлгэрхаан,Delgerkhaan,47.09639,109.16112,"Дэлгэрхаан сумын нутагт Аварга тосонгийн рашаан сувиллаас урагш, Аураг рашааны хойхон талд Рашаан дэрсний ухаа хэмээх газрын хөрсөн доор эртний нэгэн хотын үлдэгдэл бий.","In the territory of Delgerkhaan soum, south of the Avarga Tosongi Spa and north of the Aurag Spa, there are remains of an ancient city under the soil of a place called the Rasahan Dersin Ukhaa.",https://www.dropbox.com/scl/fi/i23wg8b9j9sezre2e43zw/.jpg?rlkey=hxgw639noic1csr6o1ktir2gz&raw=1,아우루그 오르드 폐허,アウラグオルド遺跡,奥鲁格奥德废墟,Руины Ауруг Орда
513,3,Шашны дурсгалт газар,Балдан бэрээвэн хийд,Baldan Bereeven Monastery,Хэнтий ,Khentii,Өмнөдэлгэр,Umnudelger,48.20078,109.42906,Өмнөдэлгэр сумын Баянзүрх багийн нутагт Мөнх-Өлзийт уулын өвөрт 1777 онд Цэвээндорж гэдэг монгол лам анх жижиг сүм бариулж Манзушир бурханы чулуун дүрийг бүтээлгэснээр суурь нь тавигджээ. Улмаар 5000-6000 ламтай Монгол дахь хамгийн том хийдүүдийн нэг болтлоо өсөж Монголын зүүн нутгийн ард түмний шашин соёлын төв болтлоо хөгжсөн байна.,"The foundation was laid in 1777 when a Mongolian monk named Tsevendorj first built a small temple in the foothills of Mt. Munkh-Ulziit in the Bayanzurkh Bag area of ​​Yumnadelger soum and carved a stone statue of Manjushri. It has since grown to become one of the largest monasteries in Mongolia, with 5,000-6,000 monks, and has become the religious and cultural center of the people of eastern Mongolia.","https://www.dropbox.com/scl/fi/pbjjs628jml252byf1aj7/.jpg?rlkey=lgnc8d9j6ffy7kf9wy7h1dt8h&raw=1,https://www.dropbox.com/scl/fi/pz7yrhepe6pt3v6ur5635/1.jpg?rlkey=6a8i5alt8onzldsufr388l4iv&raw=1",발단 베레벤 수도원,バルダン ベレーベン修道院,巴尔丹贝里文修道院,Балдан Беревенский монастырь
514,1,Байгалийн үзэсгэлэнт газар,Биндэр нуур,Binder Lake,Хэнтий ,Khentii,Батширээт,Batshireet,48.37154,110.29271,Батширээт сумын төвөөс өмнө зүгт 40 км зайтай оршино.,It is located 40 km south of the center of Batsireet soum.,https://www.dropbox.com/scl/fi/xa65up4fcjhaq7jti9da5/Bindelake.jpg?rlkey=28m3hc7m6e6lwvq746dac2gkj&raw=1,바인더 호수,バインダー湖,宾德湖,Биндер-Лейк
515,2,Түүхийн дурсгалт газар,Боданчирын өвсөн эмбүүл ,Bodonchir grass hut,Хэнтий ,Khentii,Дадал,Dadal,49.05947,111.5181,Дадал сумын төвөөс баруун хойд зүгт 10 км зайтай оршино.,It is located 10 km southwest of the center of Dadal soum.,https://www.dropbox.com/scl/fi/6lniu97oaj0zpew2hb2jk/.jpg?rlkey=pg7u8u78bcnh63c3vosylfr51&raw=1,보돈치르 초가집,ボドンチル草小屋,博东奇尔草屋,Травяная хижина Бодончира
516,1,Байгалийн үзэсгэлэнт газар,Босгон нуур,Bosgon Lake,Хэнтий ,Khentii,Дархан,Darkhan,46.75771,109.53998,Дархан сумын төвөөс зүүнхойд зүгт 18 км зайтай оршино,It is located 18 km northeast of the center of Darkhan soum.,https://www.dropbox.com/scl/fi/wfyju5ypdpukluja17iia/.jpg?rlkey=vo4lhxfjqoo9d6hpivzvltkmc&raw=1,보스곤 호수,ボスゴン湖,博斯贡湖,Озеро Босгон
517,1,Байгалийн үзэсгэлэнт газар,Бурхан халдун уул (2362м),Burkhan Khaldun Mountain (2362m),Хэнтий ,Khentii,Өмнөдэлгэр,Umnudelger,48.76202,109.01025,"Бурхан халдун уул нь ар өврөөрөө битүү модоор хучигдсан, зөвхөн орой хавьдаа сийрэг модтой, тайгын тачир ургамалтай уул юм. Бурхан халдун ууланд дээд, дунд, доод хэмээх гурван овоо байдаг. ","Burkhan Khaldun Mountain is a mountain covered with dense trees on its back, with only sparse trees near the top, and with taiga vegetation. Burkhan Khaldun Mountain has three peaks: upper, middle, and lower.",https://www.dropbox.com/scl/fi/wp2by0zpsuizz3wj1952d/burhan-halduun.jpg?rlkey=yv29wsozgcbft32pn8qyqhehu&raw=1,부르칸 칼둔 산,ブルカン・ハルドゥン山,不儿罕合勒敦山,Гора Бурхан Халдун
518,2,Түүхийн дурсгалт газар,Бэрхийн уурхайн музей,Berkh Mining Museum,Хэнтий ,Khentii,Батноров,Batnorov,47.77544,111.17105,"""Монголын далд уурхайн музей, сургалт судалгаа, аялал жуулчлалын төв”","""Mongolian Underground Mining Museum, Training, Research and Tourism Center""",https://www.dropbox.com/scl/fi/dl455ho81vjemy1zb6tq2/.jpg?rlkey=ievzb2azfnbqd77ptk4rdw3ja&raw=1,버크 광산 박물관,ベルク鉱山博物館,伯克矿业博物馆,Берхский горный музей
519,1,Байгалийн үзэсгэлэнт газар,Гүрэмийн нуур,Gurem Lake,Хэнтий ,Khentii,Баян-Овоо,Bayan-Ovoo,47.82799,112.15672,Баян-Овоо сумын төвөөс зүүн хойд зүгт 4.5 км зайтай оршино.,It is located 4.5 km northeast of the center of Bayan-Ovoo soum.,https://www.dropbox.com/scl/fi/fu0be3isn24fxhedft01k/.jpg?rlkey=7xshwqsob1oh5a4n4f08ptf2k&raw=1,구렘 호수,グレム湖,古雷姆湖,Озеро Гюрем
520,2,Түүхийн дурсгалт газар,Гэлэн хөшөө,Gelen Statue,Хэнтий ,Khentii,Мөрөн,Murun,47.27881,110.60156,Чингис хотоос өмнө зүгт 4.5 км зайтай оршино.,It is located 4.5 km south of Chinggis City.,https://www.dropbox.com/scl/fi/vbvw2lryoqqgrmt19jgh6/.jpg?rlkey=3720z1cy5qn998quh0uyx8847&raw=1,겔렌 동상,ゲーレン像,盖伦雕像,Статуя Гелена
521,2,Түүхийн дурсгалт газар,Гэнэнпил хатны дурсгал,Genenpil Queen Memorial,Хэнтий ,Khentii,Дадал,Dadal,49.03998,111.55421,"Богд хааны бага хатан, Дадал сумын төвөөс баруун зүгт 8 км зайтай оршино.",The younger sister of Bogd Khan is located 8 km west of the center of Dadal soum.,https://www.dropbox.com/scl/fi/l1nsxskm0ait384ns2ppj/.jpg?rlkey=hdv6jjn9nu7u2uzh0ybugmjq7&raw=1,제넨필 여왕 기념관,ゲネンピル女王記念碑,格南皮尔女王纪念馆,Мемориал королевы Гененпил
522,2,Түүхийн дурсгалт газар,Дөрвөлжин булш,Durvuljin Bulsh,Хэнтий ,Khentii,Дадал,Dadal,49.0551,111.55441,Дадал сумын төвөөс баруун хойд зүгт 7.5 км зайтай оршино.,It is located 7.5 km southwest of the center of Dadal soum.,https://www.dropbox.com/scl/fi/v7g45vfv78w1osh20n5uw/.jpg?rlkey=a9ovgmzkfpx9kwgcl2l4495mc&raw=1,두르불진 불쉬,ダーヴルジン・ブルシュ,杜尔武金·布尔什,Дурвулджин Булш
523,2,Түүхийн дурсгалт газар,Дуурлиг нарсны хүннүгийн булш,Duurlig Nars Khunnu Tomb,Хэнтий ,Khentii,Баян-Адрага,Bayan-Adraga,48.53894,111.07818, Баян-Адрага сумын төвийн өмнөх нарсан ойд тархсан Хүннүгийн язгууртны булшнууд юм. Энд нийт 299 булш тоолж бүртгэснээс дийлэнх нь үүдэвч бүхий язгууртны булшнууд ажээ. Дуурлиг нарсны булшнуудыг Хүннү гүрний зүүн жигүүрийн ихэс язгууртны оршуулга хэмээн таамагладаг.,"The tombs of the Huns are scattered in the pine forest in front of the center of Bayan-Adraga soum. A total of 299 tombs have been recorded here, most of which are tombs of nobles with a yudevch. The Duurlig pine tombs are believed to be the burial grounds of the high nobility of the left wing of the Huns.",https://www.dropbox.com/scl/fi/aiwpsl5liu2ge72bcaqok/.jpg?rlkey=98bc72ysvwfd5qa1jowvqclhi&draw=1,두를리그 나르스 쿤누 무덤,ドゥルリグ ナルス クンヌの墓,杜里格·纳尔斯·昆努墓,Гробница Дуурлиг Нарс Хунну
524,2,Түүхийн дурсгалт газар,Дэлүүн болдог ,Deluun Boldog  ,Хэнтий ,Khentii,Дадал,Dadal,49.05265,111.64317,Дадал сумын төвөөс хойд зүгт 3.5 км зайтай оршино.,It is located 2 km north of the center of Dadal soum.,https://www.dropbox.com/scl/fi/6ah4of9yao3nusblumw1h/Deluunboldog.jpg?rlkey=5fjx4p80gw9qsvs0rpeqijwzz&raw=1,델룬 볼독,デルウン・ボルドッグ,德伦·博尔多格,Делуун Болдог
525,2,Түүхийн дурсгалт газар,Зүүн Жаргалантын буган хөшөө ,Zuun Jargalant Deer Stone,Хэнтий ,Khentii,Өмнөдэлгэр,Umnudelger,48.25006,109.65006,Өмнөдөлгөр сумын төвөөс баруун хойд зүгт 51 км зайтай оршино.,It is located 51 km northwest of the center of Yundumulgar soum.,https://www.dropbox.com/scl/fi/0b2uncnki8z5xenxv5nou/.jpg?rlkey=32qafpgrn98s0pckyrb4j11q2&raw=1,주운 자르갈란트 디어 록,ズーン・ジャルガラントの鹿の石,祖恩·贾加兰特·鹿岩,Зуун Джаргалант Олений камень
526,2,Түүхийн дурсгалт газар,Монгол хатдын өргөө,Mongol Queens Palace,Хэнтий ,Khentii,Баян-Адрага,Bayan-Adraga,48.55357,111.06941, Баян-Адарга сумаас  баруун зүгт 1 км орчим зайтай газар оршино. ,It is located about 1 km west of Bayan-Adarga soum.,https://www.dropbox.com/scl/fi/rnveht896gchetstr7lcz/.jpg?rlkey=0o53kqoaym0eamnnwcu822ehz&raw=1,몽골 여왕의 궁전,モンゴル王妃の宮殿,蒙古王后宫殿,Дворец монгольских королев
527,2,Түүхийн дурсгалт газар,Монголын нууц товчооны гэрэлт хөшөө ,Statue Of Mongolian Secret History,Хэнтий ,Khentii,Дэлгэрхаан,Delgerkhaan,47.10257,109.15586,Дэлгэрхаан сумын төвөөс өмнө зүгт 9.9 км зайтай оршино.,It is located 9.9 km south of the center of Delgerhaan soum.,https://www.dropbox.com/scl/fi/la859v42lbvs9v4sn3we4/.jpg?rlkey=shx67hcklgg9k1f2dfu2n7i2m&raw=1,몽골비사의 동상,モンゴル秘史の像,蒙古秘史雕像,Статуя тайной истории Монголии
528,2,Түүхийн дурсгалт газар,Өглөгчийн хэрэм,The wall of the Uglugch,Хэнтий ,Khentii,Батширээт,Batshireet,48.40668,110.19725,Батширээт сумын төвөөс өмнө зүгт 45 км зайтай оршино.,It is located 45 km south of the center of Batshireet soum.,https://www.dropbox.com/scl/fi/pgki81iwltadu69kdjh1x/.jpg?rlkey=rgwqo5xe28g5iur0n9yqcswfv&raw=1,우글루흐의 벽,ウグルグチの壁,乌格鲁钦凯雷姆,Стена Углугча
529,1,Байгалийн үзэсгэлэнт газар,Өндөрхаан уул (1663м),Undurkhaan Uul (1663m),Хэнтий ,Khentii,Мөрөн,Murun,47.5019,110.44073,"Өндөрхаан уулыг эртнээс нааш тайж тахиж ирсэн түүхтэй. Өндөрхаан хотоос хойш 28 километрт, далайн төвшнөөс дээш 2664 метр өндөрт оршдог. Өндөрхаан уулыг Бурхан Халдун уулын дүү уул хэмээн домоглох нь бий.","Undurkhaan Mountain has a long history of being worshipped. It is located 28 kilometers north of Undurkhaan City and 2,664 meters above sea level. There is a legend that Undurkhaan Mountain is the younger mountain of Burkhan Khaldun Mountain.",https://www.dropbox.com/scl/fi/ibhb63y0ojnjzr2p4o0rk/.JPG?rlkey=k4p4rgg91pn26yzii5lbcbpti&raw=1,운두르칸 울,ウンドゥルハーン・ウル,温都尔汗乌尔,Ундурхан Уул
530,2,Түүхийн дурсгалт газар,Рашаан хад,Rashaan Khad,Хэнтий ,Khentii,Батширээт,Batshireet,48.37952,110.29882, Биндэр уулын зүүн урд хормойн цохио бүхий үзүүрт оршдог. Рашаан хад нь чулуун зэвсгийн үеэс эхлээд 16-р зууны үе хүртэлх он цаг үед хамаарах Монголын дорнод хэсгийн түүх соёлын баялаг дурсгалтай цогцолбор хэмээн археологичид онцолдог. ,"Located on the southeastern tip of Binder Mountain, Rashaan Khad is considered by archaeologists to be a rich historical and cultural complex of eastern Mongolia, dating from the Stone Age to the 16th century.",https://www.dropbox.com/scl/fi/cebm49mi2i4eafdqol713/.jpg?rlkey=34c2yo355p71d4n4fiq2gtjss&raw=1,라샨 카드,ラシャーン・カド,拉沙安·卡德,Рашаан Хад
531,1,Байгалийн үзэсгэлэнт газар,Хажуу булаг рашаан,Khajuu Bulag Mineral Water,Хэнтий ,Khentii,Дадал,Dadal,49.04612,111.61442,"Дадал сумын төвийн зүүн хойно, Дэлүүн болдог толгойн баруун урд Баян-Овоо уулын зүүн суганаас урсах онцгой цэнгэг, карбонат натри, магнийн найрлагатай, рашаан төст булаг. Энэхүү Хажуу булгийн усаар Тэмүжинг мэндлээд гурав хоносны дараа биеийг нь угаасан, ундаалж өссөн хэмээх домогтой. Өнөө цагт ялангуяа ходоодны хүчил багатай хүмүүс энэ булгийн усыг ууж, хоол цайндаа хэрэглэхэд нэн тохиромжтой ажээ","A spring with exceptionally fresh, carbonated sodium and magnesium, flowing from the left flank of Bayan-Ovoo Mountain, northeast of the center of Dadal soum and southwest of Deluun Kuldag Tolgoi. Legend has it that Temujin washed his body with the water of this spring three days after his birth and grew up drinking it. Nowadays, people with low stomach acid, especially those who have low stomach acid, drink this spring water and use it in their meals.",https://www.dropbox.com/scl/fi/mf4cpkz6pwlb8iy3nevww/.jpg?rlkey=xfsbdl1mrx9jrndzjibziif0h&raw=1,카주 불락 미네랄 워터,カジュウ ブラグ ミネラルウォーター,卡朱布拉格水疗中心,Минеральная вода Хаджуу Булаг
532,1,Байгалийн үзэсгэлэнт газар,Хангал нуур,Khangal Lake,Хэнтий ,Khentii,Өмнөдэлгэр,Umnudelger,48.13237,109.38842,Өмнөдөлгөр сумын төвөөс баруун хойд зүгт 57 км зайтай оршино.,It is located 57 km northwest of the center of Yundumulgar soum.,https://www.dropbox.com/scl/fi/mnbqmvck8hyxkn8sfbngg/.jpg?rlkey=y9mqnbv6s17uy5vpci8zgsbpl&raw=1,칸갈 호수,カンガル湖,坎加尔湖,Озеро Хангал
533,1,Байгалийн үзэсгэлэнт газар,Хар зүрхний хөх нуур,Khar Zurkhnii Khukh Lake,Хэнтий ,Khentii,Цэнхэрмандал,Tsenkhermandal,48.02074,108.94816,Цэнхэрмандал  сумын төвөөс баруун хойд зүгт 42 км зайтай оршино.,It is located 42 km northwest of the center of Tsenkhermandal soum.,https://www.dropbox.com/scl/fi/01l7qozzboy79sggp7vhl/.jpg?rlkey=ktbb2lv04apdgalu4r02j26cl&raw=1,카르 주르크니 쿠크 호수,カール・ズルクニ・クク湖,哈尔祖尔赫尼库赫湖,Озеро Хар Зурхный Хух
534,2,Түүхийн дурсгалт газар,Хөхүүрийн тал,Khukhuuriin Tal,Хэнтий ,Khentii,Батноров,Batnorov,47.85707,111.53235,Батноров сумын төвөөс зүүн өмнө зүгт 10 км зайтай оршино.,It is located 10 km southeast of the center of Batnorov soum.,https://www.dropbox.com/scl/fi/xb1q2gd5ukg1d5q87c941/.jpg?rlkey=48i2lgzyn4hufh09gev8ub6hu&raw=1,쿠후린 탈,クフリン・タル,库胡里林塔尔,Хухуурин Тал
535,2,Түүхийн дурсгалт газар,Хүслийн мод,Wishing tree,Хэнтий ,Khentii,Баян-Адрага,Bayan-Adraga,48.54228,111.05383,Баян-Адарга сумын төвөөс баруун өмнө зүгт 2.5 км зайтай оршино.,It is located 2.5 km southwest of the center of Bayan-Adarga soum.,https://www.dropbox.com/scl/fi/gsfkvjjw1mz1uku7ed61s/.jpg?rlkey=lekkyk94dm7i2owzz2fdqs61z&raw=1,소원 나무,願いの木,许愿树,Дерево желаний
536,1,Байгалийн үзэсгэлэнт газар,Хэрлэн бургас,Kherlen Burgas,Хэнтий ,Khentii,Цэнхэрмандал,Tsenkhermandal,48.02502,108.53733,Төв аймгийн Мөнгөнморьт  сумын төвөөс өмнө зүгт 21 км зайтай оршино,"It is located 21 km south of the center of Mungunmort soum, Tuv aimag.",,케를렌 부르가스,ヘルレン・ブルガス,克鲁伦·布尔加斯,Херлен Бургас
537,1,Байгалийн үзэсгэлэнт газар,Хэрлэнгийн хөдөө арал,Kherlengiin Khuduu Aral,Хэнтий ,Khentii,Дэлгэрхаан,Delgerkhaan,47.10401,109.15782,"Хэрлэнбаян улаан уулнаас урагш Хэрлэн тооно уулаас баруун тийш Хэрлэнгийн тохойд далайн төвшнөөс дээш 1300 метр өндөрт орших 30 гаруй километр урт, 20 гаруй километр өргөн тал байдгийг Хөдөө арал гэж нэрлэдэг. Хөдөө арал бол Их хуралдай хуралдаж Өгөөдэй, Мөнх, Есөнтөмөр хааныг хаан ширээнд өргөмжилж байсан түүхт газар юм. ","Khudeu Aral is a plain more than 30 kilometers long and more than 20 kilometers wide, located at an altitude of 1,300 meters above sea level, south of Kherlenbayan Ulaan Mountain and west of Kherlen Toon Mountain. Khudeu Aral is the historical site where the Great Khuraldai convened and crowned Ögedei, Mönghe, and Yesentumur Khans.",https://www.dropbox.com/scl/fi/gkj0pwil19gbajdtsku0e/.jpg?rlkey=hurcz4pjvqf478x26ns6enqcy&raw=1,케를렌긴 쿠두 아랄,ヘルレンギン・クドゥ・アラル,凯尔伦吉因库杜阿拉尔,Херленгин Худуу Арал
538,1,Байгалийн үзэсгэлэнт газар,Цагаан нуур (Хэнтий),Tsagaan Lake (Khentii),Хэнтий ,Khentii,Биндэр,Binder,48.59309,110.6158,Биндэр сумын төвөөс өмнө зүгт 2.2 км зайтай оршино.,It is located 2.2 km south of the center of Binder soum.,https://www.dropbox.com/scl/fi/5h08u0qj08o0exrq3kasx/.jpg?rlkey=v8fr360k9j4ieu8i48faluogy&raw=1,차가안 호수,ツァガーン湖,查干湖,Озеро Цагаан
539,1,Байгалийн үзэсгэлэнт газар,Цайдам нуур Хэнтий,Lake Tsaidam Khentii,Хэнтий ,Khentii,Дархан,Darkhan,46.75251,109.38214,Дархан сумын төвөөс хойд зүгт 13 км зайтай оршино,It is located 13 km north of the center of Darkhan soum.,https://www.dropbox.com/scl/fi/pz726ds1j9is45manzuom/.jpg?rlkey=gjxpjall2inbm33eru5ktvxoa&raw=1,차이담 호수,ツァイダム湖,柴达木湖,Озеро Цайдам
540,1,Байгалийн үзэсгэлэнт газар,Цэгээн нуур,Lake Tsegeen,Хэнтий ,Khentii,Батширээт,Batshireet,48.21028,110.38539,Батширээт сумын төвөөс зүүн өмнө зүгт 66 км зайтай оршино.,It is located 66 km southeast of the center of Batshireet soum.,https://www.dropbox.com/scl/fi/gbs11e14u82mtwqybu8gz/.jpg?rlkey=7tphmibg4mb0g9gi8myhw3qds&raw=1,체긴 호수,ツェギーン湖,策根湖,Озеро Цеген
541,2,Түүхийн дурсгалт газар,Чингисийн гэрэлт хөшөө,Chinggis Khaan Statue,Хэнтий ,Khentii,Дадал,Dadal,49.03346,111.6547,"Хэнтий аймгийн Дадал сумын Ононы Дэлүүн болдогийн орчим Гурван нуурын амралтын төвд 1962 оны тавдугаар сард босгосон энэ хөшөө хоёр метр гүн суурьтай, 12 метр өндөр ажээ. Цавчим хад мэт хананд Чингис хааныхаа дүрийг зурж “Алтан бие минь алжааваас алжаатугай, аху төр минь бүү алжаатугай” хэмээх алдарт гэрээсийг нь монгол бичгээр бичжээ. Мөн түүний мандуулсан төрийн их цагаан тугийг дүрсэлсэн байна. ","This statue, erected in May 1962 at the Gurvan Nuur Recreation Center near Onon Deluun Kuldzhiyin, Dadal soum, Khentii aimag, has a two-meter-deep base and is 12 meters high. On the rock-like wall of the Tsavchim, the image of Genghis Khan is depicted, with his famous words “May my golden body not fade, may my great state not fade” written in Mongolian script. It also depicts the great white flag of the state that he raised.",https://www.dropbox.com/scl/fi/zujrjvr4hx3c49mdi28gk/.JPG?rlkey=02zx19odgyzb91fnwrh5w63ys&raw=1,칭기스칸 동상,チンギス・ハーン像,成吉思汗雕像,Статуя Чингисхана
542,2,Түүхийн дурсгалт газар,Их хуралдай гэр хөшөө,Yurt Statue Ikh Khuraldai,Хэнтий ,Khentii,Биндэр,Binder,48.60066,110.61103,Биндэр сумын төвөөс өмнө зүгт 1.8 км зайтай оршино.,It is located 1.8 km south of the center of Binder soum.,https://www.dropbox.com/scl/fi/rk6evki4eemr23fb4fk53/.jpg?rlkey=kvt0iomjhpd6vsk1u3f2d51x2&raw=1,유르트 조각상 이크 쿠랄다이,ユルト像イフ・クラルダイ,伊赫·库拉尔代的蒙古包雕像,Статуя юрты Их Хуралдай
543,2,Түүхийн дурсгалт газар,Дэлүүн болдог Биндэр ,Delun boldog Binder,Хэнтий ,Khentii,Биндэр,Binder,48.58727,110.63824,Биндэр сумын төвөөс зүүн өмнө зүгт 4 км зайтай оршино.,It is located 4 km southeast of the center of Binder soum.,https://www.dropbox.com/scl/fi/3we83dhjytx23eokjelqa/.jpg?rlkey=k485wich9nu6yy8ux9x8t3clz&raw=1,델룬 볼도그 바인더,デルン・ボルドッグ・バインダー,德伦·博尔多格·宾德,Дэлун болдог Биндэр
544,1,Байгалийн үзэсгэлэнт газар,Яргуйн хавцал,Yarguyin Canyon,Хэнтий ,Khentii,Биндэр,Binder,48.66589,110.53233,Биндэр сумын төвөөс баруун хойд зүгт 8 км зайтай оршино.,It is located 8 km northwest of the center of Binder soum.,https://www.dropbox.com/scl/fi/945j6cy5gksfefgow88lg/.jpg?rlkey=quxys5c47pt7shpgibhbl0aq7&raw=1,야르구인 협곡,ヤルグイン渓谷,亚尔古因峡谷,Каньон Яргуин
545,1,Байгалийн үзэсгэлэнт газар,Хэрлэн гол,Kherlen River,Хэнтий ,Khentii,Баянхутаг,"Umnudelger, Tsenkhermandal, Delgerkhaan, Bayanmunkh, Murun, Bayan-Ovoo, Bayankhutag ",47.15119,110.33059,"Голын урт нь 1254 км, үүнээс Монгол Улсын Төв, Хэнтий, Дорнод аймгийн нутгийг дамжин 1090 км урсаж улсын хилээс гадагш гарч БНХАУ-ын Өвөр Монгол дахь Хөлөн нуур буюу Далай нуур руу цутгадаг байна.","The river is 1,254 km long, of which 1,090 km flows through the territories of the Tuv, Khentii, and Dornod provinces of Mongolia, before flowing out of the country and flowing into Lake Hulon or Dalai Lake in Inner Mongolia, China.",https://www.dropbox.com/scl/fi/x8irlt22wylenvcskmdbj/.jpg?rlkey=y4tn43d0zr7jwy5w18sbt4jsh&raw=1,케를렌 강,ケルレン川,克伦河,Река Херлен
546,1,Байгалийн үзэсгэлэнт газар,Аураг рашаан,Aurag Mineral Water,Хэнтий ,Khentii,Дэлгэрхаан,Delgerkhaan,47.09439,109.16848,Ауруг ордын туурийн зүүн талд Аварга голын зүүн эрэгт оршино.,"It is located on the east bank of the Avarga River, to the east of the Aurug Ord.",https://www.dropbox.com/scl/fi/t3qc6gdi58jzvwneos21e/.jpg?rlkey=tplecvedw93pbe89fcdz0q2gg&raw=1,아우라 스파,オーラ・スパ,奥鲁格矿泉水,Минеральная вода Аураг
